Brand,Category,Colour,Main Image,Product Link,Product Name,Current Price,,,,,,,,,,,
Live Unlimited,Dresses,Gray,https://liveunlimitedlondon.com/cdn/shop/files/LU6151-H.jpg?v=1733158034&width=750,https://liveunlimitedlondon.com/products/petite-grey-snake-print-shift-dress,Petite Grey Snake Print Shift Dress,£65,,,,,,,,,,,petite grey snake print shift dress
Live Unlimited,Trousers,Black,https://liveunlimitedlondon.com/cdn/shop/files/LU6198-H2.jpg?v=1733158248&width=750,https://liveunlimitedlondon.com/products/petite-black-cupro-jersey-trouser,Petite Black Cupro Jersey Trouser,£69,,,,,,,,,,,petite black cupro jersey trouser
Live Unlimited,Cardigans,Gray,https://liveunlimitedlondon.com/cdn/shop/files/LU6190-H2.jpg?v=1733157712&width=750,https://liveunlimitedlondon.com/products/petite-grey-jersey-longline-waterfall-cardigan,Petite Grey Jersey Longline Waterfall Cardigan,£59,,,,,,,,,,,petite grey jersey longline waterfall cardigan
Live Unlimited,Dresses,Gray,https://liveunlimitedlondon.com/cdn/shop/files/LU6150-H2.jpg?v=1732790613&width=750,https://liveunlimitedlondon.com/products/petite-grey-snake-print-jersey-nehru-collar-tunic,Petite Grey Snake Print Jersey Nehru Collar Tunic,£55,,,,,,,,,,,petite grey snake print jersey nehru collar tunic
Live Unlimited,Cardigans,Black,https://liveunlimitedlondon.com/cdn/shop/files/LU6188-H2.jpg?v=1733157460&width=750,https://liveunlimitedlondon.com/products/petite-black-jersey-longline-waterfall-cardigan,Petite Black Jersey Longline Waterfall Cardigan,£59,,,,,,,,,,,petite black jersey longline waterfall cardigan
Live Unlimited,Tops,Black,https://liveunlimitedlondon.com/cdn/shop/files/LU6100-H.jpg?v=1730821471&width=750,https://liveunlimitedlondon.com/products/petite-black-floral-tie-front-blouse,Petite Black Floral Tie Front Blouse,£69,,,,,,,,,,,petite black floral tie front blouse
Live Unlimited,Trousers,Black,https://liveunlimitedlondon.com/cdn/shop/files/LU5873-H.jpg?v=1723810166&width=750,https://liveunlimitedlondon.com/products/petite-black-button-detail-wide-leg-trouser,Petite Black Button Detail Wide Leg Trouser,£79,,,,,,,,,,,petite black button detail wide leg trouser
Live Unlimited,Dresses,Black,https://liveunlimitedlondon.com/cdn/shop/files/LU6112-H2.jpg?v=1730821961&width=750,https://liveunlimitedlondon.com/products/petite-black-floral-tie-front-midi-dress,Petite Black Floral Tie Front Midi Dress,£99,,,,,,,,,,,petite black floral tie front midi dress
Live Unlimited,Dresses,Black,https://liveunlimitedlondon.com/cdn/shop/files/LU6148-H.jpg?v=1729776523&width=750,https://liveunlimitedlondon.com/products/petite-black-heart-print-gathered-v-neck-tunic,Petite Black Heart Print Gathered V-Neck Tunic,£55,,,,,,,,,,,petite black heart print gathered v-neck tunic
Live Unlimited,Dresses,Black,https://liveunlimitedlondon.com/cdn/shop/files/LU6113-H_8407b531-7b5c-470b-a527-faeecdb7d095.jpg?v=1730908182&width=750,https://liveunlimitedlondon.com/products/petite-black-heart-print-gathered-v-neck-jersey-dress,Petite Black Heart Print Gathered V-Neck Jersey Dress,£65,,,,,,,,,,,petite black heart print gathered v-neck jersey dress
Live Unlimited,Dresses,Red,https://liveunlimitedlondon.com/cdn/shop/files/LU6072-H.jpg?v=1728385807&width=750,https://liveunlimitedlondon.com/products/petite-red-floral-print-open-collared-tunic,Petite Red Floral Print Open Collared Tunic,£49,,,,,,,,,,,petite red floral print open collared tunic
Live Unlimited,Leggings & Jeggings,Black,https://liveunlimitedlondon.com/cdn/shop/files/LU5970-H.jpg?v=1723728902&width=750,https://liveunlimitedlondon.com/products/petite-black-faux-leather-legging,Petite Black Faux Leather Legging,£37.99,,,,,,,,,,,petite black faux leather legging
Live Unlimited,Dresses,Red,https://liveunlimitedlondon.com/cdn/shop/files/LU6070-L2.jpg?v=1727799147&width=750,https://liveunlimitedlondon.com/products/petite-red-floral-print-jersey-v-neck-midi-dress,Petite Red Floral Print Jersey V-Neck Midi Dress,£65,,,,,,,,,,,petite red floral print jersey v-neck midi dress
Live Unlimited,Tops,Black,https://liveunlimitedlondon.com/cdn/shop/files/LU5944-H.jpg?v=1723730101&width=750,https://liveunlimitedlondon.com/products/petite-black-jersey-hanky-hem-shirt,Petite Black Jersey Hanky Hem Shirt,£45,,,,,,,,,,,petite black jersey hanky hem shirt
Live Unlimited,Dresses,Black,https://liveunlimitedlondon.com/cdn/shop/files/LU6017_056.jpg?v=1726827733&width=750,https://liveunlimitedlondon.com/products/petite-black-lace-detail-long-sleeve-dress,Petite Black Lace Detail Long Sleeve Dress,£89,,,,,,,,,,,petite black lace detail long sleeve dress
Live Unlimited,Dresses,Red,https://liveunlimitedlondon.com/cdn/shop/files/LU6162-L_6f28dacc-6593-45f2-8e2b-da959e98ae39.jpg?v=1729867965&width=750,https://liveunlimitedlondon.com/products/petite-red-floral-ruffle-shoulder-maxi-dress,Petite Red Floral Ruffle Shoulder Maxi Dress,£129,,,,,,,,,,,petite red floral ruffle shoulder maxi dress
Live Unlimited,Tops,Black,https://liveunlimitedlondon.com/cdn/shop/files/LU6035-H.jpg?v=1727176684&width=750,https://liveunlimitedlondon.com/products/petite-black-jersey-asymmetric-chiffon-hem-top,Petite Black Jersey Asymmetric Chiffon Hem Top,£59,,,,,,,,,,,petite black jersey asymmetric chiffon hem top
Live Unlimited,Dresses,Green,https://liveunlimitedlondon.com/cdn/shop/files/LU5739-L2.jpg?v=1726218572&width=750,https://liveunlimitedlondon.com/products/petite-green-leopard-jersey-nehru-collar-midi-dress,Petite Green Leopard Jersey Nehru Collar Midi Dress,£59,,,,,,,,,,,petite green leopard jersey nehru collar midi dress
Live Unlimited,Dresses,"Gray, Black",https://liveunlimitedlondon.com/cdn/shop/files/LU5936_055_719e46d2-da24-4249-aa4f-68b4ce0e44ae.jpg?v=1726676608&width=750,https://liveunlimitedlondon.com/products/petite-zebra-wrap-dress-with-blousen-sleeves,Petite Zebra Wrap Dress With Blouson Sleeves,£59,,,,,,,,,,,petite zebra wrap dress with blouson sleeves
Live Unlimited,Tops,Black,https://liveunlimitedlondon.com/cdn/shop/files/LU6013-H3.jpg?v=1726064577&width=750,https://liveunlimitedlondon.com/products/petite-black-lace-detail-long-sleeve-top,Petite Black Lace Detail Long Sleeve Top,£69,,,,,,,,,,,petite black lace detail long sleeve top
Live Unlimited,Dresses,"Gray, Black",https://liveunlimitedlondon.com/cdn/shop/files/LU5948-H2.jpg?v=1723122999&width=750,https://liveunlimitedlondon.com/products/petite-zebra-tunic-with-keyhole-neck,Petite Zebra Tunic With Keyhole Neck,£49,,,,,,,,,,,petite zebra tunic with keyhole neck
Live Unlimited,Dresses,Black,https://liveunlimitedlondon.com/cdn/shop/files/LU5956-H.jpg?v=1722940485&width=750,https://liveunlimitedlondon.com/products/petite-black-button-through-belted-shirt-dress,Petite Black Button Through Belted Shirt Dress,£85,,,,,,,,,,,petite black button through belted shirt dress
Live Unlimited,Tops,Black,https://liveunlimitedlondon.com/cdn/shop/files/LU5927-H_d37569df-130d-4159-aca2-561bedd48d87.jpg?v=1725006304&width=750,https://liveunlimitedlondon.com/products/petite-black-layered-flared-sleeve-top,Petite Black Layered Flared Sleeve Top,£59,,,,,,,,,,,petite black layered flared sleeve top
Live Unlimited,Leggings & Jeggings,Gray,https://liveunlimitedlondon.com/cdn/shop/files/LU5972-H.jpg?v=1726061920&width=750,https://liveunlimitedlondon.com/products/petite-grey-jegging,Petite Grey Jegging,£59,,,,,,,,,,,petite grey jegging
Live Unlimited,Dresses,Green,https://liveunlimitedlondon.com/cdn/shop/files/LU5735-H3_1.jpg?v=1725456417&width=750,https://liveunlimitedlondon.com/products/petite-green-leopard-jersey-pleat-front-tunic,Petite Green Leopard Jersey Pleat Front Tunic,£49,,,,,,,,,,,petite green leopard jersey pleat front tunic
Live Unlimited,Dresses,Brown,https://liveunlimitedlondon.com/cdn/shop/files/LU5938-H.jpg?v=1723124569&width=750,https://liveunlimitedlondon.com/products/petite-bright-leopard-wrap-dress-with-blouson-sleeves,Petite Bright Leopard Wrap Dress With Blouson Sleeves,£59,,,,,,,,,,,petite bright leopard wrap dress with blouson sleeves
Live Unlimited,Tops,Pink,https://liveunlimitedlondon.com/cdn/shop/files/LU5946-H.jpg?v=1723045337&width=750,https://liveunlimitedlondon.com/products/petite-pink-leopard-print-jersey-hanky-hem-shirt,Petite Pink Leopard Print Jersey Hanky Hem Shirt,£49,,,,,,,,,,,petite pink leopard print jersey hanky hem shirt
Live Unlimited,Trousers,Black,https://liveunlimitedlondon.com/cdn/shop/files/LU5755-H.jpg?v=1723810690&width=750,https://liveunlimitedlondon.com/products/petite-black-jersey-seam-detail-trouser,Petite Black Jersey Seam Detail Trouser,£59,,,,,,,,,,,petite black jersey seam detail trouser
Live Unlimited,Dresses,Blue,https://liveunlimitedlondon.com/cdn/shop/files/LU5751-L1.jpg?v=1722956510&width=750,https://liveunlimitedlondon.com/products/petite-multi-abstract-print-tiered-midaxi-dress,Petite Multi Abstract Print Tiered Midaxi Dress,£99,,,,,,,,,,,petite multi abstract print tiered midaxi dress
Live Unlimited,Trousers,Gray,https://liveunlimitedlondon.com/cdn/shop/files/LU5825-H_d2f6efde-df88-401c-8d9b-80069a21c563.jpg?v=1719913633&width=750,https://liveunlimitedlondon.com/products/petite-charcoal-relaxed-tapered-trouser,Petite Charcoal Relaxed Tapered Trouser,£59,,,,,,,,,,,petite charcoal relaxed tapered trouser
Live Unlimited,Jeans,Blue,https://liveunlimitedlondon.com/cdn/shop/files/LU5260-H.jpg?v=1708439375&width=750,https://liveunlimitedlondon.com/products/petite-dark-indigo-bootcut-comfort-jeans,Petite Dark Indigo Bootcut Comfort Jeans,£79,,,,,,,,,,,petite dark indigo bootcut comfort jeans
Live Unlimited,Leggings & Jeggings,Black,https://liveunlimitedlondon.com/cdn/shop/files/LU5318-H.jpg?v=1707822624&width=750,https://liveunlimitedlondon.com/products/petite-black-jersey-leggings,Petite Black Jersey Leggings,£29,,,,,,,,,,,petite black jersey leggings
Live Unlimited,Leggings & Jeggings,Black,https://liveunlimitedlondon.com/cdn/shop/files/LU5167-H.jpg?v=1705660867&width=750,https://liveunlimitedlondon.com/products/petite-black-denim-jeggings,Petite Black Denim Jeggings,£59,,,,,,,,,,,petite black denim jeggings
Live Unlimited,Leggings & Jeggings,Blue,https://liveunlimitedlondon.com/cdn/shop/files/LU5165-H.jpg?v=1703867203&width=750,https://liveunlimitedlondon.com/products/petite-navy-denim-jeggings,Petite Navy Denim Jeggings,£59,,,,,,,,,,,petite navy denim jeggings
Live Unlimited,Dresses,Black,https://liveunlimitedlondon.com/cdn/shop/files/LU6314-H.jpg?v=1733235628&width=750,https://liveunlimitedlondon.com/products/petite-black-pleated-wrap-with-blouson-sleeves-dress,Petite Black Pleated Wrap With Blouson Sleeves Dress,£59,,,,,,,,,,,petite black pleated wrap with blouson sleeves dress
,,,,,,,,,,,,,,,,,
,,,,,,,,,,,,,,,,,
