Position,Category,Brand,Colour,Main Image,Product Name,Product Link,Current Price,Original Price,Discount
1,Leggings & Jeggings,Lovall,Black,https://cdn.shopify.com/s/files/1/0014/0306/0312/files/W_BLACK_WINTERLEGGINGS_S8_AW23_4_1_710x.jpg?v=1706794992,WINTER EVERYDAY HIGH WAISTED LEGGINGS,https://lovall.com/products/winter-everyday-high-waisted-leggings-black,£27,£30,10% OFF
2,Leggings & Jeggings,Lovall,Black,https://cdn.shopify.com/s/files/1/0014/0306/0312/files/EVERYDAY_BLACK_241022_57493_710x.jpg?v=1730735272,EVERYDAY HIGH WAISTED LEGGINGS,https://lovall.com/products/everyday-high-waisted-leggings-black,£23.40,£26,10% OFF
3,Leggings & Jeggings,Lovall,Black,https://cdn.shopify.com/s/files/1/0014/0306/0312/files/Look_1_45236_710x.jpg?v=1727095365,WINTER FLARE LEGGINGS,https://lovall.com/products/winter-flare-leggings-black,£29.70,£33,10% OFF
4,Leggings & Jeggings,Lovall,Brown,https://cdn.shopify.com/s/files/1/0014/0306/0312/files/W_BLACK_WINTERLEGGINGS_S8_AW23_4_710x.jpg?v=1706795638,WINTER EVERYDAY HIGH WAISTED LEGGINGS,https://lovall.com/products/winter-everyday-high-waisted-leggings-espresso-brown,£27,£30,10% OFF
5,Leggings & Jeggings,Lovall,Burgundy,https://cdn.shopify.com/s/files/1/0014/0306/0312/files/W_BURGUNDY_WINTERLEGGINGS_S8_AW23_6_710x.jpg?v=1706795198,WINTER EVERYDAY HIGH WAISTED LEGGINGS,https://lovall.com/products/winter-everyday-high-waisted-leggings-burgundy,£27,£30,10% OFF
6,Leggings & Jeggings,Lovall,Brown,https://cdn.shopify.com/s/files/1/0014/0306/0312/files/Look_27_10286_710x.jpg?v=1727184803,WINTER EVERYDAY HIGH WAISTED LEGGINGS,https://lovall.com/products/winter-everyday-high-waisted-leggings-black-coffee,£27,£30,10% OFF
7,Leggings & Jeggings,Lovall,Black,https://cdn.shopify.com/s/files/1/0014/0306/0312/files/EXTREME_FLEECE_BLACK_MARG_4382_710x.jpg?v=1698851187,EXTREME FLEECE LINED LEGGINGS,https://lovall.com/products/extreme-fleece-lined-leggings-black,£32.40,£36,10% OFF
8,Trousers,Lovall,Black,https://cdn.shopify.com/s/files/1/0014/0306/0312/files/082_LEATHER_TROUSERS_BLACK_S8_007_710x.jpg?v=1683022606,LEATHER LOOK TROUSERS,https://lovall.com/products/leather-look-trousers-black,£7.50,£30,75% OFF
9,Leggings & Jeggings,Lovall,Black,https://cdn.shopify.com/s/files/1/0014/0306/0312/products/W_Black_EnergiseFullLengthSportsLeggings_1_710x.jpg?v=1654874313,ENERGISE HIGH WAISTED GYM LEGGINGS,https://lovall.com/products/energise-high-waisted-gym-leggings-midnight-black,£21.60,£36,40% OFF
10,Leggings & Jeggings,Lovall,Black,https://cdn.shopify.com/s/files/1/0014/0306/0312/files/LOOK_1_030138_710x.jpg?v=1712581124,LIGHTWEIGHT EVERYDAY HIGH WAISTED LEGGINGS,https://lovall.com/products/lightweight-everyday-high-waisted-leggings-black,£25.20,£28,10% OFF
11,Leggings & Jeggings,Lovall,Green,https://cdn.shopify.com/s/files/1/0014/0306/0312/files/WINTER_KHAKI_GRACE_2700_85a4bce4-1630-4758-aba3-d6cb48969822_710x.jpg?v=1730129748,WINTER EVERYDAY HIGH WAISTED LEGGINGS,https://lovall.com/products/winter-everyday-high-waisted-leggings-deep-olive,£27,£30,10% OFF
12,Leggings & Jeggings,Lovall,Blue,https://cdn.shopify.com/s/files/1/0014/0306/0312/files/WINTER_NAVY_GRACE_4775_710x.jpg?v=1706795746,WINTER EVERYDAY HIGH WAISTED LEGGINGS,https://lovall.com/products/winter-everyday-high-waisted-leggings-navy,£27,£30,10% OFF
13,Jeans,Lovall,Blue,https://cdn.shopify.com/s/files/1/0014/0306/0312/files/03_LIFT_AND_SHAPE_JEAN_DARKBLUE_141_710x.jpg?v=1687339208,LIFT & SHAPE JEANS,https://lovall.com/products/lift-shape-jeans-dark-blue,£38.25,£45,15% OFF
14,Leggings & Jeggings,Lovall,Blue,https://cdn.shopify.com/s/files/1/0014/0306/0312/files/W_VINTAGENAVY_WINTERLEGGINGS_S8_AW23_4_1_710x.jpg?v=1696940224,WINTER EVERYDAY HIGH WAISTED LEGGINGS,https://lovall.com/products/winter-everyday-high-waisted-leggings-vintage-navy,£27,£30,10% OFF
15,Nightwear & Loungewear,Lovall,Red,https://cdn.shopify.com/s/files/1/0014/0306/0312/files/EVERYDAY_LUX_LOUNGE_BURGUNDY_241022_39484_710x.jpg?v=1730800130,LUXE LOUNGE JOGGER,https://lovall.com/products/luxe-lounge-jogger-dark-cherry,£26.25,£35,25% OFF
16,Jeans,Lovall,Black,https://cdn.shopify.com/s/files/1/0014/0306/0312/files/034_LIFT_AND_SHAPE_BLACK_020_710x.jpg?v=1686045991,LIFT & SHAPE JEANS,https://lovall.com/products/lift-shape-jeans-black,£38.25,£45,15% OFF
17,Leggings & Jeggings,Lovall,Gray,https://cdn.shopify.com/s/files/1/0014/0306/0312/files/WINTER_DARK_GREY_MARG_3934_710x.jpg?v=1706795330,WINTER EVERYDAY HIGH WAISTED LEGGINGS,https://lovall.com/products/winter-everyday-high-waisted-leggings-dark-grey,£27,£30,10% OFF
18,Leggings & Jeggings,Lovall,Green,https://cdn.shopify.com/s/files/1/0014/0306/0312/files/WINTER_FOREST_MARG_3293_710x.jpg?v=1696323931,WINTER EVERYDAY HIGH WAISTED LEGGINGS,https://lovall.com/products/winter-everyday-high-waisted-leggings-deep-forest,£27,£30,10% OFF
19,Leggings & Jeggings,Lovall,Blue,https://cdn.shopify.com/s/files/1/0014/0306/0312/files/EVERYDAY_NAVY_241022_37618_710x.jpg?v=1730806886,EVERYDAY HIGH WAISTED LEGGINGS,https://lovall.com/products/everyday-high-waisted-leggings-navy-blue,£23.40,£26,10% OFF
20,Leggings & Jeggings,Lovall,Blue,https://cdn.shopify.com/s/files/1/0014/0306/0312/files/Look_14_8410_710x.jpg?v=1727172023,WINTER FLARE LEGGINGS,https://lovall.com/products/winter-flare-leggings-vintage-navy,£29.70,£33,10% OFF
21,Leggings & Jeggings,Lovall,Gray,https://cdn.shopify.com/s/files/1/0014/0306/0312/files/WINTER_STONE_GRACE_3149_710x.jpg?v=1706795814,WINTER EVERYDAY HIGH WAISTED LEGGINGS,https://lovall.com/products/winter-everyday-high-waisted-leggings-stone,£27,£30,10% OFF
22,Leggings & Jeggings,Lovall,Green,https://cdn.shopify.com/s/files/1/0014/0306/0312/files/Look_16_8573_710x.jpg?v=1727164375,WINTER FLARE LEGGINGS,https://lovall.com/products/winter-flare-leggings-deep-olive,£29.70,£33,10% OFF
23,Leggings & Jeggings,Lovall,Gray,https://cdn.shopify.com/s/files/1/0014/0306/0312/files/EVERYDAY_DARK_GREY_241022_57964_710x.jpg?v=1730736718,EVERYDAY HIGH WAISTED LEGGINGS,https://lovall.com/products/everyday-high-waisted-leggings-dark-grey-marl,£23.40,£26,10% OFF
24,Nightwear & Loungewear,Lovall,Blue,https://cdn.shopify.com/s/files/1/0014/0306/0312/files/REDCHECK_710x.jpg?v=1697787801,SOFT TOUCH PYJAMA SET,https://lovall.com/products/soft-touch-pyjama-set-navy-check,£18,£36,50% OFF
25,Leggings & Jeggings,Lovall,Black,https://cdn.shopify.com/s/files/1/0014/0306/0312/files/Look_16_DANI_35779_710x.jpg?v=1704272112,EMPOWER FLARE LEGGINGS,https://lovall.com/products/empower-flare-leggings-black,£40.50,£45,10% OFF
26,Nightwear & Loungewear,Lovall,Burgundy Check,https://cdn.shopify.com/s/files/1/0014/0306/0312/files/BURGUNDYCHECK_710x.jpg?v=1697787653,PURE COTTON PYJAMA SET,https://lovall.com/products/pure-cotton-pyjama-set-burgundy-check,£18,£36,50% OFF
27,Leggings & Jeggings,Lovall,Black,https://cdn.shopify.com/s/files/1/0014/0306/0312/files/LOOK_33_6796_710x.jpg?v=1712588142,ULTIMATE SOFT-TOUCH HIGH WAISTED LEGGINGS,https://lovall.com/products/ultimate-soft-touch-leggings-black,£32,£40,20% OFF
28,Leggings & Jeggings,Lovall,Black,https://cdn.shopify.com/s/files/1/0014/0306/0312/files/018_SEAMLESS_SET_BLACK_S8_039_56bb936f-c924-45f9-94e4-4d319fb7706d_710x.jpg?v=1701958220,ULTIMATE HIGH WAISTED SEAMLESS LEGGINGS,https://lovall.com/products/ultimate-high-waisted-seamless-leggings-black,£32.30,£38,15% OFF
29,Leggings & Jeggings,Lovall,Gray,https://cdn.shopify.com/s/files/1/0014/0306/0312/files/EVERYDAY_ODY_241022_57787_710x.jpg?v=1730807494,EVERYDAY HIGH WAISTED LEGGINGS,https://lovall.com/products/everyday-high-waisted-leggings-odyssey-grey,£23.40,£26,10% OFF
30,Leggings & Jeggings,Lovall,Blue,https://cdn.shopify.com/s/files/1/0014/0306/0312/files/W_DBlue_FLJeggings_1_61d51491-017a-4fe3-9b51-262d971ea2c2_710x.jpg?v=1683641798,JEGGINGS,https://lovall.com/products/newjeggings-dark-blue,£15,£30,50% OFF
31,Nightwear & Loungewear,Lovall,Black,https://cdn.shopify.com/s/files/1/0014/0306/0312/files/Look_35_11701_710x.jpg?v=1727166148,LUXE LOUNGE JOGGER,https://lovall.com/products/luxe-lounge-jogger-black,£21,£35,40% OFF
32,Leggings & Jeggings,Lovall,Green,https://cdn.shopify.com/s/files/1/0014/0306/0312/files/Look_5_45650_710x.jpg?v=1727164451,WINTER FLARE LEGGINGS,https://lovall.com/products/winter-flare-leggings-slate-green,£29.70,£33,10% OFF
33,Leggings & Jeggings,Lovall,Burgundy,https://cdn.shopify.com/s/files/1/0014/0306/0312/files/Look_6_0784_710x.jpg?v=1699436069,FOCUS HIGH WAISTED SPORTS LEGGINGS,https://lovall.com/products/focus-high-waisted-sports-leggings-mulberry-plum,£21,£35,40% OFF
34,Leggings & Jeggings,Lovall,Brown,https://cdn.shopify.com/s/files/1/0014/0306/0312/files/LOOK_3_2030_710x.jpg?v=1712582052,LIGHTWEIGHT EVERYDAY HIGH WAISTED LEGGINGS,https://lovall.com/products/lightweight-everyday-high-waisted-leggings-espresso-brown,£25.20,£28,10% OFF
35,Jeans,Lovall,Blue,https://cdn.shopify.com/s/files/1/0014/0306/0312/files/MUM_JEAN_LIGHT_BLUE_241022_40894_710x.jpg?v=1730812256,SLIM FIT MOM JEANS,https://lovall.com/products/slim-fit-mom-jeans-mid-blue,£27,£45,40% OFF
36,Leggings & Jeggings,Lovall,Brown,https://cdn.shopify.com/s/files/1/0014/0306/0312/files/EVERYDAY_CHOCOLATE_BROWN_241022_38197_710x.jpg?v=1730736574,EVERYDAY HIGH WAISTED LEGGINGS,https://lovall.com/products/everyday-high-waisted-leggings-chocolate-brown,£23.40,£26,10% OFF
37,Leggings & Jeggings,Lovall,Black,https://cdn.shopify.com/s/files/1/0014/0306/0312/files/RIBBED_BLACK_MARG_2006_710x.jpg?v=1700126099,RIBBED LEGGINGS,https://lovall.com/products/ribbed-leggings-black,£34.20,£38,10% OFF
38,Jeans,Lovall,Blue,https://cdn.shopify.com/s/files/1/0014/0306/0312/files/039_LIFT_AND_SHAPE_MIDBLUE_006-72_710x.jpg?v=1687880541,LIFT & SHAPE JEANS,https://lovall.com/products/lift-shape-jeans-mid-blue,£38.25,£45,15% OFF
39,Leggings & Jeggings,Lovall,Black,https://cdn.shopify.com/s/files/1/0014/0306/0312/files/EVERYDAY_LEATHER_LEGGING_241022_40617_710x.jpg?v=1730799946,LEATHER LOOK HIGH WAISTED LEGGINGS,https://lovall.com/products/leather-look-high-waisted-leggings-black,£25.50,£34,25% OFF
40,Nightwear & Loungewear,Lovall,Green,https://cdn.shopify.com/s/files/1/0014/0306/0312/files/Look_33_11403_710x.jpg?v=1727164643,LUXE LOUNGE JOGGER,https://lovall.com/products/luxe-lounge-jogger-slate-green,£26.25,£35,25% OFF
41,Nightwear & Loungewear,Lovall,Brown,https://cdn.shopify.com/s/files/1/0014/0306/0312/files/Look_32_11213_710x.jpg?v=1726838716,LUXE LOUNGE JOGGER,https://lovall.com/products/luxe-lounge-jogger-black-coffee,£26.25,£35,25% OFF
42,Leggings & Jeggings,Lovall,Black,https://cdn.shopify.com/s/files/1/0014/0306/0312/files/048_NEW_JEGGING_BLACK_004_710x.jpg?v=1683892642,ULTIMATE JEGGINGS,https://lovall.com/products/ultimate-jeggings-black,£32.40,£36,10% OFF
43,Leggings & Jeggings,Lovall,Blue,https://cdn.shopify.com/s/files/1/0014/0306/0312/files/Look_43_12582_8ea0a654-660e-4f67-95c2-0b20293d964e_710x.jpg?v=1726826148,EXTREME FLEECE LINED LEGGINGS,https://lovall.com/products/extreme-fleece-lined-leggings-vintage-navy,£32.40,£36,10% OFF
44,Nightwear & Loungewear,Lovall,Brown,https://cdn.shopify.com/s/files/1/0014/0306/0312/files/Look_26_10175_710x.jpg?v=1727258982,ALL SZN ORGANIC WIDE LEG JOGGER,https://lovall.com/products/all-szn-organic-wide-leg-jogger-black-coffee,£40.50,£45,10% OFF
45,Jeans,Lovall,Blue,https://cdn.shopify.com/s/files/1/0014/0306/0312/files/MUM_JEAN_DARK_BLUE_241022_40780_710x.jpg?v=1730812187,SLIM FIT MOM JEANS,https://lovall.com/products/slim-fit-mom-jeans-dark-blue,£33.75,£45,25% OFF
46,Leggings & Jeggings,Lovall,Gray,https://cdn.shopify.com/s/files/1/0014/0306/0312/files/EXTREME_FLEECE_BLACK_GRACE_5029_710x.jpg?v=1698852688,EXTREME FLEECE LINED LEGGINGS,https://lovall.com/products/extreme-fleece-lined-leggings-dark-grey-marl,£32.40,£36,10% OFF
47,Nightwear & Loungewear,Lovall,Gray,https://cdn.shopify.com/s/files/1/0014/0306/0312/files/Look_18_46037_710x.jpg?v=1727261181,ALL SZN ORGANIC WIDE LEG JOGGER,https://lovall.com/products/all-szn-organic-wide-leg-jogger-shadow,£40.50,£45,10% OFF
48,Leggings & Jeggings,Lovall,Khaki,https://cdn.shopify.com/s/files/1/0014/0306/0312/files/W_EverydayHighWaistedLeggings_KhakiGreen_S8_1_710x.jpg?v=1712592378,EVERYDAY HIGH WAISTED LEGGINGS,https://lovall.com/products/everyday-high-waisted-leggings-khaki-green,£23.40,£26,10% OFF
49,Nightwear & Loungewear,Lovall,Gray,https://cdn.shopify.com/s/files/1/0014/0306/0312/files/GREYSTRIPE_710x.jpg?v=1697787729,BRUSHED COTTON PYJAMA SET,https://lovall.com/products/brushed-cotton-pyjama-set-grey-stripe,£20.40,£34,40% OFF
50,Jeans,Lovall,Blue,https://cdn.shopify.com/s/files/1/0014/0306/0312/files/075_STRAIGHT_LEG_JEAN_DARKBLUE_030_710x.jpg?v=1687877669,STRAIGHT JEANS,https://lovall.com/products/straight-jeans-dark-blue,£33.75,£45,25% OFF
51,Nightwear & Loungewear,Lovall,Cream,https://cdn.shopify.com/s/files/1/0014/0306/0312/files/Look_28_10527_710x.jpg?v=1727259300,ALL SZN ORGANIC WIDE LEG JOGGER,https://lovall.com/products/all-szn-organic-wide-leg-jogger-ecru,£40.50,£45,10% OFF
52,Nightwear & Loungewear,Lovall,Cream,https://cdn.shopify.com/s/files/1/0014/0306/0312/files/Look_34_11568_710x.jpg?v=1727165298,LUXE LOUNGE JOGGER,https://lovall.com/products/luxe-lounge-jogger-vanilla-marl,£26.25,£35,25% OFF
53,Jeans,Lovall,Blue,https://cdn.shopify.com/s/files/1/0014/0306/0312/files/021_STRAIGHT_LEG_JEAN_MIDBLUE_002_710x.jpg?v=1687342704,STRAIGHT JEANS,https://lovall.com/products/straight-jeans-mid-blue,£33.75,£45,25% OFF
54,Nightwear & Loungewear,Lovall,Black,https://cdn.shopify.com/s/files/1/0014/0306/0312/files/RECHARGE_JOGGER_BLACK_241022_40519_710x.jpg?v=1730799639,RECHARGE HIGH WAISTED JOGGERS,https://lovall.com/products/recharge-high-waisted-joggers-midnight-black,£16.50,£33,50% OFF
55,Leggings & Jeggings,Lovall,Brown,https://cdn.shopify.com/s/files/1/0014/0306/0312/files/EVERYDAY_BlackAnimalPrint_241022_38553_710x.jpg?v=1730735746,EVERYDAY HIGH WAISTED LEGGINGS,https://lovall.com/products/everyday-high-waisted-leggings-black-animal-print,£25.20,£28,10% OFF
56,Leggings & Jeggings,Lovall,Purple,https://cdn.shopify.com/s/files/1/0014/0306/0312/files/WINTER_PURPLE_MARG_3651_710x.jpg?v=1696324196,WINTER EVERYDAY HIGH WAISTED LEGGINGS,https://lovall.com/products/winter-everyday-high-waisted-leggings-midnight-plum,£27,£30,10% OFF
57,Nightwear & Loungewear,Lovall,Black,https://cdn.shopify.com/s/files/1/0014/0306/0312/files/Look_41_12285_710x.jpg?v=1727167828,SOFT TOUCH WIDE LEG LOUNGE SET,https://lovall.com/products/soft-touch-wide-leg-lounge-set-black,£44.20,£52,15% OFF
58,Leggings & Jeggings,Lovall,Green,https://cdn.shopify.com/s/files/1/0014/0306/0312/files/EVERYDAY_FOREST_241022_37721_710x.jpg?v=1730737097,EVERYDAY HIGH WAISTED LEGGINGS,https://lovall.com/products/everyday-high-waisted-leggings-forest-green,£23.40,£26,10% OFF
59,Jeans,Lovall,Black,https://cdn.shopify.com/s/files/1/0014/0306/0312/files/COATED_JEAN_BLACK_GRACE_5842_710x.jpg?v=1710240422,COATED JEANS,https://lovall.com/products/coated-jeans-black,£26.25,£35,25% OFF
60,Leggings & Jeggings,Lovall,Black,https://cdn.shopify.com/s/files/1/0014/0306/0312/files/Look_27_3687_aa06ab4d-9840-4979-ada0-fb2d50729089_710x.jpg?v=1724337240,24/7 REVITALISE HIGH WAISTED LEGGINGS,https://lovall.com/products/247-revitalise-high-waisted-leggings-black,£40.50,£45,10% OFF
61,Leggings & Jeggings,Lovall,Black,https://cdn.shopify.com/s/files/1/0014/0306/0312/files/Look_13_DANI_1046_710x.jpg?v=1704272806,EMPOWER LEGGINGS,https://lovall.com/products/empower-leggings-black,£40.50,£45,10% OFF
62,Nightwear & Loungewear,Lovall,Gray,https://cdn.shopify.com/s/files/1/0014/0306/0312/files/Look_20_9462_710x.jpg?v=1727260040,ALL SZN ORGANIC WIDE LEG JOGGER,https://lovall.com/products/all-szn-organic-wide-leg-jogger-light-grey-marl,£40.50,£45,10% OFF
63,Leggings & Jeggings,Lovall,Brown,https://cdn.shopify.com/s/files/1/0014/0306/0312/files/015_SEMALESS_SET_CHOCOLATE_BROWN_S8_045_710x.jpg?v=1688632540,ULTIMATE HIGH WAISTED SEAMLESS LEGGINGS,https://lovall.com/products/ultimate-high-waisted-seamless-leggings-chocolate-brown,£26.60,£38,30% OFF
64,Nightwear & Loungewear,Lovall,Cream,https://cdn.shopify.com/s/files/1/0014/0306/0312/files/Look_42_12461_710x.jpg?v=1727167770,SOFT TOUCH WIDE LEG LOUNGE SET,https://lovall.com/products/soft-touch-wide-leg-lounge-set-oatmeal-beige,£44.20,£52,15% OFF
65,Jeans,Lovall,Black,https://cdn.shopify.com/s/files/1/0014/0306/0312/files/024_STRAIGHT_LEG_JEAN_BLACK_003_710x.jpg?v=1687342952,STRAIGHT JEANS,https://lovall.com/products/straight-jeans-black,£33.75,£45,25% OFF
66,Leggings & Jeggings,Lovall,Blue,https://cdn.shopify.com/s/files/1/0014/0306/0312/files/012_SEAMLESS_SET_TEAL_S8_008_710x.jpg?v=1701959848,ULTIMATE HIGH WAISTED SEAMLESS LEGGINGS,https://lovall.com/products/ultimate-high-waisted-seamless-leggings-teal-blue,£22.80,£38,40% OFF
67,Nightwear & Loungewear,Lovall,Green,https://cdn.shopify.com/s/files/1/0014/0306/0312/files/Look_25_10079_9ffcbf62-1203-4487-8cc3-33fca371fc30_710x.jpg?v=1727261951,ALL SZN ORGANIC WIDE LEG JOGGER,https://lovall.com/products/all-szn-organic-wide-leg-jogger-slate-green,£40.50,£45,10% OFF
68,Leggings & Jeggings,Lovall,Black,https://cdn.shopify.com/s/files/1/0014/0306/0312/files/EVERYDAY_BLACK_TREGGING_241022_40263_710x.jpg?v=1730735588,TREGGINGS,https://lovall.com/products/treggings-black,£20,£25,20% OFF
69,Leggings & Jeggings,Lovall,Gray,https://cdn.shopify.com/s/files/1/0014/0306/0312/files/RIBBED_GREY_GRACE_1895_710x.jpg?v=1700126387,RIBBED LEGGINGS,https://lovall.com/products/ribbed-leggings-shadow-grey,£34.20,£38,10% OFF
70,Leggings & Jeggings,Lovall,Gray,https://cdn.shopify.com/s/files/1/0014/0306/0312/files/051_NEW_JEGGING_GREY_009_710x.jpg?v=1684157227,ULTIMATE JEGGINGS,https://lovall.com/products/jeggings-grey,£36,,
71,Nightwear & Loungewear,Lovall,Green,https://cdn.shopify.com/s/files/1/0014/0306/0312/files/Look_39_12145_710x.jpg?v=1727167912,SOFT TOUCH WIDE LEG LOUNGE SET,https://lovall.com/products/soft-touch-wide-leg-lounge-set-sage-green,£44.20,£52,15% OFF
72,Leggings & Jeggings,Lovall,Green,https://cdn.shopify.com/s/files/1/0014/0306/0312/files/Look_29_10680_710x.jpg?v=1727185206,WINTER EVERYDAY HIGH WAISTED LEGGINGS,https://lovall.com/products/winter-everyday-high-waisted-leggings-slate-green,£27,£30,10% OFF
73,Leggings & Jeggings,Lovall,Blue,https://cdn.shopify.com/s/files/1/0014/0306/0312/files/05_NEW_JEGGING_DARKBLUE_021_c20de99e-2092-447e-82ef-d2b021d238d3_710x.jpg?v=1683895937,ULTIMATE JEGGINGS,https://lovall.com/products/ultimate-jeggings-dark-blue,£36,,
74,Leggings & Jeggings,Lovall,Blue,https://cdn.shopify.com/s/files/1/0014/0306/0312/files/045_NEW_JEGGING_MIDBLUE_012_03da2f83-6fc6-4efe-9864-6dac4920df4f_710x.jpg?v=1683898593,ULTIMATE JEGGINGS,https://lovall.com/products/ultimate-jeggings-mid-blue,£32.40,£36,10% OFF
75,Leggings & Jeggings,Lovall,Blue,https://cdn.shopify.com/s/files/1/0014/0306/0312/files/LOOK_16_3925_710x.jpg?v=1713876527,LIGHTWEIGHT FLARE LEGGINGS,https://lovall.com/products/lightweight-flare-leggings-navy,£30,,
76,Leggings & Jeggings,Lovall,Black,https://cdn.shopify.com/s/files/1/0014/0306/0312/files/Look_22_3125_051200e0-32b2-4c34-9918-5e20acc573cc_710x.jpg?v=1718698291,24/7 REVITALISE FLARE LEGGINGS,https://lovall.com/products/247-revitalise-flare-leggings-midnight-black,£43.20,£48,10% OFF
77,Leggings & Jeggings,Lovall,Blue,https://cdn.shopify.com/s/files/1/0014/0306/0312/files/LOOK_5_030345_710x.jpg?v=1712583669,LIGHTWEIGHT EVERYDAY HIGH WAISTED LEGGINGS,https://lovall.com/products/lightweight-everyday-high-waisted-leggings-navy,£25.20,£28,10% OFF
78,Nightwear & Loungewear,Lovall,Brown,https://cdn.shopify.com/s/files/1/0014/0306/0312/files/Look_10_7635_710x.jpg?v=1727258467,ALL SZN ORGANIC CUFFED JOGGER,https://lovall.com/products/all-szn-organic-cuffed-jogger-black-coffee,£40.50,£45,10% OFF
79,Leggings & Jeggings,Lovall,Cream,https://cdn.shopify.com/s/files/1/0014/0306/0312/files/LOOK_35_7172_710x.jpg?v=1712589770,ULTIMATE SOFT-TOUCH HIGH WAISTED LEGGINGS,https://lovall.com/products/ultimate-soft-touch-leggings-vanilla-marl,£20,£40,50% OFF
80,Leggings & Jeggings,Lovall,Gray,https://cdn.shopify.com/s/files/1/0014/0306/0312/files/LOOK_8_2877_710x.jpg?v=1712584448,LIGHTWEIGHT EVERYDAY HIGH WAISTED LEGGINGS,https://lovall.com/products/lightweight-everyday-high-waisted-leggings-dark-grey-marl,£25.20,£28,10% OFF
81,Leggings & Jeggings,Lovall,Blue,https://cdn.shopify.com/s/files/1/0014/0306/0312/products/W_ThunderBlue_EnergiseFullLengthSportsLeggings_1_710x.jpg?v=1654874337,ENERGISE HIGH WAISTED GYM LEGGINGS,https://lovall.com/products/energise-high-waisted-gym-leggings-thunder-blue,£21.60,£36,40% OFF
82,Leggings & Jeggings,Lovall,Gray,https://cdn.shopify.com/s/files/1/0014/0306/0312/files/LOOK_39_7754_710x.jpg?v=1712590012,ULTIMATE SOFT-TOUCH HIGH WAISTED LEGGINGS,https://lovall.com/products/ultimate-soft-touch-leggings-light-grey-marl,£20,£40,50% OFF
83,Leggings & Jeggings,Lovall,Brown,https://cdn.shopify.com/s/files/1/0014/0306/0312/files/Look_10_1250_b21080b6-b38c-41f2-a927-5caa4a08a4fe_710x.jpg?v=1718635738,24/7 REVITALISE HIGH WAISTED LEGGINGS,https://lovall.com/products/247-revitalise-high-waisted-leggings-black-coffee,£40.50,£45,10% OFF
84,Leggings & Jeggings,Lovall,Blue,https://cdn.shopify.com/s/files/1/0014/0306/0312/files/042_NEW_JEGGING_BLEACH_LIGHT_033_abc2d2f7-1028-4002-a0c2-449739530c8f_710x.jpg?v=1683903744,ULTIMATE JEGGINGS,https://lovall.com/products/ultimate-jeggings-light-blue,£32.40,£36,10% OFF
85,Nightwear & Loungewear,Lovall,Cream,https://cdn.shopify.com/s/files/1/0014/0306/0312/files/Look_141_1285_710x.jpg?v=1699379735,EVERYDAY COMFY JOGGERS,https://lovall.com/products/everyday-comfy-joggers-oatmeal-beige,£28.80,£32,10% OFF
86,Nightwear & Loungewear,Lovall,Blue,https://cdn.shopify.com/s/files/1/0014/0306/0312/products/1sK8KTZzo-9MzGgvGznpnm4e61vdQOF0Z_710x.jpg?v=1637766637,SUPER SOFT PYJAMA SET,https://lovall.com/products/super-soft-pyjama-set-navy-hearts,£30.60,£34,10% OFF
87,Leggings & Jeggings,Lovall,Purple,https://cdn.shopify.com/s/files/1/0014/0306/0312/files/028_SEAMLESS_SET_MAUVE_S12_069_710x.jpg?v=1701959764,ULTIMATE HIGH WAISTED SEAMLESS LEGGINGS,https://lovall.com/products/ultimate-high-waisted-seamless-leggings-deep-mauve,£22.80,£38,40% OFF
88,Leggings & Jeggings,Lovall,Black,https://cdn.shopify.com/s/files/1/0014/0306/0312/files/Look_2_0327_710x.jpg?v=1699379015,REVITALISE HIGH WAISTED LEGGINGS,https://lovall.com/products/revitalise-high-waisted-leggings-black-tie-dye,£33.75,£45,25% OFF
89,Leggings & Jeggings,Lovall,Green,https://cdn.shopify.com/s/files/1/0014/0306/0312/files/LOOK_9_3055_710x.jpg?v=1712303903,LIGHTWEIGHT EVERYDAY HIGH WAISTED LEGGINGS,https://lovall.com/products/lightweight-everyday-high-waisted-leggings-slate-green,£25.20,£28,10% OFF
90,Leggings & Jeggings,Lovall,Cream,https://cdn.shopify.com/s/files/1/0014/0306/0312/files/EVERYDAY_OATMEAL_241022_57644_710x.jpg?v=1730807374,EVERYDAY HIGH WAISTED LEGGINGS,https://lovall.com/products/everyday-high-waisted-leggings-oatmeal-beige,£23.40,£26,10% OFF
91,Leggings & Jeggings,Lovall,Cream,https://cdn.shopify.com/s/files/1/0014/0306/0312/files/LOOK_4_2217_710x.jpg?v=1712582817,LIGHTWEIGHT EVERYDAY HIGH WAISTED LEGGINGS,https://lovall.com/products/lightweight-everyday-high-waisted-leggings-beige,£25.20,£28,10% OFF
92,Leggings & Jeggings,Lovall,Burgundy Animal Print,https://cdn.shopify.com/s/files/1/0014/0306/0312/files/EVERYDAY_Burgundy_Print_241022_38737_710x.jpg?v=1730736393,EVERYDAY HIGH WAISTED LEGGINGS,https://lovall.com/products/everyday-high-waisted-leggings-burgundy-animal-print,£21,£28,25% OFF
93,Leggings & Jeggings,Lovall,Camel,https://cdn.shopify.com/s/files/1/0014/0306/0312/files/Look_31_11031_710x.jpg?v=1726838544,RIBBED LEGGINGS,https://lovall.com/products/ribbed-leggings-stone,£34.20,£38,10% OFF
94,Leggings & Jeggings,Lovall,Blue,https://cdn.shopify.com/s/files/1/0014/0306/0312/files/RIBBED_NAVY_MARG_2443_710x.jpg?v=1700126843,RIBBED LEGGINGS,https://lovall.com/products/ribbed-leggings-navy,£34.20,£38,10% OFF
95,Leggings & Jeggings,Lovall,Brown,https://cdn.shopify.com/s/files/1/0014/0306/0312/files/Look_9_1083_f50b242c-560a-4187-ac5f-a1a39c8d108b_710x.jpg?v=1718635675,24/7 REVITALISE FLARE LEGGINGS,https://lovall.com/products/247-revitalise-flare-leggings-black-coffee,£43.20,£48,10% OFF
96,Leggings & Jeggings,Lovall,Burgundy,https://cdn.shopify.com/s/files/1/0014/0306/0312/products/W_WinterBerry_RevitaliseGo-ToFullLengthLeggings_1_710x.jpg?v=1655296328,REVITALISE HIGH WAISTED LEGGINGS,https://lovall.com/products/revitalise-high-waisted-leggings-winter-berry,£33.75,£45,25% OFF
97,Leggings & Jeggings,Lovall,Brown,https://cdn.shopify.com/s/files/1/0014/0306/0312/files/Look_3_45469_710x.jpg?v=1727095567,WINTER FLARE LEGGINGS,https://lovall.com/products/winter-flare-leggings-black-coffee,£33,,
98,Nightwear & Loungewear,Lovall,Green,https://cdn.shopify.com/s/files/1/0014/0306/0312/files/Look_19_2170_710x.jpg?v=1699530304,EVERYDAY COMFY JOGGERS,https://lovall.com/products/everyday-comfy-joggers-forest-green,£28.80,£32,10% OFF
99,Leggings & Jeggings,Lovall,Blue,https://cdn.shopify.com/s/files/1/0014/0306/0312/files/EVERYDAY_TREGGING_NAVY_241022_58352_710x.jpg?v=1730808563,TREGGINGS,https://lovall.com/products/treggings-navy,£18.75,£25,25% OFF
100,Nightwear & Loungewear,Lovall,Cream,https://cdn.shopify.com/s/files/1/0014/0306/0312/files/Look_13_8086_710x.jpg?v=1727259490,ALL SZN ORGANIC CUFFED JOGGER,https://lovall.com/products/all-szn-organic-cuffed-jogger-ecru,£40.50,£45,10% OFF
101,Leggings & Jeggings,Lovall,Blue,https://cdn.shopify.com/s/files/1/0014/0306/0312/files/Look_10_DANI_0201_710x.jpg?v=1704272177,EMPOWER FLARE LEGGINGS,https://lovall.com/products/empower-flare-leggings-vintage-navy,£40.50,£45,10% OFF
102,Leggings & Jeggings,Lovall,Gray,https://cdn.shopify.com/s/files/1/0014/0306/0312/files/LOOK_20_4533_710x.jpg?v=1713876323,LIGHTWEIGHT FLARE LEGGINGS,https://lovall.com/products/lightweight-flare-leggings-light-grey-marl,£30,,
103,Leggings & Jeggings,Lovall,Brown,https://cdn.shopify.com/s/files/1/0014/0306/0312/files/EVERYDAY_NAVY_Print_241022_38825_710x.jpg?v=1730807273,EVERYDAY HIGH WAISTED LEGGINGS,https://lovall.com/products/everyday-high-waisted-leggings-navy-animal-print,£25.20,£28,10% OFF
104,Nightwear & Loungewear,Lovall,Gray,https://cdn.shopify.com/s/files/1/0014/0306/0312/files/Look_17_8858_710x.jpg?v=1727260874,ALL SZN ORGANIC CUFFED JOGGER,https://lovall.com/products/all-szn-organic-cuffed-jogger-shadow,£40.50,£45,10% OFF
105,Leggings & Jeggings,Lovall,Cream,https://cdn.shopify.com/s/files/1/0014/0306/0312/files/SeamlessOatmealWomens_710x.jpg?v=1701959785,ULTIMATE HIGH WAISTED SEAMLESS LEGGINGS,https://lovall.com/products/ultimate-high-waisted-seamless-leggings-oatmeal-beige,£22.80,£38,40% OFF
106,Nightwear & Loungewear,Lovall,Brown,https://cdn.shopify.com/s/files/1/0014/0306/0312/files/Look_9_0083_710x.jpg?v=1699380567,EVERYDAY COMFY JOGGERS,https://lovall.com/products/everyday-comfy-joggers-espresso-brown,£28.80,£32,10% OFF
107,Nightwear & Loungewear,Lovall,Gray,https://cdn.shopify.com/s/files/1/0014/0306/0312/files/Look_7_6840_710x.jpg?v=1727260620,ALL SZN ORGANIC CUFFED JOGGER,https://lovall.com/products/all-szn-organic-cuffed-jogger-light-grey-marl,£40.50,£45,10% OFF
108,Leggings & Jeggings,Lovall,Blue,https://cdn.shopify.com/s/files/1/0014/0306/0312/files/LOOK_12_3417_710x.jpg?v=1712304845,LIGHTWEIGHT EVERYDAY HIGH WAISTED LEGGINGS,https://lovall.com/products/lightweight-everyday-high-waisted-leggings-vintage-navy,£25.20,£28,10% OFF
109,Leggings & Jeggings,Lovall,Green,https://cdn.shopify.com/s/files/1/0014/0306/0312/files/EMPOWER_FOREST_MARG_1434_2157ca0b-89c6-4906-afea-01a4d5198539_710x.jpg?v=1701333626,EMPOWER LEGGINGS,https://lovall.com/products/empower-leggings-deep-forest,£40.50,£45,10% OFF
110,Leggings & Jeggings,Lovall,Gray,https://cdn.shopify.com/s/files/1/0014/0306/0312/files/LOOK_2_1898_710x.jpg?v=1712581438,LIGHTWEIGHT EVERYDAY HIGH WAISTED LEGGINGS,https://lovall.com/products/lightweight-everyday-high-waisted-leggings-light-grey-marl,£25.20,£28,10% OFF
111,Leggings & Jeggings,Lovall,Blue,https://cdn.shopify.com/s/files/1/0014/0306/0312/products/W_NavyGreenFloral_ClassicHighWaisted_1_710x.jpg?v=1657103145,EVERYDAY HIGH WAISTED LEGGINGS,https://lovall.com/products/everyday-high-waisted-leggings-navy-green-floral,£25.20,£28,10% OFF
112,Leggings & Jeggings,Lovall,White,https://cdn.shopify.com/s/files/1/0014/0306/0312/files/08_NEW_JEGGING_WHITE_039_f3d2302a-a59b-4a85-8705-ca96099937db_710x.jpg?v=1713537790,ULTIMATE JEGGINGS,https://lovall.com/products/ultimate-jeggings-white,£21.60,£36,40% OFF
113,Leggings & Jeggings,Lovall,Green,https://cdn.shopify.com/s/files/1/0014/0306/0312/files/Look_4_0296_710x.jpg?v=1718697708,24/7 REVITALISE FLARE LEGGINGS,https://lovall.com/products/247-revitalise-flare-leggings-deep-olive,£43.20,£48,10% OFF
114,Leggings & Jeggings,Lovall,Blue,https://cdn.shopify.com/s/files/1/0014/0306/0312/files/EVERYDAY_PETROL_BLUE_241022_38322_710x.jpg?v=1730807877,EVERYDAY HIGH WAISTED LEGGINGS,https://lovall.com/products/everyday-high-waisted-leggings-petrol-blue,£23.40,£26,10% OFF
115,Leggings & Jeggings,Lovall,Blue,https://cdn.shopify.com/s/files/1/0014/0306/0312/files/Look_8_1157_710x.jpg?v=1704273067,EMPOWER LEGGINGS,https://lovall.com/products/empower-leggings-vintage-navy,£40.50,£45,10% OFF
116,Trousers,Lovall,Black,https://cdn.shopify.com/s/files/1/0014/0306/0312/files/055_CIGARETTE_TROUSER_BLACK_016_90fcb701-7e6a-46e6-b9d5-4d8b73926972_710x.jpg?v=1687338320,CIGARETTE TROUSER,https://lovall.com/products/cigarette-trouser-black,£21.60,£36,40% OFF
117,Nightwear & Loungewear,Lovall,Green,https://cdn.shopify.com/s/files/1/0014/0306/0312/files/Look_21_9548_710x.jpg?v=1727261467,ALL SZN ORGANIC CUFFED JOGGER,https://lovall.com/products/all-szn-organic-cuffed-jogger-slate-green,£40.50,£45,10% OFF
118,Leggings & Jeggings,Lovall,Black,https://cdn.shopify.com/s/files/1/0014/0306/0312/files/Look_5_0696_710x.jpg?v=1699379441,REVITALISE HIGH WAISTED LEGGINGS,https://lovall.com/products/revitalise-high-waisted-leggings-midnight-black,£40.50,£45,10% OFF
119,Leggings & Jeggings,Lovall,Black,https://cdn.shopify.com/s/files/1/0014/0306/0312/products/W_BurgundyFloralPrint_ClassicHighWaisted_1_710x.jpg?v=1657103125,EVERYDAY HIGH WAISTED LEGGINGS,https://lovall.com/products/everyday-high-waisted-leggings-black-burgundy-floral,£25.20,£28,10% OFF
120,Leggings & Jeggings,Lovall,Gray,https://cdn.shopify.com/s/files/1/0014/0306/0312/files/Look_14_1182_710x.jpg?v=1699378559,REVITALISE HIGH WAISTED LEGGINGS,https://lovall.com/products/revitalise-high-waisted-leggings-sky-grey-tie-dye,£22.50,£45,50% OFF
121,Nightwear & Loungewear,Lovall,Gray,https://cdn.shopify.com/s/files/1/0014/0306/0312/files/EVERYDAY_JOGGER_GREY_241022_40370_710x.jpg?v=1730799746,RECHARGE HIGH WAISTED JOGGERS,https://lovall.com/products/recharge-high-waisted-joggers-odyssey-grey,£16.50,£33,50% OFF
122,Leggings & Jeggings,Lovall,Khaki,https://cdn.shopify.com/s/files/1/0014/0306/0312/files/035_NEW_JEGGING_KHAKI_001_efc85737-8521-4c14-a977-c02855b45a84_710x.jpg?v=1687439890,ULTIMATE JEGGINGS,https://lovall.com/products/jeggings-khaki-green,£28.80,£36,20% OFF
123,Leggings & Jeggings,Lovall,Khaki,https://cdn.shopify.com/s/files/1/0014/0306/0312/files/Look_1_40109_562b4ea4-7d9a-42a1-b815-5c336752e334_710x.jpg?v=1718697335,24/7 REVITALISE HIGH WAISTED LEGGINGS,https://lovall.com/products/247-revitalise-high-waisted-leggings-deep-olive,£40.50,£45,10% OFF
124,Leggings & Jeggings,Lovall,White,https://cdn.shopify.com/s/files/1/0014/0306/0312/files/EVERYDAY_WHITE_241022_38945_710x.jpg?v=1730808644,EVERYDAY HIGH WAISTED LEGGINGS,https://lovall.com/products/everyday-high-waisted-leggings-white,£23.40,£26,10% OFF
125,Leggings & Jeggings,Lovall,Gray,https://cdn.shopify.com/s/files/1/0014/0306/0312/files/LOOK_37_7485_710x.jpg?v=1712588287,ULTIMATE SOFT-TOUCH HIGH WAISTED LEGGINGS,https://lovall.com/products/ultimate-soft-touch-leggings-dark-grey-marl,£40,,
126,Leggings & Jeggings,Lovall,Green,https://cdn.shopify.com/s/files/1/0014/0306/0312/files/EMPOWER_FOREST_MARG_FLARE_1766_710x.jpg?v=1701333550,EMPOWER FLARE LEGGINGS,https://lovall.com/products/empower-flare-leggings-deep-forest,£40.50,£45,10% OFF
127,Trousers,Lovall,Camel,https://cdn.shopify.com/s/files/1/0014/0306/0312/files/056_CIGARETTE_TROUSER_SAND_036_710x.jpg?v=1685978770,CIGARETTE TROUSER,https://lovall.com/products/cigarette-trouser-sand,£21.60,£36,40% OFF
128,Leggings & Jeggings,Lovall,Camel,https://cdn.shopify.com/s/files/1/0014/0306/0312/files/RIBBED_CAMEL_MARG_2840_710x.jpg?v=1700126203,RIBBED LEGGINGS,https://lovall.com/products/ribbed-leggings-cappuccino,£34.20,£38,10% OFF
129,Jeans,Lovall,White,https://cdn.shopify.com/s/files/1/0014/0306/0312/files/015_LIFT_AND_SHAPE_JEAN_WHITE_013_1_710x.jpg?v=1687340418,LIFT & SHAPE JEANS,https://lovall.com/products/lift-shape-jeans-white,£31.50,£45,30% OFF
130,Leggings & Jeggings,Lovall,Brown,https://cdn.shopify.com/s/files/1/0014/0306/0312/files/RIBBED_BROWN_GRACE_2299_710x.jpg?v=1700126521,RIBBED LEGGINGS,https://lovall.com/products/ribbed-leggings-espresso-brown,£34.20,£38,10% OFF
131,Leggings & Jeggings,Lovall,Gray,https://cdn.shopify.com/s/files/1/0014/0306/0312/files/Look_23_DANI_4112_710x.jpg?v=1704272888,EMPOWER LEGGINGS,https://lovall.com/products/empower-leggings-graphite,£40.50,£45,10% OFF
132,Trousers,Lovall,Blue,https://cdn.shopify.com/s/files/1/0014/0306/0312/files/057_CIGARETTE_TROUSER_NAVY_007_fac65535-edc5-441c-962a-0ad8513164f3_710x.jpg?v=1687338650,CIGARETTE TROUSER,https://lovall.com/products/cigarette-trouser-navy,£21.60,£36,40% OFF
133,Leggings & Jeggings,Lovall,Cream,https://cdn.shopify.com/s/files/1/0014/0306/0312/files/LOOK_6_2519_710x.jpg?v=1712746792,LIGHTWEIGHT EVERYDAY HIGH WAISTED LEGGINGS,https://lovall.com/products/lightweight-everyday-high-waisted-leggings-natural-beige,£25.20,£28,10% OFF
134,Leggings & Jeggings,Lovall,Gray,https://cdn.shopify.com/s/files/1/0014/0306/0312/files/EVERYDAY_GREY_TREGGING_241022_58506_710x.jpg?v=1730799399,TREGGINGS,https://lovall.com/products/treggings-dark-grey-marl,£17.50,£25,30% OFF
135,Leggings & Jeggings,Lovall,Burgundy,https://cdn.shopify.com/s/files/1/0014/0306/0312/files/LOOK_36_7373_710x.jpg?v=1712747165,ULTIMATE SOFT-TOUCH HIGH WAISTED LEGGINGS,https://lovall.com/products/ultimate-soft-touch-leggings-winter-berry-marl,£32,£40,20% OFF
136,Leggings & Jeggings,Lovall,Cream,https://cdn.shopify.com/s/files/1/0014/0306/0312/files/Look_18_2526_8a3b961a-a466-450e-9fb3-c572d63861c9_710x.jpg?v=1718697040,24/7 REVITALISE FLARE LEGGINGS,https://lovall.com/products/247-revitalise-flare-leggings-clay,£38.40,£48,20% OFF
137,Trousers,Lovall,Pink,https://cdn.shopify.com/s/files/1/0014/0306/0312/files/EVERYDAY_PINK_RIBBED_TROUSER_241022_39868_710x.jpg?v=1730807980,RIBBED WIDE LEG TROUSERS,https://lovall.com/products/ribbed-wide-leg-trousers-pink,£18.20,£26,30% OFF
138,Leggings & Jeggings,Lovall,Pink,https://cdn.shopify.com/s/files/1/0014/0306/0312/files/Look_1_35413_1_710x.jpg?v=1699436259,REVITALISE HIGH WAISTED LEGGINGS,https://lovall.com/products/revitalise-high-waisted-leggings-mauve,£27,£45,40% OFF
139,Leggings & Jeggings,Lovall,Gray,https://cdn.shopify.com/s/files/1/0014/0306/0312/files/RIBBED_GREY_JADE_3748_3c960712-0bdf-413d-b2e6-92f381d05dfd_710x.jpg?v=1710404534,RIBBED LEGGINGS,https://lovall.com/products/ribbed-leggings-dark-grey,£34.20,£38,10% OFF
140,Leggings & Jeggings,Lovall,Purple,https://cdn.shopify.com/s/files/1/0014/0306/0312/products/W_acaipurple_lightweightleggings_1_710x.jpg?v=1652955815,LIGHTWEIGHT EVERYDAY HIGH WAISTED LEGGINGS,https://lovall.com/products/lightweight-everyday-high-waisted-leggings-acai-purple,£25.20,£28,10% OFF
141,Nightwear & Loungewear,Lovall,Gray,https://cdn.shopify.com/s/files/1/0014/0306/0312/files/Look_37_11857_710x.jpg?v=1727168188,SOFT TOUCH WIDE LEG LOUNGE SET,https://lovall.com/products/soft-touch-wide-leg-lounge-set-grey,£44.20,£52,15% OFF
142,Nightwear & Loungewear,Lovall,Pink,https://cdn.shopify.com/s/files/1/0014/0306/0312/files/REDSTRIPE_710x.jpg?v=1697787860,BRUSHED COTTON PYJAMA SET,https://lovall.com/products/brushed-cotton-pyjama-set-pink-stripe,£23.80,£34,30% OFF
143,Leggings & Jeggings,Lovall,Brown,https://cdn.shopify.com/s/files/1/0014/0306/0312/files/LOOK_18_4241_710x.jpg?v=1713876153,LIGHTWEIGHT FLARE LEGGINGS,https://lovall.com/products/lightweight-flare-leggings-espresso-brown,£30,,
144,Leggings & Jeggings,Lovall,Blue,https://cdn.shopify.com/s/files/1/0014/0306/0312/files/LOOK_11_3298_710x.jpg?v=1712584991,LIGHTWEIGHT EVERYDAY HIGH WAISTED LEGGINGS,https://lovall.com/products/lightweight-everyday-high-waisted-leggings-steel-blue,£25.20,£28,10% OFF
145,Leggings & Jeggings,Lovall,Burgundy,https://cdn.shopify.com/s/files/1/0014/0306/0312/products/W_RedCherry_F-L_RevitaliseTieDie_1_710x.jpg?v=1665668352,REVITALISE HIGH WAISTED LEGGINGS,https://lovall.com/products/revitalise-high-waisted-leggings-dark-cherry-tie-dye,£31.50,£45,30% OFF
146,Leggings & Jeggings,Lovall,Purple,https://cdn.shopify.com/s/files/1/0014/0306/0312/files/LOOK_13_3510_710x.jpg?v=1712585418,LIGHTWEIGHT EVERYDAY HIGH WAISTED LEGGINGS,https://lovall.com/products/lightweight-everyday-high-waisted-leggings-mauve,£25.20,£28,10% OFF
147,Leggings & Jeggings,Lovall,Green,https://cdn.shopify.com/s/files/1/0014/0306/0312/files/030_SEAMLESS_SET_KHAKI_GREEN_S18_027_bd0f65ba-7254-4d02-af76-80d3d16d2e2e_710x.jpg?v=1701959811,ULTIMATE HIGH WAISTED SEAMLESS LEGGINGS,https://lovall.com/products/ultimate-high-waisted-seamless-leggings-sage-green,£22.80,£38,40% OFF
148,Leggings & Jeggings,Lovall,Blue,https://cdn.shopify.com/s/files/1/0014/0306/0312/products/W_NavyBlue_RevitaliseGo-ToFullLengthLeggings_1_710x.jpg?v=1655296302,REVITALISE HIGH WAISTED LEGGINGS,https://lovall.com/products/revitalise-high-waisted-leggings-navy-blue,£36,£45,20% OFF
149,Nightwear & Loungewear,Lovall,Blue,https://cdn.shopify.com/s/files/1/0014/0306/0312/files/EVERYDAY_navy_joggers_241022_40160_710x.jpg?v=1730807105,RECHARGE HIGH WAISTED JOGGERS,https://lovall.com/products/recharge-high-waisted-joggers-navy-blue,£16.50,£33,50% OFF
150,Leggings & Jeggings,Lovall,White,https://cdn.shopify.com/s/files/1/0014/0306/0312/files/LOOK_10_3179_710x.jpg?v=1712584636,LIGHTWEIGHT EVERYDAY HIGH WAISTED LEGGINGS,https://lovall.com/products/lightweight-everyday-high-waisted-leggings-white,£25.20,£28,10% OFF
151,Leggings & Jeggings,Lovall,Blue,https://cdn.shopify.com/s/files/1/0014/0306/0312/files/LOOK_15_3787_710x.jpg?v=1712585668,LIGHTWEIGHT EVERYDAY HIGH WAISTED LEGGINGS,https://lovall.com/products/lightweight-everyday-high-waisted-leggings-powder-blue,£25.20,£28,10% OFF
152,Leggings & Jeggings,Lovall,Green,https://cdn.shopify.com/s/files/1/0014/0306/0312/files/crop10_710x.jpg?v=1712593373,LIGHTWEIGHT EVERYDAY HIGH WAISTED LEGGINGS,https://lovall.com/products/lightweight-everyday-high-waisted-leggings-sage-green,£25.20,£28,10% OFF
153,Leggings & Jeggings,Lovall,Burgundy,https://cdn.shopify.com/s/files/1/0014/0306/0312/files/LOOK_7_2687_710x.jpg?v=1712583831,LIGHTWEIGHT EVERYDAY HIGH WAISTED LEGGINGS,https://lovall.com/products/lightweight-everyday-high-waisted-leggings-burgundy,£25.20,£28,10% OFF
154,Leggings & Jeggings,Lovall,Green,https://cdn.shopify.com/s/files/1/0014/0306/0312/files/FOCUS_GREEN_GRACE_5309_710x.jpg?v=1698848472,FOCUS HIGH WAISTED SPORTS LEGGINGS,https://lovall.com/products/focus-high-waisted-sports-leggings-olive-green,£21,£35,40% OFF
155,Leggings & Jeggings,Lovall,Green,https://cdn.shopify.com/s/files/1/0014/0306/0312/files/W_EverydayHighWaistedLeggings_SageGreen_S8_2_710x.jpg?v=1682432043,EVERYDAY HIGH WAISTED LEGGINGS,https://lovall.com/products/everyday-high-waisted-leggings-sage-green,£23.40,£26,10% OFF
156,Leggings & Jeggings,Lovall,Yellow,https://cdn.shopify.com/s/files/1/0014/0306/0312/products/W_PastelYellow_HighWaisted_1_710x.jpg?v=1657870217,EVERYDAY HIGH WAISTED LEGGINGS,https://lovall.com/products/everyday-high-waisted-leggings-pastel-yellow,£23.40,£26,10% OFF
157,Leggings & Jeggings,Lovall,Purple,https://cdn.shopify.com/s/files/1/0014/0306/0312/files/013_EVERYDAY_HIGH_WAISTED_ELDERBERRY_PURPLE_S8_001_710x.jpg?v=1701957392,EVERYDAY HIGH WAISTED LEGGINGS,https://lovall.com/products/everyday-high-waisted-leggings-elderberry-purple,£23.40,£26,10% OFF
158,Leggings & Jeggings,Lovall,Gray,https://cdn.shopify.com/s/files/1/0014/0306/0312/files/EMPOWER_GREY_MARG_FLARE_1322_710x.jpg?v=1701335731,EMPOWER FLARE LEGGINGS,https://lovall.com/products/empower-flare-leggings-graphite,£40.50,£45,10% OFF
159,Trousers,Lovall,Cream,https://cdn.shopify.com/s/files/1/0014/0306/0312/files/054_CIGARETTE_TROUSER_WHITE_013_710x.jpg?v=1687274130,CIGARETTE TROUSER,https://lovall.com/products/cigarette-trouser-off-white,£21.60,£36,40% OFF
160,Leggings & Jeggings,Lovall,Cream,https://cdn.shopify.com/s/files/1/0014/0306/0312/files/Look_17_2369_0ee8a5d5-7dcd-4a71-9b6b-dedb18592f61_710x.jpg?v=1718696772,24/7 REVITALISE HIGH WAISTED LEGGINGS,https://lovall.com/products/247-revitalise-high-waisted-leggings-clay,£33.75,£45,25% OFF
