Position,Category,Brand,Colour,Product Name,Main Image,Product Link,Discount,Original Price,Current Price
1,Coats & Jackets,Papaya,Cream,Papaya Petite Beige Hybrid Borg Padded Coat,https://ml.thcdn.com/productimg/960/960/15324661-2055190321039096.jpg,https://www.matalan.co.uk/clothing/papaya-petite-beige-hybrid-borg-padded-coat/15324661.html,Red Friday Deal – Limited Time Only,£48.00,£38.00
2,Coats & Jackets,Papaya,Black,Papaya Petite Black Mid Length Padded Coat,https://ml.thcdn.com/productimg/960/960/15336634-8915182034850366.jpg,https://www.matalan.co.uk/clothing/papaya-petite-black-mid-length-padded-coat/15336634.html,Red Friday Deal – Limited Time Only,£40.00,£30.00
3,Coats & Jackets,Papaya,Khaki,Papaya Petite Khaki Mid Length Anorak,https://ml.thcdn.com/productimg/960/960/15268496-6475170608638805.jpg,https://www.matalan.co.uk/clothing/papaya-petite-khaki-mid-length-anorak/15268496.html,Red Friday Deal,£32.00,£16.00
4,Coats & Jackets,Papaya,Blue,Papaya Petite Blue Check Coat,https://ml.thcdn.com/productimg/960/960/15324716-1295188779733914.jpg,https://www.matalan.co.uk/clothing/papaya-petite-blue-check-coat/15324716.html,Red Friday Deal – Limited Time Only,£48.00,£38.00
5,Coats & Jackets,Papaya,Gray,Papaya Petite Grey Boucle Biker Jacket,https://ml.thcdn.com/productimg/960/960/15268668-1335185455016296.jpg,https://www.matalan.co.uk/clothing/papaya-petite-grey-boucle-biker-jacket/15268668.html,Red Friday Deal – Limited Time Only,£38.00,£28.00
6,Blazer,Papaya,Gray,Papaya Petite Grey Pinstripe Blazer,https://ml.thcdn.com/productimg/960/960/15268488-1985172941064039.jpg,https://www.matalan.co.uk/clothing/papaya-petite-grey-pinstripe-blazer/15268488.html,Red Friday Deal,£35.00,£17.50
7,Blazer,Papaya,Black,Papaya Petite Black Check Blazer,https://ml.thcdn.com/productimg/960/960/15336584-1485188782310296.jpg,https://www.matalan.co.uk/clothing/papaya-petite-black-check-blazer/15336584.html,Red Friday Deal,£36.00,£18.00
8,Knitwear,Papaya,Cream,Papaya Petite Cream Lace Up Detail Jumper,https://ml.thcdn.com/productimg/960/960/15336212-1455183626561227.jpg,https://www.matalan.co.uk/clothing/papaya-petite-cream-lace-up-detail-jumper/15336212.html,20% Off - Matalan Me Member Exclusive,,£24.00
9,Knitwear,Papaya,Cream,Papaya Petite Cream Pointelle Open Collar Jumper,https://ml.thcdn.com/productimg/960/960/15265994-5455188782869871.jpg,https://www.matalan.co.uk/clothing/papaya-petite-cream-pointelle-open-collar-jumper/15265994.html,Red Friday Deal,£22.00,£15.00
10,Knitwear,Papaya,Black,Papaya Petite Black Aztec Borg Half Zip Jumper,https://ml.thcdn.com/productimg/960/960/15365129-1415188779023862.jpg,https://www.matalan.co.uk/clothing/papaya-petite-black-aztec-borg-half-zip-jumper/15365129.html,,,£25.00
11,Knitwear,Papaya,Navy,Papaya Petite Navy Stripe Jumper,https://ml.thcdn.com/productimg/960/960/15265939-5685188771629561.jpg,https://www.matalan.co.uk/clothing/papaya-petite-navy-stripe-jumper/15265939.html,20% Off - Matalan Me Member Exclusive,,£20.00
12,Dresses,Papaya,Black,Petite Black Paisley Midi Dress,https://ml.thcdn.com/productimg/960/960/15336284-5895172947187576.jpg,https://www.matalan.co.uk/clothing/petite-black-paisley-midi-dress/15336284.html,Red Friday Deal,£22.00,£12.50
13,Dresses,Papaya,,Papaya Petite Leopard Print Shirred Midi Dress,https://ml.thcdn.com/productimg/960/960/15268261-1115170609317093.jpg,https://www.matalan.co.uk/clothing/papaya-petite-leopard-print-shirred-midi-dress/15268261.html,Red Friday Deal,£22.00,£11.00
14,Dresses,Papaya,Brown,Papaya Petite Brown Animal Print Mini Dress,https://ml.thcdn.com/productimg/960/960/15336360-1485188755928398.jpg,https://www.matalan.co.uk/clothing/papaya-petite-brown-animal-print-mini-dress/15336360.html,,,£12.50
15,Dresses,Papaya,Black,Papaya Petite Black Floral Chiffon Midi Dress,https://ml.thcdn.com/productimg/960/960/15336118-1155190350780211.jpg,https://www.matalan.co.uk/clothing/papaya-petite-black-floral-chiffon-midi-dress/15336118.html,,,£28.00
16,Dresses,Papaya,Gray,Papaya Petite Grey Midi Sweater Dress,https://ml.thcdn.com/productimg/960/960/15268253-9285188780365903.jpg,https://www.matalan.co.uk/clothing/papaya-petite-grey-midi-sweater-dress/15268253.html,,,£15.00
17,Dresses,Papaya,Gray,Papaya Petite Charcoal Cable Knit Mini Dress,https://ml.thcdn.com/productimg/960/960/15336352-6195188766318970.jpg,https://www.matalan.co.uk/clothing/papaya-petite-charcoal-cable-knit-mini-dress/15336352.html,,,£20.00
18,Dresses,Papaya,Black,Papaya Petite Black Ribbed Mini Dress,https://ml.thcdn.com/productimg/960/960/15268245-2225189028702984.jpg,https://www.matalan.co.uk/clothing/papaya-petite-black-ribbed-mini-dress/15268245.html,,,£12.50
19,Tops,Papaya,Burgundy,Papaya Petite Burgundy Brushed Check Shirt,https://ml.thcdn.com/productimg/960/960/15336556-1325188795685838.jpg,https://www.matalan.co.uk/clothing/papaya-petite-burgundy-brushed-check-shirt/15336556.html,,,£17.00
20,Dresses,Papaya,Cream,Papaya Petite Oatmeal Ribbed Sweater Dress,https://ml.thcdn.com/productimg/960/960/15336107-1715173234662606.jpg,https://www.matalan.co.uk/clothing/papaya-petite-oatmeal-ribbed-sweater-dress/15336107.html,,,£15.00
21,Knitwear,Papaya,Black,Papaya Petite Black Seam Front Jumper,https://ml.thcdn.com/productimg/960/960/15336292-1845188762946676.jpg,https://www.matalan.co.uk/clothing/papaya-petite-black-seam-front-jumper/15336292.html,20% Off - Matalan Me Member Exclusive,,£18.00
22,Tops,Papaya,Black,Papaya Petite Black Paisley Plisse Top,https://ml.thcdn.com/productimg/960/960/15324038-1275183631213906.jpg,https://www.matalan.co.uk/clothing/papaya-petite-black-paisley-plisse-top/15324038.html,,,£14.00
23,Cardigan,Papaya,Gray,Papaya Petite Grey Boyfriend Fit Cardigan,https://ml.thcdn.com/productimg/960/960/15265987-1885183630793912.jpg,https://www.matalan.co.uk/clothing/papaya-petite-grey-boyfriend-fit-cardigan/15265987.html,Red Friday Deal,£20.00,£14.00
24,Cardigan,Papaya,Cream,Papaya Petite Cream Stitch Knit Cardigan,https://ml.thcdn.com/productimg/960/960/15264209-5815188768337211.jpg,https://www.matalan.co.uk/clothing/papaya-petite-cream-stitch-knit-cardigan/15264209.html,20% Off - Matalan Me Member Exclusive,,£22.00
25,Cardigan,Papaya,Navy,Papaya Petite Navy Stripe Knitted Cardigan,https://ml.thcdn.com/productimg/960/960/15325243-1605185453106793.jpg,https://www.matalan.co.uk/clothing/papaya-petite-navy-stripe-knitted-cardigan/15325243.html,20% Off - Matalan Me Member Exclusive,,£20.00
26,Knitwear,Papaya,Blue,Papaya Petite Blue Fairisle Jumper,https://ml.thcdn.com/productimg/960/960/15336838-1335188765706046.jpg,https://www.matalan.co.uk/clothing/papaya-petite-blue-fairisle-jumper/15336838.html,20% Off - Matalan Me Member Exclusive,,£24.00
27,Jeans,Papaya,Black,Papaya Petite Black Wide Leg Stud Jeans,https://ml.thcdn.com/productimg/960/960/15363991-1965188777373487.jpg,https://www.matalan.co.uk/clothing/papaya-petite-black-wide-leg-stud-jeans/15363991.html,,,£25.00
28,Jeans,Papaya,Mid Wash,Papaya Petite Mid Wash April Skinny Jeans,https://ml.thcdn.com/productimg/960/960/15363983-1855188753811283.jpg,https://www.matalan.co.uk/clothing/papaya-petite-mid-wash-april-skinny-jeans/15363983.html,,,£19.00
29,Dresses,Papaya,Cream,Papaya Petite Cream Stripe Knitted Dress,https://ml.thcdn.com/productimg/960/960/15336843-1525184099314604.jpg,https://www.matalan.co.uk/clothing/papaya-petite-cream-stripe-knitted-dress/15336843.html,20% Off - Matalan Me Member Exclusive,,£26.00
30,Jeans,Papaya,Mid Wash,Papaya Petite Jolie Mid Wash Relaxed Skinny Jeans,https://ml.thcdn.com/productimg/960/960/14488817-1165182119513054.jpg,https://www.matalan.co.uk/clothing/papaya-petite-jolie-mid-wash-relaxed-skinny-jeans/14488817.html,Red Friday Deal,£21.00,£10.50
31,Jeans,Papaya,Black,Papaya Petite Jessie Black High Waisted Skinny Jeans,https://ml.thcdn.com/productimg/960/960/14488809-1985037172908477.jpg,https://www.matalan.co.uk/clothing/papaya-petite-jessie-black-high-waisted-skinny-jeans/14488809.html,,,£17.00
32,Dresses,Papaya,Floral,Papaya Petite Multicolour Floral Lace Trim Midi Dress,https://ml.thcdn.com/productimg/960/960/15268269-8505172944036883.jpg,https://www.matalan.co.uk/clothing/papaya-petite-multicolour-floral-lace-trim-midi-dress/15268269.html,Red Friday Deal,£26.00,£13.00
33,Leggings & Jeggings,Papaya,Black,Papaya Petite Black Full Length Cotton Leggings,https://ml.thcdn.com/productimg/960/960/14374502-1005037950206416.jpg,https://www.matalan.co.uk/clothing/papaya-petite-black-full-length-cotton-leggings/14374502.html,,,£6.50
34,Knitwear,Papaya,Burgundy,Papaya Petite Burgundy Scatter Sequin Jumper,https://ml.thcdn.com/productimg/960/960/15336263-2115192174252274.jpg,https://www.matalan.co.uk/clothing/papaya-petite-burgundy-scatter-sequin-jumper/15336263.html,20% Off - Matalan Me Member Exclusive,,£24.00
35,Skirts,Papaya,Cream,Papaya Petite Camel Midi Satin Skirt,https://ml.thcdn.com/productimg/960/960/15324826-1295172951308337.jpg,https://www.matalan.co.uk/clothing/papaya-petite-camel-midi-satin-skirt/15324826.html,Red Friday Deal,£17.00,£8.50
36,Tops,Papaya,Gray,Papaya Petite Charcoal Front Wrap Top,https://ml.thcdn.com/productimg/960/960/15279719-8275183858890458.jpg,https://www.matalan.co.uk/clothing/papaya-petite-charcoal-front-wrap-top/15279719.html,,,£12.50
37,Knitwear,Papaya,Cream,Papaya Petite Cream Tinsel Jumper,https://ml.thcdn.com/productimg/960/960/15350945-1235188826266884.jpg,https://www.matalan.co.uk/clothing/papaya-petite-cream-tinsel-jumper/15350945.html,20% Off - Matalan Me Member Exclusive,,£24.00
38,Jumpsuits & Playsuits,Papaya,Black,Papaya Petite Black Jumpsuit,https://ml.thcdn.com/productimg/960/960/15268213-1855183593139316.jpg,https://www.matalan.co.uk/clothing/papaya-petite-black-jumpsuit/15268213.html,SALE,£22.00,£11.00
39,Skirts,Papaya,White,Papaya Petite White Spot Print Midi Skirt,https://ml.thcdn.com/productimg/960/960/15263823-1725170618146963.jpg,https://www.matalan.co.uk/clothing/papaya-petite-white-spot-print-midi-skirt/15263823.html,Red Friday Deal,£15.00,£7.50
40,Jeans,Papaya,Black,Papaya Petite Black Ripped Mom Jeans,https://ml.thcdn.com/productimg/960/960/15270765-1635192681411412.jpg,https://www.matalan.co.uk/clothing/papaya-petite-black-ripped-mom-jeans/15270765.html,,,£21.00
41,Dresses,Papaya,Pink,Papaya Petite Pink Floral Midi Dress,https://ml.thcdn.com/productimg/960/960/15268229-1045185454476149.jpg,https://www.matalan.co.uk/clothing/papaya-petite-pink-floral-midi-dress/15268229.html,SALE,£26.00,£18.00
42,Dresses,Papaya,Blue,Papaya Petite Blue Floral Viscose Mini Dress,https://ml.thcdn.com/productimg/960/960/15268285-2065170614040524.jpg,https://www.matalan.co.uk/clothing/papaya-petite-blue-floral-viscose-mini-dress/15268285.html,Red Friday Deal,£15.00,£7.50
43,Coats & Jackets,Papaya,Cream,Papaya Petite Cream Oversized Borg Tailored Coat,https://ml.thcdn.com/productimg/960/960/15324653-5125191151588691.jpg,https://www.matalan.co.uk/clothing/papaya-petite-cream-oversized-borg-tailored-coat/15324653.html,Red Friday Deal – Limited Time Only,£48.00,£38.00
44,Tops,Papaya,Gray,Papaya Petite Grey Ribbed Open Collar Vest,https://ml.thcdn.com/productimg/960/960/15265966-1155188778011344.jpg,https://www.matalan.co.uk/clothing/papaya-petite-grey-ribbed-open-collar-vest/15265966.html,20% Off - Matalan Me Member Exclusive,,£15.00
45,Tops,Papaya,White,Papaya Petite White Floral Ruffled Sides Blouse Top,https://ml.thcdn.com/productimg/960/960/15050786-1445156609534841.jpg,https://www.matalan.co.uk/clothing/papaya-petite-white-floral-ruffled-sides-blouse-top/15050786.html,SALE,£17.00,£5.00
46,Tops,Papaya,Cream,Papaya Petite Cream Check Shirt,https://ml.thcdn.com/productimg/960/960/15337217-1305189275678968.jpg,https://www.matalan.co.uk/clothing/papaya-petite-cream-check-shirt/15337217.html,,,£17.00
47,Tops,Papaya,White,Papaya Petite White Cutwork Sleeve T-Shirt,https://ml.thcdn.com/productimg/960/960/15264862-2115170631754072.jpg,https://www.matalan.co.uk/clothing/papaya-petite-white-cutwork-sleeve-t-shirt/15264862.html,Red Friday Deal,£12.50,£6.00
48,Tops,Papaya,Blue,Papaya Petite Blue Sheered Co Ord Blouse Top,https://ml.thcdn.com/productimg/960/960/15055664-6385164957955487.jpg,https://www.matalan.co.uk/clothing/papaya-petite-blue-sheered-co-ord-blouse-top/15055664.html,SALE,£15.00,£4.50
49,Coats & Jackets,Papaya,Black,Black Papaya Petite Aviator Jacket,https://ml.thcdn.com/productimg/960/960/15336618-2105194802291424.jpg,https://www.matalan.co.uk/clothing/black-papaya-petite-aviator-jacket./15336618.html,,,£45.00
50,Tops,Papaya,Navy,Papaya Petite Navy Paisley Pocket Detail Box Top,https://ml.thcdn.com/productimg/960/960/15267803-4845167586367420.jpg,https://www.matalan.co.uk/clothing/papaya-petite-navy-paisley-pocket-detail-box-top/15267803.html,SALE,£12.50,£6.50
51,Tops,Papaya,Red,Papaya Petite Red Tie Neck Bardot Top,https://ml.thcdn.com/productimg/960/960/15228420-1105154358484409.jpg,https://www.matalan.co.uk/clothing/papaya-petite-red-tie-neck-bardot-top/15228420.html,SALE,£17.00,£7.00
52,Dresses,Papaya,Blue,Papaya Petite Blue Mid Wash Denim Shirt Dress,https://ml.thcdn.com/productimg/960/960/15336276-1655183637918285.jpg,https://www.matalan.co.uk/clothing/papaya-petite-blue-mid-wash-denim-shirt-dress/15336276.html,,,£28.00
53,Tops,Papaya,Black,Papaya Petite Black Floral Chiffon Blouse,https://ml.thcdn.com/productimg/960/960/15336568-1595192401108689.jpg,https://www.matalan.co.uk/clothing/papaya-petite-black-floral-chiffon-blouse/15336568.html,,,£17.00
54,Knitwear,Papaya,Gray,Papaya Petite Charcoal Scatter Sequin Jumper,https://ml.thcdn.com/productimg/960/960/15336231-1285196083077521.jpg,https://www.matalan.co.uk/clothing/papaya-petite-charcoal-scatter-sequin-jumper/15336231.html,20% Off - Matalan Me Member Exclusive,,£24.00
55,Tops,Papaya,Navy,Papaya Petite Navy Cutwork Sleeve T-Shirt,https://ml.thcdn.com/productimg/960/960/15279727-7045188781009208.jpg,https://www.matalan.co.uk/clothing/papaya-petite-navy-cutwork-sleeve-t-shirt/15279727.html,,,£12.50
56,Dresses,Papaya,Brown,Papaya Petite Brown Button Through Shirt Midi Shirt Dress,https://ml.thcdn.com/productimg/960/960/15268221-1855176129424601.jpg,https://www.matalan.co.uk/clothing/papaya-petite-brown-button-through-shirt-midi-shirt-dress/15268221.html,SALE,£20.00,£10.00
57,Knitwear,Papaya,Gray,Papaya Petite Grey Knitted Half Zip Jumper,https://ml.thcdn.com/productimg/960/960/15336271-2085188794283317.jpg,https://www.matalan.co.uk/clothing/papaya-petite-grey-knitted-half-zip-jumper/15336271.html,20% Off - Matalan Me Member Exclusive,,£22.00
58,Tops,Papaya,Brown,Papaya Petite Brown Animal Mesh Blouse,https://ml.thcdn.com/productimg/960/960/15324016-2145194491658827.jpg,https://www.matalan.co.uk/clothing/papaya-petite-brown-animal-mesh-blouse/15324016.html,Red Friday Deal – Limited Time Only,£17.00,£12.75
59,Tops,Papaya,Pink,Papaya Petite Pink Oversized Graphic T Shirt,https://ml.thcdn.com/productimg/960/960/15264888-6565190861493800.jpg,https://www.matalan.co.uk/clothing/papaya-petite-pink-oversized-graphic-t-shirt/15264888.html,,,£10.00
60,Tops,Papaya,Red,Papaya Petite Red V-Neck Co Ord Blouse,https://ml.thcdn.com/productimg/960/960/15207921-4845152257423834.jpg,https://www.matalan.co.uk/clothing/papaya-petite-red-v-neck-co-ord-blouse/15207921.html,SALE,£15.00,£7.00
61,Trousers,Papaya,Red,Papaya Petite Red Co Ord Wide Leg Trousers,https://ml.thcdn.com/productimg/960/960/15149913-3885170612979148.jpg,https://www.matalan.co.uk/clothing/papaya-petite-red-co-ord-wide-leg-trousers/15149913.html,SALE,£19.00,£6.00
62,Tops,Papaya,Cream,Papaya Petite Cream Wellness Sweatshirt,https://ml.thcdn.com/productimg/960/960/15350907-1105189348914410.jpg,https://www.matalan.co.uk/clothing/papaya-petite-cream-wellness-sweatshirt/15350907.html,,,£18.00
63,Tops,Papaya,Gray,Papaya Petite Charcoal Textured Co Ord Top,https://ml.thcdn.com/productimg/960/960/15043886-7245132816399658.jpg,https://www.matalan.co.uk/clothing/papaya-petite-charcoal-textured-co-ord-top/15043886.html,,,£12.50
64,Tops,Papaya,Cream,Papaya Petite Cream Lace T-Shirt,https://ml.thcdn.com/productimg/960/960/15055274-1425154565007607.jpg,https://www.matalan.co.uk/clothing/papaya-petite-cream-lace-t-shirt/15055274.html,SALE,£15.00,£10.50
65,Tops,Papaya,Black,Papaya Petite Black Oversized Wellness T-Shirt,https://ml.thcdn.com/productimg/960/960/15324544-2025190605693163.jpg,https://www.matalan.co.uk/clothing/papaya-petite-black-oversized-wellness-t-shirt/15324544.html,,,£10.00
66,Dresses,Papaya,Cream,Papaya Petite Cream Scoop Neck Midi Dress,https://ml.thcdn.com/productimg/960/960/15391438-6785181363211047.jpg,https://www.matalan.co.uk/clothing/papaya-petite-cream-scoop-neck-midi-dress/15391438.html,SALE,£17.00,£8.50
67,Dresses,Papaya,Brown,Papaya Petite Brown Animal Plisse Midi Dress,https://ml.thcdn.com/productimg/960/960/15336186-1775192969695992.jpg,https://www.matalan.co.uk/clothing/papaya-petite-brown-animal-plisse-midi-dress/15336186.html,,,£24.00
68,Dresses,Papaya,Brown,Papaya Petite Brown Leopard Print Boho Midi Dress,https://ml.thcdn.com/productimg/960/960/15040009-1065134888204134.jpg,https://www.matalan.co.uk/clothing/papaya-petite-brown-leopard-print-boho-midi-dress/15040009.html,SALE,£25.00,£7.00
69,Trousers,Papaya,Red,Papaya Petite Red Scarf Print Wide Leg Trousers,https://ml.thcdn.com/productimg/960/960/15149921-5745151179277048.jpg,https://www.matalan.co.uk/clothing/papaya-petite-red-scarf-print-wide-leg-trousers/15149921.html,SALE,£15.00,£10.50
70,Dresses,Papaya,Khaki,Papaya Petite Khaki Hyper Textured Midi Dress,https://ml.thcdn.com/productimg/960/960/15061011-1985139521959575.jpg,https://www.matalan.co.uk/clothing/papaya-petite-khaki-hyper-textured-midi-dress/15061011.html,SALE,£15.00,£10.50
71,Dresses,Papaya,Navy,Papaya Petite Navy Daisy Viscose Cami Midi Dress,https://ml.thcdn.com/productimg/960/960/15208198-1315150960611692.jpg,https://www.matalan.co.uk/clothing/papaya-petite-navy-daisy-viscose-cami-midi-dress/15208198.html,SALE,£15.00,£4.50
72,Tops,Papaya,,Papaya Petite Textured Cami Top,https://ml.thcdn.com/productimg/960/960/15149853-9355152257933411.jpg,https://www.matalan.co.uk/clothing/papaya-petite-textured-cami-top/15149853.html,SALE,£9.00,£2.50
73,Dresses,Papaya,Navy,Papaya Petite Navy Paisley Midi Dress,https://ml.thcdn.com/productimg/381/533/15268205-8025181352731429.jpg,https://www.matalan.co.uk/clothing/papaya-petite-navy-paisley-midi-dress/15268205.html,,£26.00,£15.50
74,Dresses,Papaya,Floral,Papaya Petite Multicolour Floral Woven Frill Mini Dress,https://ml.thcdn.com/productimg/960/960/15084143-3095134870238154.jpg,https://www.matalan.co.uk/clothing/papaya-petite-multicolour-floral-woven-frill-mini-dress/15084143.html,,£21.00,£6.00
75,Skirts,Papaya,Pink,Papaya Petite Pink Aztec Print Midi Skirt,https://ml.thcdn.com/productimg/960/960/15060665-1295140358267064.jpg,https://www.matalan.co.uk/clothing/papaya-petite-pink-aztec-print-midi-skirt/15060665.html,,£17.00,£5.00
76,Tops,Papaya,,Papaya Petite Textured Cami Top,https://ml.thcdn.com/productimg/960/960/15149853-9355152257933411.jpg,https://www.matalan.co.uk/clothing/papaya-petite-textured-cami-top/15149853.html,,£9.00,£2.50
77,Tops,Papaya,Floral,Papaya Petite Monochrome Floral Cami Top,https://ml.thcdn.com/productimg/960/960/15267493-2115170632488049.jpg,https://www.matalan.co.uk/clothing/papaya-petite-monochrome-floral-cami-top/15267493.html,,£8.00,£3.00
