Brand,Category,Colour,Product Link,Main Image,Product Name,Current Price,,,,,,,,,,
Mint Velvet,Jeans,Gray,https://mintvelvet.com/products/silver-coated-slim-jean,https://mintvelvet.com/cdn/shop/files/silver-coated-slim-jean_2_241024112617_840x.jpg?v=1224930,Silver Coated Every Occasion Slim Jeans,£110.00,,,,,,,,,,silver coated every occasion slim jeans
Mint Velvet,Jeans,Black,https://mintvelvet.com/products/black-fitted-flared-jean,https://mintvelvet.com/cdn/shop/files/black-fitted-flared-jean_1_24103102489_840x.jpg?v=1224930,Black Fitted Flared Jeans,£89.00,,,,,,,,,,black fitted flared jeans
Mint Velvet,Jeans,Black,https://mintvelvet.com/products/washed-black-flared-jean,https://mintvelvet.com/cdn/shop/files/washed-black-flared-jean_1_240904120534_840x.jpg?v=1224930,Washed Black Flared Jeans,£99.00,,,,,,,,,,washed black flared jeans
Mint Velvet,Jeans,Black,https://mintvelvet.com/products/washed-black-diamante-wide,https://mintvelvet.com/cdn/shop/files/washed-black-diamante-wide_1_241024112654_840x.jpg?v=1224930,Washed Black Diamante Wide Jeans,£135.00,,,,,,,,,,washed black diamante wide jeans
Mint Velvet,Trousers,Black,https://mintvelvet.com/products/black-pleat-wide-leg-trouser,https://mintvelvet.com/cdn/shop/files/black-pleat-wide-leg-trouser_1_24111209210_840x.jpg?v=1224930,Black Pleated Wide Leg Trousers,£99.00,,,,,,,,,,black pleated wide leg trousers
Mint Velvet,Trousers,Black,https://mintvelvet.com/products/black-studded-wide-leg-trouser,https://mintvelvet.com/cdn/shop/files/black-studded-wide-leg-trouser_1_24082811494_840x.jpg?v=1224930,Black Studded Wide Leg Trousers,£99.00,,,,,,,,,,black studded wide leg trousers
Mint Velvet,Jeans,Blue,https://mintvelvet.com/products/mid-indigo-relaxed-flare-jeans,https://mintvelvet.com/cdn/shop/files/mid-indigo-relaxed-flare-jeans_1_241024112528_840x.jpg?v=1224930,Mid Indigo Relaxed Flare Contrast Jeans,£99.00,,,,,,,,,,mid indigo relaxed flare contrast jeans
Mint Velvet,Jeans,Blue,https://mintvelvet.com/products/mid-indigo-straight-jean,https://mintvelvet.com/cdn/shop/files/mid-indigo-straight-jean_1_240809105131_840x.jpg?v=1224930,Mid Indigo Straight Jeans,£89.00,,,,,,,,,,mid indigo straight jeans
Mint Velvet,Jeans,Blue,https://mintvelvet.com/products/dark-indigo-pleated-wide-jean,https://mintvelvet.com/cdn/shop/files/dark-indigo-pleated-wide-jean_1_24102310286_840x.jpg?v=1224930,Dark Indigo Pleat Front Wide Jeans,£99.00,,,,,,,,,,dark indigo pleat front wide jeans
Mint Velvet,Jeans,Gray,https://mintvelvet.com/products/grey-skinny-jean,https://mintvelvet.com/cdn/shop/files/grey-skinny-jean_1_24080910531_840x.jpg?v=1224930,Grey Wash Sculpting Skinny Jeans,£89.00,,,,,,,,,,grey wash sculpting skinny jeans
Mint Velvet,Trousers,Grey,https://mintvelvet.com/products/taupe-tailored-pleat-trouser,https://mintvelvet.com/cdn/shop/files/taupe-tailored-pleat-trouser_1_241021034634_840x.jpg?v=1224930,Grey Tailored Straight Trousers,£135.00,,,,,,,,,,grey tailored straight trousers
Mint Velvet,Jeans,Black,https://mintvelvet.com/products/washed-black-pleated-wide-jean,https://mintvelvet.com/cdn/shop/files/washed-black-pleated-wide-jean_1_241010103955_840x.jpg?v=1224930,Washed Black Pleated Wide Jeans,£99.00,,,,,,,,,,washed black pleated wide jeans
Mint Velvet,Trousers,Khaki,https://mintvelvet.com/products/geo-print-wide-leg-trouser,https://mintvelvet.com/cdn/shop/files/geo-print-wide-leg-trouser_1_240904040728_840x.jpg?v=1224930,Khaki Geo Print Wide Leg Trousers,£99.00,,,,,,,,,,khaki geo print wide leg trousers
Mint Velvet,Trousers,Blue,https://mintvelvet.com/products/navy-cotton-blend-slim-trousers,https://mintvelvet.com/cdn/shop/files/slim-compact-trouser_1_241018105748_840x.jpg?v=1224930,Navy Cotton Blend Slim Trousers,£89.00,,,,,,,,,,navy cotton blend slim trousers
Mint Velvet,Jeans,Blue,https://mintvelvet.com/products/mid-indigo-sculpting-skinny-jeans,https://mintvelvet.com/cdn/shop/files/mid-indigo-skinny-jean_1_240715110418_840x.jpg?v=1224930,Mid Indigo Sculpting Skinny Jeans,£89.00,,,,,,,,,,mid indigo sculpting skinny jeans
Mint Velvet,Trousers,Black,https://mintvelvet.com/products/black-velvet-wide-trousers-1,https://mintvelvet.com/cdn/shop/files/black-velvet-wide-trousers-1_1_240919074216_840x.jpg?v=1224930,Black Velvet Wide Trousers,£69.00,,,,,,,,,,black velvet wide trousers
Mint Velvet,Trousers,Black,https://mintvelvet.com/products/black-button-flare-trouser,https://mintvelvet.com/cdn/shop/files/black-button-flare-trouser_1_240808114036_840x.jpg?v=1224930,Black Button Detail Flared Trousers,£99.00,,,,,,,,,,black button detail flared trousers
Mint Velvet,Trousers,Black,https://mintvelvet.com/products/black-lace-flare-trousers,https://mintvelvet.com/cdn/shop/files/black-lace-flare-trousers_1_240918014047_840x.jpg?v=1224930,Black Lace Sequin Trousers,£145.00,,,,,,,,,,black lace sequin trousers
Mint Velvet,Jeans,Black,https://mintvelvet.com/products/washed-black-sculpting-skinny-jeans,https://mintvelvet.com/cdn/shop/files/washed-black-skinny-jean_1_240715110435_840x.jpg?v=1224930,Washed Black Sculpting Skinny Jeans,£89.00,,,,,,,,,,washed black sculpting skinny jeans
Mint Velvet,Jeans,Blue,https://mintvelvet.com/products/dark-indigo-tailored-wide-jean,https://mintvelvet.com/cdn/shop/files/dark-indigo-tailored-wide-jean_1_240904085547_840x.jpg?v=1224930,Dark Indigo Tailored Wide Jeans,£99.00,,,,,,,,,,dark indigo tailored wide jeans
Mint Velvet,Jeans,Blue,https://mintvelvet.com/products/dark-indigo-super-soft-wide-jeans,https://mintvelvet.com/cdn/shop/files/dark-indigo-super-soft-wide_1_240809105043_840x.jpg?v=1224930,Dark Indigo Super Soft Wide Jeans,£89.00,,,,,,,,,,dark indigo super soft wide jeans
Mint Velvet,Trousers,Black,https://mintvelvet.com/products/black-side-stripe-trouser,https://mintvelvet.com/cdn/shop/files/black-side-stripe-trouser_1_241112024336_840x.jpg?v=1224930,Black Side Stripe Wide Trousers,£99.00,,,,,,,,,,black side stripe wide trousers
Mint Velvet,Jeans,Blue,https://mintvelvet.com/products/dark-indigo-flare,https://mintvelvet.com/cdn/shop/files/dark-indigo-flare_1_240911054431_840x.jpg?v=1224930,Dark Indigo Flare Jeans,£89.00,,,,,,,,,,dark indigo flare jeans
Mint Velvet,Jeans,Black,https://mintvelvet.com/products/washed-black-tapered-jean,https://mintvelvet.com/cdn/shop/files/washed-black-tapered-jean_1_240903092342_840x.jpg?v=1224930,Washed Black Tapered Barrel Jeans,£99.00,,,,,,,,,,washed black tapered barrel jeans
Mint Velvet,Jeans,Blue,https://mintvelvet.com/products/dark-indigo-sculpting-skinny-jean,https://mintvelvet.com/cdn/shop/files/dark-indigo-skinny-jean_1_240815120942_840x.jpg?v=1224930,Dark Indigo Sculpting Skinny Jean,£89.00,,,,,,,,,,dark indigo sculpting skinny jean
Mint Velvet,Trousers,Blue,https://mintvelvet.com/products/navy-slim-trousers,https://mintvelvet.com/cdn/shop/files/navy-tapered-trouser_1_24091907431_840x.jpg?v=1224930,Navy Slim Trousers,£99.00,,,,,,,,,,navy slim trousers
Mint Velvet,Trousers,Black,https://mintvelvet.com/products/products-black-velvet-flare,https://mintvelvet.com/cdn/shop/files/black-velvet-flare_1_240918035342_840x.jpg?v=1224930,Black Velvet Flared Trousers,£130.00,,,,,,,,,,black velvet flared trousers
Mint Velvet,Jeans,Brown,https://mintvelvet.com/products/leopard-print-slim-jean,https://mintvelvet.com/cdn/shop/files/011035161_1_840x.jpg?v=1224930,Leopard Print Slim Jeans,£89.00,,,,,,,,,,leopard print slim jeans
Mint Velvet,Trousers,Blue,https://mintvelvet.com/products/navy-pinstripe-wide-trouser,https://mintvelvet.com/cdn/shop/files/navy-pinstripe-wide-trouser_1_240726091321_840x.jpg?v=1224930,Navy Pinstripe Wide Trousers,£79.00,,,,,,,,,,navy pinstripe wide trousers
Mint Velvet,Trousers,Black,https://mintvelvet.com/products/black-slim-fit-trousers,https://mintvelvet.com/cdn/shop/files/black-slim-fit-trousers_1_241112092330_840x.jpg?v=1224930,Black Slim Trousers,£89.00,,,,,,,,,,black slim trousers
Mint Velvet,Leggings & Jeggings,Black,https://mintvelvet.com/products/black-seam-detail-tregging,https://mintvelvet.com/cdn/shop/files/black-seam-detail-tregging_1_241018110110_840x.jpg?v=1224930,Black Seam Detail Skinny Treggings,£79.00,,,,,,,,,,black seam detail skinny treggings
Mint Velvet,Trousers,Black,https://mintvelvet.com/products/black-kick-flare-trouser,https://mintvelvet.com/cdn/shop/files/black-kick-flare-trouser_1_241008104458_840x.jpg?v=1224930,Black Kick Flare Cropped Trousers,£89.00,,,,,,,,,,black kick flare cropped trousers
Mint Velvet,Trousers,Blue,https://mintvelvet.com/products/navy-split-hem-trousers,https://mintvelvet.com/cdn/shop/files/navy-split-hem-trouser_1_24071211064_840x.jpg?v=1224930,Navy Split Hem Trousers,£79.00,,,,,,,,,,navy split hem trousers
Mint Velvet,Trousers,Black,https://mintvelvet.com/products/black-flare-trousers,https://mintvelvet.com/cdn/shop/files/black-flare-trousers_1_240918014033_840x.jpg?v=1224930,Black Flare Trousers,£129.00,,,,,,,,,,black flare trousers
Mint Velvet,Trousers,Black,https://mintvelvet.com/products/products-black-pleated-tapered-trouser,https://mintvelvet.com/cdn/shop/files/black-pleated-tapered-trouser_1_240828015641_840x.jpg?v=1224930,Black Tailored Tapered Trousers,£135.00,,,,,,,,,,black tailored tapered trousers
Mint Velvet,Jeans,Gray,https://mintvelvet.com/products/snake-print-slim-jean,https://mintvelvet.com/cdn/shop/files/snake-print-slim-jean_1_24101402526_840x.jpg?v=1224930,Snake Print Slim Jeans,£89.00,,,,,,,,,,snake print slim jeans
Mint Velvet,Jeans,Blue,https://mintvelvet.com/products/mid-indigo-tie-waist-wide-jean,https://mintvelvet.com/cdn/shop/files/mid-indigo-tie-waist-wide-jean_1_241128115028_840x.jpg?v=1224930,Mid Indigo Tie Wide Jeans,£89.00,,,,,,,,,,mid indigo tie wide jeans
Mint Velvet,Trousers,Black,https://mintvelvet.com/products/black-tapered-trouser,https://mintvelvet.com/cdn/shop/files/black-tapered-trouser_1_24091907431_840x.jpg?v=1224930,Black Slim Trousers,£99.00,,,,,,,,,,black slim trousers
Mint Velvet,Trousers,Red,https://mintvelvet.com/products/red-side-stripe-trouser,https://mintvelvet.com/cdn/shop/files/red-side-stripe-trouser_1_24071004245_840x.jpg?v=1224930,Red Side Stripe Trousers,£109.00,,,,,,,,,,red side stripe trousers
Mint Velvet,Jeans,Gray,https://mintvelvet.com/products/snake-print-cargo-straight-jeans,https://mintvelvet.com/cdn/shop/files/snake-print-cargo-straight-jeans_1_240827084612_840x.jpg?v=1224930,Snake Print Cargo Straight Jeans,£99.00,,,,,,,,,,snake print cargo straight jeans
Mint Velvet,Trousers,Black,https://mintvelvet.com/products/black-satin-tie-waist-trouser,https://mintvelvet.com/cdn/shop/files/black-satin-tie-waist-trouser_1_241018105844_840x.jpg?v=1224930,Black Satin Wide Trousers,£99.00,,,,,,,,,,black satin wide trousers
Mint Velvet,Jeans,Gray,https://mintvelvet.com/products/washed-grey-wide-leg-jean,https://mintvelvet.com/cdn/shop/files/washed-grey-wide-leg-jean_1_241112093633_840x.jpg?v=1224930,Washed Grey Wide Leg Jean,£89.00,,,,,,,,,,washed grey wide leg jean
Mint Velvet,Trousers,Gray,https://mintvelvet.com/products/grey-pleat-wide-trouser,https://mintvelvet.com/cdn/shop/files/grey-pleat-wide-trouser_1_240717103053_840x.jpg?v=1224930,Grey Pleated Wide Trousers,£120.00,,,,,,,,,,grey pleated wide trousers
Mint Velvet,Jeans,Brown,https://mintvelvet.com/products/leopard-print-straight-jean,https://mintvelvet.com/cdn/shop/files/leopard-print-straight-jean_1_240909090530_840x.jpg?v=1224930,Leopard Print Straight Cargo Jeans,£99.00,,,,,,,,,,leopard print straight cargo jeans
Mint Velvet,Trousers,Black,https://mintvelvet.com/products/black-pu-wide-leg-trouser,https://mintvelvet.com/cdn/shop/files/black-pu-wide-leg-trouser_1_240821095049_840x.jpg?v=1224930,Black Faux Leather Wide Leg Trousers,£110.00,,,,,,,,,,black faux leather wide leg trousers
Mint Velvet,Jeans,Gray,https://mintvelvet.com/products/washed-grey-relaxed-leg-jean,https://mintvelvet.com/cdn/shop/files/washed-grey-relaxed-leg-jean_1_240809105111_840x.jpg?v=1224930,Washed Grey Relaxed Straight Jeans,£89.00,,,,,,,,,,washed grey relaxed straight jeans
Mint Velvet,Trousers,Blue,https://mintvelvet.com/products/navy-side-stripe-trouser,https://mintvelvet.com/cdn/shop/files/navy-side-stripe-trouser_1_240710023953_840x.jpg?v=1224930,Navy Side Stripe Trousers,£109.00,,,,,,,,,,navy side stripe trousers
Mint Velvet,Trousers,Black,https://mintvelvet.com/products/black-zip-front-trousers,https://mintvelvet.com/cdn/shop/files/black-zip-front-trousers_1_240820074746_840x.jpg?v=1224930,Black Zip Front Trousers,£99.00,,,,,,,,,,black zip front trousers
Mint Velvet,Trousers,Cream,https://mintvelvet.com/products/neutral-check-pleat-trouser,https://mintvelvet.com/cdn/shop/files/neutral-check-pleat-trouser_1_240830125454_840x.jpg?v=1224930,Neutral Check Side Stripe Trousers,£120.00,,,,,,,,,,neutral check side stripe trousers
Mint Velvet,Trousers,Khaki,https://mintvelvet.com/products/khaki-side-stripe-trouser,https://mintvelvet.com/cdn/shop/files/khaki-side-stripe-trouser_1_241210033542_840x.jpg?v=1224930,Khaki Side Stripe Straight Trousers,£110.00,,,,,,,,,,khaki side stripe straight trousers
Mint Velvet,Trousers,Black,https://mintvelvet.com/products/black-waist-detail-trouser,https://mintvelvet.com/cdn/shop/files/black-waist-detail-trouser_1_240801092654_840x.jpg?v=1224930,Black Waist Detail Straight Trousers,£99.00,,,,,,,,,,black waist detail straight trousers
Mint Velvet,Jeans,Black,https://mintvelvet.com/products/black-cropped-wide-jeans,https://mintvelvet.com/cdn/shop/files/black-crop-widejean_1_240816011032_840x.jpg?v=1224930,Black Cropped Wide Jeans,£89.00,,,,,,,,,,black cropped wide jeans
Mint Velvet,Trousers,Burgundy,https://mintvelvet.com/products/products-burgundy-satin-pleat-trouser,https://mintvelvet.com/cdn/shop/files/products-burgundy-satin-pleat-trouser_1_241014095327_840x.jpg?v=1224930,Burgundy Satin Wide Trousers,£140.00,,,,,,,,,,burgundy satin wide trousers
Mint Velvet,Jeans,Black,https://mintvelvet.com/products/coated-black-straight-jean,https://mintvelvet.com/cdn/shop/files/coated-black-straight-jean_1_240911094533_840x.jpg?v=1224930,Black Coated Straight Jeans,£99.00,,,,,,,,,,black coated straight jeans
Mint Velvet,Trousers,Black,https://mintvelvet.com/products/abstract-print-wide-trouser,https://mintvelvet.com/cdn/shop/files/abstract-print-wide-trouser_1_240820074445_840x.jpg?v=1224930,Black Abstract Print Wide Trousers,£99.00,,,,,,,,,,black abstract print wide trousers
Mint Velvet,Trousers,White,https://mintvelvet.com/products/products-ivory-wide-leg-darted-trouser,https://mintvelvet.com/cdn/shop/files/ivory-wide-leg-darted-trouser_1_240918014033_840x.jpg?v=1224930,White Wide Leg Darted Trousers,£135.00,,,,,,,,,,white wide leg darted trousers
Mint Velvet,Jeans,White,https://mintvelvet.com/products/cream-workable-wide-jeans,https://mintvelvet.com/cdn/shop/files/cream-workable-wide-jeans_1_240809105439_840x.jpg?v=1224930,White Workable Wide Jeans,£99.00,,,,,,,,,,white workable wide jeans
Mint Velvet,Jeans,Black,https://mintvelvet.com/products/washed-black-wide-leg-jean,https://mintvelvet.com/cdn/shop/files/washed-black-wide-leg-jean_1_240805040727_840x.jpg?v=1224930,Washed Black Super Soft Wide Leg Jeans,£89.00,,,,,,,,,,washed black super soft wide leg jeans
Mint Velvet,Trousers,Black,https://mintvelvet.com/products/black-wide-leg-trousers-1,https://mintvelvet.com/cdn/shop/files/black-wide-leg-darted-trouser_1_240626112345_840x.jpg?v=1224930,Black Wide Leg Trousers,£135.00,,,,,,,,,,black wide leg trousers
Mint Velvet,Trousers,Brown,https://mintvelvet.com/products/animal-print-wide-leg-trouser,https://mintvelvet.com/cdn/shop/files/animal-print-wide-leg-trouser_1_240820025050_840x.jpg?v=1224930,Leopard Print Wide Leg Trousers,£99.00,,,,,,,,,,leopard print wide leg trousers
Mint Velvet,Jeans,Black,https://mintvelvet.com/products/washed-black-studded-wide-jean,https://mintvelvet.com/cdn/shop/files/washed-black-studded-wide-jean_1_240910095953_840x.jpg?v=1224930,Washed Black Studded Wide Jeans,£119.00,,,,,,,,,,washed black studded wide jeans
Mint Velvet,Trousers,Khaki,https://mintvelvet.com/products/khaki-leather-tapered-trouser,https://mintvelvet.com/cdn/shop/files/khaki-leather-tapered-trouser_1_241002104340_840x.jpg?v=1224930,Khaki Leather Tapered Trousers,£299.00,,,,,,,,,,khaki leather tapered trousers
Mint Velvet,Jeans,Blue,https://mintvelvet.com/products/mid-indigo-crop-wide-jeans,https://mintvelvet.com/cdn/shop/files/mid-indigo-crop-wide-jeans_1_240809105537_840x.jpg?v=1224930,Mid Indigo Crop Wide Jeans,£89.00,,,,,,,,,,mid indigo crop wide jeans
Mint Velvet,Jeans,Black,https://mintvelvet.com/products/black-mid-rise-slim-jeans,https://mintvelvet.com/cdn/shop/files/black-mid-rise-slim-jeans_1_240809104953_840x.jpg?v=1224930,Black Mid Rise Slim Jeans,£89.00,,,,,,,,,,black mid rise slim jeans
Mint Velvet,Trousers,Gray,https://mintvelvet.com/products/grey-drawstring-wide-trousers,https://mintvelvet.com/cdn/shop/files/grey-drawstring-wide-trousers_1_24062601406_840x.jpg?v=1224930,Grey Drawstring Wide Trousers,£99.00,,,,,,,,,,grey drawstring wide trousers
Mint Velvet,Jeans,Khaki,https://mintvelvet.com/products/camouflage-cargo-straight-jean,https://mintvelvet.com/cdn/shop/files/camouflage-cargo-straight-jean_2_240516124044_840x.jpg?v=1224930,Camouflage Print Straight Jeans,£99.00,,,,,,,,,,camouflage print straight jeans
Mint Velvet,Trousers,Black,https://mintvelvet.com/products/black-tapered-trousers-1,https://mintvelvet.com/cdn/shop/files/black-tapered-trousers-1_1_240730072720_840x.jpg?v=1224930,Black Tapered Pleated Trousers,£119.00,,,,,,,,,,black tapered pleated trousers
Mint Velvet,Trousers,Gray,https://mintvelvet.com/products/grey-pleated-tailored-trousers,https://mintvelvet.com/cdn/shop/files/grey-pleated-tailored-trousers_1_240805081930_840x.jpg?v=1224930,Grey Pleated Tailored Trousers,£119.00,,,,,,,,,,grey pleated tailored trousers
Mint Velvet,Jeans,Blue,https://mintvelvet.com/products/indigo-pleat-front-wide-jeans,https://mintvelvet.com/cdn/shop/files/indigo-pleat-front-wide-jeans_1_240715110946_840x.jpg?v=1224930,Indigo Pleat Front Wide Jeans,£99.00,,,,,,,,,,indigo pleat front wide jeans
Mint Velvet,Trousers,Blue,https://mintvelvet.com/products/navy-drawstring-wide-trousers,https://mintvelvet.com/cdn/shop/files/navy-drawstring-wide-trousers_1_240801113643_840x.jpg?v=1224930,Navy Drawstring Wide Trousers,£99.00,,,,,,,,,,navy drawstring wide trousers
Mint Velvet,Trousers,Black,https://mintvelvet.com/products/black-wide-waist-detail-trousers,https://mintvelvet.com/cdn/shop/files/black-wide-waist-detail-trousers_1_240729023944_840x.jpg?v=1224930,Black Wide Leg Trousers,£119.00,,,,,,,,,,black wide leg trousers
Mint Velvet,Jeans,Blue,https://mintvelvet.com/products/light-indigo-wide-jeans,https://mintvelvet.com/cdn/shop/files/light-indigo-wide-jeans_1_241024022015_840x.jpg?v=1224930,Light Indigo Wide Jeans,£99.00,,,,,,,,,,light indigo wide jeans
Mint Velvet,Jeans,Blue,https://mintvelvet.com/products/indigo-relaxed-wide-jeans,https://mintvelvet.com/cdn/shop/files/indigo-relaxed-wide-jeans_2_240809104854_840x.jpg?v=1224930,Indigo Relaxed Straight Jeans,£89.00,,,,,,,,,,indigo relaxed straight jeans
Mint Velvet,Jeans,Blue,https://mintvelvet.com/products/mid-indigo-slim-jeans,https://mintvelvet.com/cdn/shop/files/mid-indigo-slim-jeans_1_240809110652_840x.jpg?v=1224930,Mid Indigo Slim Jeans,£89.00,,,,,,,,,,mid indigo slim jeans
Mint Velvet,Trousers,Black,https://mintvelvet.com/products/black-pleated-wide-trousers,https://mintvelvet.com/cdn/shop/files/plisse-wide-leg-trouser-1_1_240322024731_840x.jpg?v=1224930,Black Pleated Wide Trousers,£59.00,,,,,,,,,,black pleated wide trousers
Mint Velvet,Jeans,Blue,https://mintvelvet.com/products/mid-indigo-workable-wide-jeans,https://mintvelvet.com/cdn/shop/files/mid-indigo-workable-wide-jeans_1_240923012845_840x.jpg?v=1224930,Mid Indigo Workable Wide Jeans,£99.00,,,,,,,,,,mid indigo workable wide jeans
Mint Velvet,Jeans,Gray,https://mintvelvet.com/products/grey-carpenter-slim-jean,https://mintvelvet.com/cdn/shop/files/grey-carpenter-slim-jean_1_240729010213_840x.jpg?v=1224930,Grey Carpenter Slim Jeans,£99.00,,,,,,,,,,grey carpenter slim jeans
Mint Velvet,Jeans,Blue,https://mintvelvet.com/products/indigo-seam-detail-wide-jeans,https://mintvelvet.com/cdn/shop/files/indigo-seam-detail-wide-jeans_1_241112093234_840x.jpg?v=1224930,Indigo Seam Detail Jeans,£99.00,,,,,,,,,,indigo seam detail jeans
Mint Velvet,Trousers,Cream,https://mintvelvet.com/products/snake-print-leather-trousers,https://mintvelvet.com/cdn/shop/files/snake-print-leather-trousers_1_241002010727_840x.jpg?v=1224930,Cream Snake Print Leather Trousers,£299.00,,,,,,,,,,cream snake print leather trousers
Mint Velvet,Trousers,Black,https://mintvelvet.com/products/black-palazzo-wide-leg-trouser,https://mintvelvet.com/cdn/shop/files/palazzo-wide-leg-trousers-trousers-mint-velvet-108095_840x.jpg?v=1224930,Black Palazzo Wide Leg Trousers,£45.00,,,,,,,,,,black palazzo wide leg trousers
Mint Velvet,Trousers,Blue,https://mintvelvet.com/products/navy-pleated-wide-trousers,https://mintvelvet.com/cdn/shop/files/pleat-super-wide-trouser_1_240223021241_840x.jpg?v=1224930,Navy Pleated Wide Trousers,£139.00,,,,,,,,,,navy pleated wide trousers
Mint Velvet,Leggings & Jeggings,Black,https://mintvelvet.com/products/black-faux-leather-leggings,https://mintvelvet.com/cdn/shop/products/black-faux-leather-leggings-leggings-mint-velvet-795246_840x.jpg?v=1224930,Black Faux Leather Leggings,£32.00,,,,,,,,,,black faux leather leggings
Mint Velvet,Trousers,Black,https://mintvelvet.com/products/black-palazzo-wide-trousers,https://mintvelvet.com/cdn/shop/products/palazzo-wide-leg-trousers-trousers-mint-velvet-267656_840x.jpg?v=1224930,Black Palazzo Wide Trousers,£45.00,,,,,,,,,,black palazzo wide trousers
Mint Velvet,Leggings & Jeggings,Black,https://mintvelvet.com/products/black-straight-leggings,https://mintvelvet.com/cdn/shop/products/black-straight-leggings-leggings-mint-velvet-252435_840x.jpg?v=1224930,Black Straight Leggings,£19.00,,,,,,,,,,black straight leggings
Mint Velvet,Leggings & Jeggings,Blue,https://mintvelvet.com/products/navy-straight-leggings,https://mintvelvet.com/cdn/shop/products/navy-straight-leggings-leggings-mint-velvet-119628_840x.jpg?v=1224930,Navy Straight Leggings,£19.00,,,,,,,,,,
