Brand,Category,Colour,Product Link,Product Name,Main Image,Current Price,Discount,Original Price
Never Fully Dressed,Dresses,Brown,https://www.neverfullydressed.com/products/chocolate-tilly-dress-petite-new,Chocolate Tilly Dress Petite,https://sfycdn.speedsize.com/0dc5bf78-b39b-46d9-a247-2ffe3bfdc6ca/https://cdn.shopify.com/s/files/1/1993/8771/files/4_2c9b9277-661b-4eea-97f1-d65ad422e170_500x.png,£99.00,,
Never Fully Dressed,Trousers,Gold,https://www.neverfullydressed.com/products/gold-sun-elissa-trousers-petite,Gold Sun Elissa Trousers Petite,https://sfycdn.speedsize.com/0dc5bf78-b39b-46d9-a247-2ffe3bfdc6ca/https://cdn.shopify.com/s/files/1/1993/8771/files/never-fully-dressed-gold-sun-trouser-4_500x.jpg,£79.00,,
Never Fully Dressed,Dresses,Red,https://www.neverfullydressed.com/products/red-kissed-by-nfd-erin-dress-petite,Red Kissed by NFD Erin Dress Petite,https://sfycdn.speedsize.com/0dc5bf78-b39b-46d9-a247-2ffe3bfdc6ca/https://cdn.shopify.com/s/files/1/1993/8771/files/never-fully-dressed-red-kissed-dress-3_fdbd1f37-4798-4722-9cf3-6a8fab0638a9_500x.jpg,£99.00,SUSTAINABLE,
Never Fully Dressed,Skirts,Gray,https://www.neverfullydressed.com/products/gunmetal-sequin-mini-jaspre-skirt-petite,Gunmetal Sequin Mini Jaspre Skirt Petite,https://sfycdn.speedsize.com/0dc5bf78-b39b-46d9-a247-2ffe3bfdc6ca/https://cdn.shopify.com/s/files/1/1993/8771/files/never-fully-dressed-sequin-mini-jaspre-gunmetal-3_500x.jpg,£59.00,SALE,£99.00
Never Fully Dressed,Dresses,Gray,https://www.neverfullydressed.com/products/mallorca-mesh-dress-petite,Mallorca Mesh Dress Petite,https://sfycdn.speedsize.com/0dc5bf78-b39b-46d9-a247-2ffe3bfdc6ca/https://cdn.shopify.com/s/files/1/1993/8771/files/never-fully-dressed-mallorca-mesh-8_91cfa639-492c-4aa3-829e-cb69ee9727c6_500x.jpg,£89.00,,
Never Fully Dressed,Dresses,Gray,https://www.neverfullydressed.com/products/charcoal-clara-dress-petite,Charcoal Clara Dress Petite,https://sfycdn.speedsize.com/0dc5bf78-b39b-46d9-a247-2ffe3bfdc6ca/https://cdn.shopify.com/s/files/1/1993/8771/files/never-fully-dressed-clara-charcoal-6_015c4a71-d229-4a70-8ffd-09bfc8cce6de_500x.jpg,£99.00,,
Never Fully Dressed,Dresses,Gray,https://www.neverfullydressed.com/products/gunmetal-sequin-soho-dress-petite,Gunmetal Sequin Soho Dress Petite,https://sfycdn.speedsize.com/0dc5bf78-b39b-46d9-a247-2ffe3bfdc6ca/https://cdn.shopify.com/s/files/1/1993/8771/files/nfd-sequin-soho-dress-gunmetal-1_588694f6-2b14-4a89-8fb4-b0c970e6c877_500x.jpg,£169.00,,
Never Fully Dressed,Dresses,Blue,https://www.neverfullydressed.com/products/balearic-mesh-dress-petite,Balearic Mesh Dress Petite,https://sfycdn.speedsize.com/0dc5bf78-b39b-46d9-a247-2ffe3bfdc6ca/https://cdn.shopify.com/s/files/1/1993/8771/files/never-fully-dressed-balaeric-mesh-dress-1_56c89e46-326a-4d8e-8a48-ad8833d2bb7e_500x.jpg,£89.00,,
Never Fully Dressed,Dresses,Black,https://www.neverfullydressed.com/products/black-and-cream-mini-monika-dress-petite,Black and Cream Mini Monika Dress Petite,https://sfycdn.speedsize.com/0dc5bf78-b39b-46d9-a247-2ffe3bfdc6ca/https://cdn.shopify.com/s/files/1/1993/8771/files/IMG_0071copy_98a5c78f-7b6b-45e7-9817-20ff05082bcc_500x.jpg,£129.00,,
Never Fully Dressed,Skirts,Red,https://www.neverfullydressed.com/products/red-sequin-mini-jaspre-skirt-petite,Red Sequin Mini Jaspre Skirt Petite,https://sfycdn.speedsize.com/0dc5bf78-b39b-46d9-a247-2ffe3bfdc6ca/https://cdn.shopify.com/s/files/1/1993/8771/files/never-fully-dressed-sequin-red-mini-6_426420de-1970-4cff-8680-c925561a4691_500x.jpg,£99.00,,
Never Fully Dressed,Dresses,Gray,https://www.neverfullydressed.com/products/silver-sequin-kira-wrap-dress-petite,Silver Sequin Kira Wrap Dress Petite,https://sfycdn.speedsize.com/0dc5bf78-b39b-46d9-a247-2ffe3bfdc6ca/https://cdn.shopify.com/s/files/1/1993/8771/files/never-sequin-silver-kira-1_ce22e7fb-2de6-484e-8ac5-495922711c4f_500x.jpg,£169.00,,
Never Fully Dressed,Dresses,Blue,https://www.neverfullydressed.com/products/mexico-emma-dress-petite,Balearic Emma Dress Petite,https://sfycdn.speedsize.com/0dc5bf78-b39b-46d9-a247-2ffe3bfdc6ca/https://cdn.shopify.com/s/files/1/1993/8771/files/never-fully-dressed-mexico-emma-dress-2_7602f368-687a-4619-8dbd-6741a79d9f57_500x.jpg,£129.00,,
Never Fully Dressed,Dresses,Orange,https://www.neverfullydressed.com/products/orange-sunset-mesh-dress-petite,Orange Sunset Mesh Dress Petite,https://sfycdn.speedsize.com/0dc5bf78-b39b-46d9-a247-2ffe3bfdc6ca/https://cdn.shopify.com/s/files/1/1993/8771/files/never-fully-dressed-sunset-2_5f2348b8-d7d1-4407-bb89-ea7ecca33a3a_500x.jpg,£99.00,,
Never Fully Dressed,Dresses,Orange,https://www.neverfullydressed.com/products/orange-sunset-jem-dress-petite,Orange Sunset Jem Dress Petite,https://sfycdn.speedsize.com/0dc5bf78-b39b-46d9-a247-2ffe3bfdc6ca/https://cdn.shopify.com/s/files/1/1993/8771/files/never-fully-dressed-sunset-jem-5_31b9c8f6-e238-40be-b15a-00202cf204db_500x.jpg,£129.00,,
Never Fully Dressed,Coats & Jackets,Brown,https://www.neverfullydressed.com/products/lucia-leopard-denim-55-jacket-petite,Lucia Leopard Denim 55 Coat Petite,https://sfycdn.speedsize.com/0dc5bf78-b39b-46d9-a247-2ffe3bfdc6ca/https://cdn.shopify.com/s/files/1/1993/8771/files/never-fully-dressed-leopard-coat-1_0058254e-1ccb-4b53-ab4c-6ec404661458_500x.jpg,£179.00,,
Never Fully Dressed,Dresses,Black,https://www.neverfullydressed.com/products/black-velvet-midi-vienna-dress-petite,Black Velvet Midi Vienna Dress Petite,https://sfycdn.speedsize.com/0dc5bf78-b39b-46d9-a247-2ffe3bfdc6ca/https://cdn.shopify.com/s/files/1/1993/8771/files/never-fully-dressed-velvet-vienna-2_40e2be9c-920b-41f3-b92d-b771f9c5ba62_500x.jpg,£149.00,,
Never Fully Dressed,Dresses,Black,https://www.neverfullydressed.com/products/black-swallow-romance-emma-dress-petite,Black Swallow Romance Emma Dress Petite,https://sfycdn.speedsize.com/0dc5bf78-b39b-46d9-a247-2ffe3bfdc6ca/https://cdn.shopify.com/s/files/1/1993/8771/files/nfd-black-swallow-emma-2_500x.jpg,£129.00,,
Never Fully Dressed,Dresses,Brown,https://www.neverfullydressed.com/products/chocolate-sequin-mini-vienna-dress-petite,Chocolate Sequin Mini Vienna Dress Petite,https://sfycdn.speedsize.com/0dc5bf78-b39b-46d9-a247-2ffe3bfdc6ca/https://cdn.shopify.com/s/files/1/1993/8771/files/never-fully-dressed-choc-sequin-mini-vienna-1_500x.jpg,£139.00,,
Never Fully Dressed,Dresses,Cream,https://www.neverfullydressed.com/products/multi-marble-tilly-dress-petite,Multi Marble Tilly Dress Petite,https://sfycdn.speedsize.com/0dc5bf78-b39b-46d9-a247-2ffe3bfdc6ca/https://cdn.shopify.com/s/files/1/1993/8771/files/never-fully-dressed-marble-tilly-1_ac61b335-e102-40b6-9156-065ab4961e75_500x.jpg,£129.00,,
Never Fully Dressed,Dresses,Black,https://www.neverfullydressed.com/products/black-sundazed-romance-austin-dress-petite,Black Sundazed Romance Austin Dress Petite,https://sfycdn.speedsize.com/0dc5bf78-b39b-46d9-a247-2ffe3bfdc6ca/https://cdn.shopify.com/s/files/1/1993/8771/files/never-fully-dressed-sundazed-austin-dress-4_500x.jpg,£109.00,,
Never Fully Dressed,Dresses,Black,https://www.neverfullydressed.com/products/black-mimi-dress-with-stud-trim-petite,Black Mimi Dress with Stud Trim Petite,https://sfycdn.speedsize.com/0dc5bf78-b39b-46d9-a247-2ffe3bfdc6ca/https://cdn.shopify.com/s/files/1/1993/8771/files/never-fully-dressed-stud-mimi-6_8e8ce821-0c56-4820-a504-ab094112f333_500x.jpg,£129.00,,
Never Fully Dressed,Dresses,Green,https://www.neverfullydressed.com/products/emerald-velvet-tilly-dress-petite,Emerald Velvet Tilly Dress Petite,https://sfycdn.speedsize.com/0dc5bf78-b39b-46d9-a247-2ffe3bfdc6ca/https://cdn.shopify.com/s/files/1/1993/8771/files/never-fully-dressed-velvet-green-tilly-7_85937da9-58ed-49e2-ae50-52ec0b124526_500x.jpg,£129.00,,
Never Fully Dressed,Skirts,Gray,https://www.neverfullydressed.com/products/gunmetal-vegan-leather-mini-jaspre-skirt-petite,Gunmetal Vegan Leather Mini Jaspre Skirt Petite,https://sfycdn.speedsize.com/0dc5bf78-b39b-46d9-a247-2ffe3bfdc6ca/https://cdn.shopify.com/s/files/1/1993/8771/files/never-fully-dressed-gunmetal-mini-jaspre-1_500x.jpg,£49.00,SALE,£89.00
Never Fully Dressed,Dresses,Brown,https://www.neverfullydressed.com/products/chocolate-plisse-wrap-dress-petite,Chocolate Plisse Wrap Dress Petite,https://sfycdn.speedsize.com/0dc5bf78-b39b-46d9-a247-2ffe3bfdc6ca/https://cdn.shopify.com/s/files/1/1993/8771/files/never-fully-dressed-choc-plisse-wrap-1_500x.jpg,£129.00,,
Never Fully Dressed,Dresses,Black,https://www.neverfullydressed.com/products/black-sparkle-kitti-dress-petite,Black Sparkle Kitti Dress Petite,https://sfycdn.speedsize.com/0dc5bf78-b39b-46d9-a247-2ffe3bfdc6ca/https://cdn.shopify.com/s/files/1/1993/8771/files/never-fully-dressed-kitty-dress-7_82b64560-fa18-443f-ada9-4b4bff303270_500x.jpg,£149.00,,
Never Fully Dressed,Dresses,Black,https://www.neverfullydressed.com/products/black-plisse-mini-tilly-dress-petite,Black Plisse Mini Tilly Dress Petite,https://sfycdn.speedsize.com/0dc5bf78-b39b-46d9-a247-2ffe3bfdc6ca/https://cdn.shopify.com/s/files/1/1993/8771/files/never-fully-dressed-mini-tilly-plisse-3_551584ff-411e-4fae-90df-b0cbd094b651_500x.jpg,£89.00,,
Never Fully Dressed,Dresses,Black,https://www.neverfullydressed.com/products/black-sequin-kira-wrap-dress-petite,Black Sequin Kira Wrap Dress Petite,https://cdn.shopify.com/s/files/1/1993/8771/files/Never-fully-dressed-black-sequin-vienna-4_866eb9d1-c489-44d5-92df-268ddd20f98c_500x.jpg,£169.00,,
Never Fully Dressed,Dresses,Gray,https://www.neverfullydressed.com/products/silver-sequin-mini-soho-dress-petite,Silver Sequin Mini Soho Dress Petite,https://cdn.shopify.com/s/files/1/1993/8771/files/never-fully-dressed-sequin-soho-3_500x.jpg,£149.00,LOW STOCK,
Never Fully Dressed,Dresses,Khaki,https://www.neverfullydressed.com/products/olive-sequin-mini-vienna-petite,Olive Sequin Mini Vienna Petite,https://cdn.shopify.com/s/files/1/1993/8771/files/never-fully-dressed-olive-sequin-vienna-6_500x.jpg,£139.00,,
Never Fully Dressed,Trousers,Brown,https://www.neverfullydressed.com/products/chocolate-lace-diva-trousers-petite,Chocolate Lace Diva Trousers Petite,https://cdn.shopify.com/s/files/1/1993/8771/files/never-fully-dressed-choc-trouser-lace4_abde2144-903f-4385-8171-20ffa3a6a02d_500x.jpg,£79.00,,
Never Fully Dressed,Dresses,Pink,https://www.neverfullydressed.com/products/pink-jacquard-tilda-dress-petite,Pink Jacquard Tilda Dress Petite,https://cdn.shopify.com/s/files/1/1993/8771/files/never-fully-dressed-pink-tilda-dress-1_0d8e1c8d-0185-4589-85c6-b383737a27a6_500x.jpg,£129.00,,
Never Fully Dressed,Dresses,Burgundy,https://www.neverfullydressed.com/products/burgundy-velvet-mimi-dress-petite,Burgundy Velvet Mimi Dress Petite,https://cdn.shopify.com/s/files/1/1993/8771/files/never-fully-dressed-red-velvet-mimi-4_cdf9ccb9-1dbb-4988-8a18-734bbdf46ddd_500x.jpg,£99.00,LOW STOCK,
Never Fully Dressed,Dresses,Black,https://www.neverfullydressed.com/products/black-long-sleeved-velvet-tilly-dress-petite,Black Long Sleeved Velvet Tilly Dress Petite,https://cdn.shopify.com/s/files/1/1993/8771/files/never-fully-dressed-velvet-stud-tilly-black-4_baeca701-4da8-470c-9811-e7bcb30f906e_500x.jpg,£129.00,LOW STOCK,
Never Fully Dressed,Dresses,Gray,https://www.neverfullydressed.com/products/sequin-jem-dress-petite,Sequin Jem Dress Petite,https://cdn.shopify.com/s/files/1/1993/8771/files/never-fully-dressed-sequin-jem-3_1ea3d344-242e-4311-bc14-157b90788626_500x.jpg,£169.00,,
Never Fully Dressed,Trousers,Gray,https://www.neverfullydressed.com/products/charcoal-lace-trousers-petite,Charcoal Lace Trousers Petite,https://cdn.shopify.com/s/files/1/1993/8771/files/never-fully-dressed-charcoal-lace-trouser-1_d2905ed5-25e2-46b1-abc0-569874ae3c3c_500x.jpg,£79.00,,
Never Fully Dressed,Trousers,Blue,https://www.neverfullydressed.com/products/navy-velvet-hot-pants-petite,Navy Velvet Hot Pants Petite,https://cdn.shopify.com/s/files/1/1993/8771/files/never-fully-dressed-velvet-hot-fix-2_6381f123-0c54-4059-aa36-b7ead71f314d_500x.jpg,£59.00,,
Never Fully Dressed,Dresses,Burgundy,https://www.neverfullydressed.com/products/burgundy-mini-monika-dress-petite,Burgundy Mini Monika Dress Petite,https://cdn.shopify.com/s/files/1/1993/8771/files/never-fully-dressed-burgundy-monika-5_82b5322a-51b8-4552-a84b-6c8b839f4adc_500x.jpg,£129.00,,
Never Fully Dressed,Dresses,Red,https://www.neverfullydressed.com/products/red-and-pink-reign-dress-petite,Red and Pink Reign Dress Petite,https://cdn.shopify.com/s/files/1/1993/8771/files/never-fully-dressed-red-reign-dress-1_0c215b82-316b-4296-8a16-a6c0a21e4c49_500x.jpg,£159.00,,
Never Fully Dressed,Dresses,Brown,https://www.neverfullydressed.com/products/chocolate-sequin-vienna-dress-petite,Chocolate Sequin Vienna Dress Petite,https://cdn.shopify.com/s/files/1/1993/8771/files/never-fully-dressed-brown-sequin-4_429d48a8-9bb7-45a6-93ab-03561e9c568b_500x.jpg,£159.00,,
Never Fully Dressed,Trousers,Blue,https://www.neverfullydressed.com/products/navy-velvet-hot-fix-arden-trousers-petite,Navy Velvet Hot Fix Arden Trousers Petite,https://cdn.shopify.com/s/files/1/1993/8771/files/never-fully-dressed-navy-trouser-3_8f06df4b-4a22-40c1-85e0-62dd69b44eaa_500x.jpg,£79.00,,
Never Fully Dressed,Skirts,Red,https://www.neverfullydressed.com/products/deep-red-vegan-leather-mini-jaspre-skirt-petite,Deep Red Vegan Leather Mini Jaspre Skirt Petite,https://cdn.shopify.com/s/files/1/1993/8771/files/never-fully-dressed-red-mini-jaspre-4_002ff028-4270-41ad-b9f1-b858712a3325_500x.jpg,£49.00,SALE,£89.00
Never Fully Dressed,Trousers,Black,https://www.neverfullydressed.com/products/black-vegan-leather-trousers-petite,Black Vegan Leather Trousers Petite,https://cdn.shopify.com/s/files/1/1993/8771/files/never-fully-dressed-leather-trouser-17_b27d8367-6020-43f5-93d5-3a37daa861a0_500x.jpg,£99.00,,
Never Fully Dressed,Dresses,Gray,https://www.neverfullydressed.com/products/silver-sequin-mini-mimi-dress-petite,Silver Sequin Mini Mimi Dress Petite,https://cdn.shopify.com/s/files/1/1993/8771/files/never-fully-dressed-sequin-mini-mimi-6_d5d10fef-8f76-4e72-a477-7fccd6829057_500x.jpg,£129.00,,
Never Fully Dressed,Skirts,Blue,https://www.neverfullydressed.com/products/teal-vegan-leather-mini-jaspre-skirt-petite,Teal Vegan Leather Mini Jaspre Skirt Petite,https://cdn.shopify.com/s/files/1/1993/8771/files/never-fully-dressed-teal-mini-jaspre-6copy_2748983e-81e3-4614-8568-d63a70cbd9af_500x.jpg,£49.00,SALE,£89.00
Never Fully Dressed,Dresses,Pink,https://www.neverfullydressed.com/products/pink-plisse-emma-dress-petite,Pink Plisse Emma Dress Petite,https://cdn.shopify.com/s/files/1/1993/8771/files/NFD-PINK-PLISSE-EMMA-9_500x.jpg,£129.00,,
Never Fully Dressed,Trousers,Burgundy,https://www.neverfullydressed.com/products/burgundy-lace-trousers-petite,Burgundy Lace Trousers Petite,https://cdn.shopify.com/s/files/1/1993/8771/files/never-fully-dressed-red-lace-trouser-2_500x.jpg,£79.00,LOW STOCK,
Never Fully Dressed,Skirts,Red,https://www.neverfullydressed.com/products/deep-red-vegan-leather-jaspre-skirt-petite,Deep Red Vegan Leather Jaspre Skirt Petite,https://cdn.shopify.com/s/files/1/1993/8771/files/never-fully-dressed-red-jaspre-leather-12_c64d7ccd-3da3-49d5-abc6-63b73b2f7b20_500x.jpg,£99.00,PETITE AVAILABLE,
Never Fully Dressed,Dresses,Red,https://www.neverfullydressed.com/products/red-sequin-mini-vienna-dress-petite,Red Sequin Mini Vienna Dress Petite,https://cdn.shopify.com/s/files/1/1993/8771/files/never-fully-dressed-red-sequin-5_500x.jpg,£139.00,LOW STOCK,
Never Fully Dressed,Blazer,Green,https://www.neverfullydressed.com/products/green-abstract-22-blazer-petite,Green Abstract 22 Blazer Petite,https://cdn.shopify.com/s/files/1/1993/8771/files/never-fully-dressed-green-abstract-blazer-6_d9590027-a5f4-48c7-b2e4-46bb292b63b6_500x.jpg,£79.00,SALE,£129.00
Never Fully Dressed,Dresses,Black,https://www.neverfullydressed.com/products/black-mini-reha-dress-petite,Black Mini Reha Dress Petite,https://cdn.shopify.com/s/files/1/1993/8771/files/never-fully-dressed-ria-mini-dress-2_ee217d70-b453-4778-9c3f-fa3d599501cc_500x.jpg,£49.00,SALE,£89.00
Never Fully Dressed,Jeans,Blue,https://www.neverfullydressed.com/products/blue-scallop-detail-jeans-petite,Blue Scallop Detail Jeans Petite,https://cdn.shopify.com/s/files/1/1993/8771/files/8E54449B-E46B-47F6-98D1-34B74064B7D9_500x.jpg,£99.00,,
Never Fully Dressed,Skirts,Pink,https://www.neverfullydressed.com/products/pink-vegan-leather-mini-jaspre-skirt-petite,Pink Vegan Leather Mini Jaspre Skirt Petite,https://cdn.shopify.com/s/files/1/1993/8771/files/never-fully-dressed-pink-mini-jaspres-closeupcopy_42c50fe0-3b32-49b7-b7c6-ab2d0f645334_500x.jpg,£59.00,SALE,£89.00
Never Fully Dressed,Dresses,Green,https://www.neverfullydressed.com/products/green-plisse-didi-dress-petite,Green Plisse Didi Dress Petite,https://cdn.shopify.com/s/files/1/1993/8771/files/never-fully-dressed-green-didi-8_500x.jpg,£129.00,LOW STOCK,
Never Fully Dressed,Dresses,Black,https://www.neverfullydressed.com/products/mono-reha-dress-petite,Mono Reha Dress Petite,https://cdn.shopify.com/s/files/1/1993/8771/files/never-fully-dressed-mono-reha-dress-1_500x.jpg,£59.00,SALE,£99.00
Never Fully Dressed,Dresses,Black,https://www.neverfullydressed.com/products/black-swallow-romance-soho-dress-petite,Black Swallow Romance Soho Dress Petite,https://cdn.shopify.com/s/files/1/1993/8771/files/never-fully-dressed-devoree0black-mesh-2_500x.jpg,£99.00,LOW STOCK,
Never Fully Dressed,Skirts,Black,https://www.neverfullydressed.com/products/black-vegan-leather-mini-fringe-jaspre-skirt-petite,Black Vegan Leather Mini Fringe Jaspre Skirt Petite,https://cdn.shopify.com/s/files/1/1993/8771/files/never-fully-dressed-fringe-mini-jaspre-1_a6776c07-3c6f-483a-b33e-29522f0a3db9_500x.jpg,£129.00,LOW STOCK,
Never Fully Dressed,Skirts,Black,https://www.neverfullydressed.com/products/black-vegan-leather-mini-jaspre-skirt-petite-1,Black Vegan Leather Mini Jaspre Skirt Petite,https://cdn.shopify.com/s/files/1/1993/8771/files/never-fully-dressed-black-leather-mini-skirt-1_500x.jpg,£89.00,,
Never Fully Dressed,Dresses,Gray,https://www.neverfullydressed.com/products/silver-sequin-mimi-dress-petite,Silver Sequin Mimi Dress Petite,https://cdn.shopify.com/s/files/1/1993/8771/files/never-fully-dressed-sequin-mimi-11_500x.jpg,£149.00,LOW STOCK,
Never Fully Dressed,Dresses,Gray,https://www.neverfullydressed.com/products/grey-reha-dress-petite,Grey Reha Dress Petite,https://cdn.shopify.com/s/files/1/1993/8771/files/never-fully-dressed-grey-dress-3_56fc67c5-ba5c-41bb-a8f3-e39d2f8f7bb3_500x.jpg,£69.00,SALE,£119.00
Never Fully Dressed,Skirts,Black,https://www.neverfullydressed.com/products/black-vegan-leather-jaspre-skirt-petite-1,Black Vegan Leather Jaspre Skirt Petite,https://cdn.shopify.com/s/files/1/1993/8771/files/never-fully-dressed-black-leather-jaspre-1_61c81c78-0dcf-44ba-bc4c-a8f51af92284_500x.jpg,£99.00,LOW STOCK,
Never Fully Dressed,Trousers,Khaki,https://www.neverfullydressed.com/products/olive-lace-diva-trousers-petite,Olive Lace Diva Trousers Petite,https://cdn.shopify.com/s/files/1/1993/8771/files/nfd-green-lace-1_500x.jpg,£79.00,LOW STOCK,
Never Fully Dressed,Skirts,Gold,https://www.neverfullydressed.com/products/gold-vegan-leather-mini-wrap-skirt-petite,Gold Vegan Leather Mini Wrap Skirt Petite,https://cdn.shopify.com/s/files/1/1993/8771/files/230623_NFD_SH15_1906copycopy_cb5c1f59-9ecb-4423-a66c-34d3daaa5c41_500x.jpg,£49.00,SALE,£89.00
Never Fully Dressed,Dresses,Black,https://www.neverfullydressed.com/products/black-love-lock-mini-vienna-dress-petite,Black Love Lock Mini Vienna Dress Petite,https://cdn.shopify.com/s/files/1/1993/8771/files/never-fully-dressed-lovelock-mini-vienna-3_29e2eef0-d246-48dc-b804-a76c6ccefad5_500x.jpg,£49.00,SALE,£89.00
Never Fully Dressed,Dresses,Blue,https://www.neverfullydressed.com/products/teal-mimi-dress-petite,Teal Mimi Dress Petite,https://cdn.shopify.com/s/files/1/1993/8771/files/nfd-teal-mimi6_9de65281-fb69-4984-ab90-8d3a353a0612_500x.jpg,£89.00,,
Never Fully Dressed,Jeans,Red,https://www.neverfullydressed.com/products/red-denim-scallop-jeans-petite-1,Red Denim Scallop Jeans Petite,https://cdn.shopify.com/s/files/1/1993/8771/files/never-fully-dressed-red-trouser-7_500x.jpg,£99.00,,
Never Fully Dressed,Skirts,Green,https://www.neverfullydressed.com/products/olive-green-vegan-leather-mini-jaspre-skirt-petite,Olive Green Vegan Leather Mini Jaspre Skirt Petite,https://cdn.shopify.com/s/files/1/1993/8771/files/never-fully-dressed-olive-mini-jaspre-2_500x.jpg,£59.00,SALE,£89.00
Never Fully Dressed,Dresses,Black,https://www.neverfullydressed.com/products/black-and-cream-monika-dress-petite,Black and Cream Monika Dress Petite,https://cdn.shopify.com/s/files/1/1993/8771/files/never-fully-dressed-monika-4_500x.jpg,£149.00,LOW STOCK,
Never Fully Dressed,Dresses,Brown,https://www.neverfullydressed.com/products/leopard-celeste-dress-petite,Leopard Celeste Dress Petite,https://cdn.shopify.com/s/files/1/1993/8771/files/never-fully-dressed-leopard-celeste-3_9b3feb9d-87e9-4b5e-b5c0-09206512fdeb_500x.jpg,£99.00,LOW STOCK,
Never Fully Dressed,Jeans,Brown,https://www.neverfullydressed.com/products/leopard-lucia-scallop-detail-jeans-petite,Leopard Lucia Scallop Detail Jeans Petite,https://cdn.shopify.com/s/files/1/1993/8771/files/never-fully-dressed-leopard-jean-2_012e3dfe-b46a-4e62-9bd5-5aa873d983e0_500x.jpg,£99.00,,
Never Fully Dressed,Dresses,Red,https://www.neverfullydressed.com/products/red-gaia-plisse-dress-petite,Red Gaia Plisse Dress Petite,https://cdn.shopify.com/s/files/1/1993/8771/files/never-fully-dressed-red-gaia-dress-1_a253acde-5d2f-4f20-b1b8-fb4074eed99a_500x.jpg,£99.00,LOW STOCK,
Never Fully Dressed,Dresses,Blue,https://www.neverfullydressed.com/products/blue-tilly-plisse-dress-petite,Blue Tilly Plisse Dress Petite,https://cdn.shopify.com/s/files/1/1993/8771/files/never-fully-dressed-tilly-blue-plisse-6_500x.jpg,£99.00,LOW STOCK,
Never Fully Dressed,Dresses,Brown,https://www.neverfullydressed.com/products/leopard-mesh-slip-dress-petite,Leopard Mesh Slip Dress Petite,https://cdn.shopify.com/s/files/1/1993/8771/files/never-fully-dressed-leopard-slip-sheer-4_500x.jpg,£89.00,LOW STOCK,
Never Fully Dressed,Dresses,Pink,https://www.neverfullydressed.com/products/pink-tilly-dress-petite,Pink Tilly Dress Petite,https://cdn.shopify.com/s/files/1/1993/8771/files/never-fully-dressed-pink-tilly-2_cdbee481-ffaa-459e-8fea-dbcb388d303a_500x.jpg,£99.00,LOW STOCK,
Never Fully Dressed,Skirts,Gold,https://www.neverfullydressed.com/products/gold-sequin-mini-jaspre-skirt-petite,Gold Sequin Mini Jaspre Skirt Petite,https://cdn.shopify.com/s/files/1/1993/8771/files/never-fully-dressed-gold-mini-jaspre-3_7a94650d-8816-4030-9c7b-c53eb18bd228_500x.jpg,£99.00,LOW STOCK,
Never Fully Dressed,Skirts,Gray,https://www.neverfullydressed.com/products/silver-sequin-mini-jaspre-skirt-petite,Silver Sequin Mini Jaspre Skirt Petite,https://cdn.shopify.com/s/files/1/1993/8771/files/PHOTO-2023-10-18-09-45-59_2_copy_495c21ef-92b2-4b59-b4c9-0683d1293410_500x.jpg,£99.00,LOW STOCK,
Never Fully Dressed,Skirts,Gray,https://www.neverfullydressed.com/products/sequin-maxi-wrap-jaspre-skirt-petite,Sequin Maxi Wrap Jaspre Skirt Petite,https://cdn.shopify.com/s/files/1/1993/8771/files/nfd-sequin-jaspre-2_0002c25f-72f7-4e87-8dd4-1f978146a8dd_500x.jpg,£129.00,LOW STOCK,
