Brand,Category,Colour,Product Link,Product Name,Main Image,Current Price,Discount,Original Price,,,,,,,,
Nobody's Child,Dresses,Black,https://www.nobodyschild.com/products/petite-black-floral-embroidered-starlight-mini-dress-p250081blk?queryID=99fffc4233800cf0a29c72767a16ba5d,Petite Black Floral Embroidered Starlight Mini Dress,https://cdn.shopify.com/s/files/1/0640/7005/8155/files/P250081BLK_0218_WEB.jpg?v=1728569248,£85.00,,,,,,,,,,petite black floral embroidered starlight mini dress
Nobody's Child,Trousers,Black,https://www.nobodyschild.com/products/black-self-tie-cropped-wide-leg-trouser-b242736blk?queryID=99fffc4233800cf0a29c72767a16ba5d,Black Cord Wide Leg Trousers,https://cdn.shopify.com/s/files/1/0640/7005/8155/files/NC_WEB_B242736BLK16.jpg?v=1727960502,£63.20,20 % OFF,£79.00,,,,,,,,black cord wide leg trousers
Nobody's Child,Dresses,Green,https://www.nobodyschild.com/products/green-cord-balloon-sleeve-patras-mini-dress-d241884grn?queryID=99fffc4233800cf0a29c72767a16ba5d,Green Cord Balloon Sleeve Patras Mini Dress,https://cdn.shopify.com/s/files/1/0640/7005/8155/files/D241884GRN_FR_a860d0da-2de7-40c7-b61e-a6017d89f2f9.jpg?v=1730130278,£69.00,,,,,,,,,,green cord balloon sleeve patras mini dress
Nobody's Child,Trousers,Black,https://www.nobodyschild.com/products/black-wide-leg-pull-on-trousers-b243145blk?queryID=99fffc4233800cf0a29c72767a16ba5d,Black Wide Leg Pull On Trousers,https://cdn.shopify.com/s/files/1/0640/7005/8155/files/B243145BLK_0262_WEB.jpg?v=1726759237,£59.00,,,,,,,,,,black wide leg pull on trousers
Nobody's Child,Dresses,Black,https://www.nobodyschild.com/products/black-piper-cord-mini-dress-d241870blk?queryID=99fffc4233800cf0a29c72767a16ba5d,Black Cord Piper Mini Pinafore Dress,https://cdn.shopify.com/s/files/1/0640/7005/8155/files/D232102BLK_0723_3275e443-c868-4e31-b6b9-ce77bd24b2bf.jpg?v=1726051232,£55.00,,,,,,,,,,black cord piper mini pinafore dress
Nobody's Child,Dresses,Black,https://www.nobodyschild.com/products/black-ditsy-floral-long-sleeve-starlight-mini-dress?queryID=99fffc4233800cf0a29c72767a16ba5d,Black Ditsy Floral Long Sleeve Starlight Mini Dress,https://cdn.shopify.com/s/files/1/0640/7005/8155/files/D241942BLK_FR_9f5d449c-b9bb-44f1-8625-7687810c0be8.jpg?v=1726051722,£63.20,,,,,,,,,,black ditsy floral long sleeve starlight mini dress
Nobody's Child,Skirts,Black,https://www.nobodyschild.com/products/black-cord-button-through-mini-skirt-b241910blk?queryID=99fffc4233800cf0a29c72767a16ba5d,Black Cord Button Through Mini Skirt,https://cdn.shopify.com/s/files/1/0640/7005/8155/files/B241910BLK_0167_WEB.jpg?v=1725618634,£55.00,,,,,,,,,,black cord button through mini skirt
Nobody's Child,Dresses,Red,https://www.nobodyschild.com/products/petite-red-check-starlight-mini-dress-p250082red?queryID=99fffc4233800cf0a29c72767a16ba5d,Petite Red Check Starlight Mini Dress,https://cdn.shopify.com/s/files/1/0640/7005/8155/files/P250082RED_0190_WEB.jpg?v=1728573781,£79.00,,,,,,,,,,petite red check starlight mini dress
Nobody's Child,Skirts,Black,https://www.nobodyschild.com/products/petite-black-velvet-mini-skirt-p243197blk?queryID=99fffc4233800cf0a29c72767a16ba5d,Black Velvet Mini Skirt,https://cdn.shopify.com/s/files/1/0640/7005/8155/files/NC_WEB_B243000BLK34.jpg?v=1729093916,£69.00,,,,,,,,,,black velvet mini skirt
Nobody's Child,Trousers,Black,https://www.nobodyschild.com/products/black-side-stripe-trousers-b242978blk?queryID=99fffc4233800cf0a29c72767a16ba5d,Black Side Stripe Trousers,https://cdn.shopify.com/s/files/1/0640/7005/8155/files/B242978BLK_0610_WEB.jpg?v=1727885922,£63.20,20 % OFF,£79.00,,,,,,,,black side stripe trousers
Nobody's Child,Dresses,Brown,https://www.nobodyschild.com/products/leopard-print-long-sleeve-birdie-mini-dress-d250126brn?queryID=99fffc4233800cf0a29c72767a16ba5d,Leopard Print Long Sleeve Birdie Mini Dress,https://cdn.shopify.com/s/files/1/0640/7005/8155/files/D250126BRN_FR.jpg?v=1727264477,£44.00,51 % OFF,£89.00,,,,,,,,leopard print long sleeve birdie mini dress
Nobody's Child,Dresses,Pink,https://www.nobodyschild.com/products/red-check-peter-pan-collar-blaze-mini-dress-d242911red?queryID=99fffc4233800cf0a29c72767a16ba5d,Pink Gingham Peter Pan Collar Blaze Mini Dress,https://cdn.shopify.com/s/files/1/0640/7005/8155/files/D242911RED_0368_WEB.jpg?v=1726588097,£79.00,,,,,,,,,,pink gingham peter pan collar blaze mini dress
Nobody's Child,Trousers,Black,https://www.nobodyschild.com/products/black-wide-leg-tailored-trousers-b242514blk?queryID=99fffc4233800cf0a29c72767a16ba5d,Black Wide Leg Tailored Trousers,https://cdn.shopify.com/s/files/1/0640/7005/8155/files/B242514BLK2.jpg?v=1726842105,£63.20,20 % OFF,£79.00,,,,,,,,black wide leg tailored trousers
Nobody's Child,Dresses,Blue,https://www.nobodyschild.com/products/denim-long-sleeve-birdie-mini-dress-d242729blu?queryID=99fffc4233800cf0a29c72767a16ba5d,Denim Long Sleeve Birdie Mini Dress,https://cdn.shopify.com/s/files/1/0640/7005/8155/files/D242729BLU_FR.jpg?v=1727266555,£85.00,,,,,,,,,,denim long sleeve birdie mini dress
Nobody's Child,Skirts,Brown,https://www.nobodyschild.com/products/leopard-print-denim-column-midi-skirt-b250125brn?queryID=99fffc4233800cf0a29c72767a16ba5d,Leopard Print Denim Column Midi Skirt,https://cdn.shopify.com/s/files/1/0640/7005/8155/files/B250125BRN_FR.jpg?v=1726238406,£34.00,51 % OFF,£69.00,,,,,,,,leopard print denim column midi skirt
Nobody's Child,Dresses,Black,https://www.nobodyschild.com/products/petite-black-mayall-mini-dress-p250094blk?queryID=99fffc4233800cf0a29c72767a16ba5d,Petite Black Mayall Mini Dress,https://cdn.shopify.com/s/files/1/0640/7005/8155/files/P250094BLK_0638_WEB.jpg?v=1727968299,£71.00,35 % OFF,£110.00,,,,,,,,petite black mayall mini dress
Nobody's Child,Dresses,Blue,https://www.nobodyschild.com/products/dark-denim-ray-pinafore-dress-d242604blu?queryID=99fffc4233800cf0a29c72767a16ba5d,Dark Denim Ray Mini Pinafore Dress,https://cdn.shopify.com/s/files/1/0640/7005/8155/files/D242604BLU_0694_WEB_f12e2cc6-63ec-4af8-8eb6-e03023dc3b78.jpg?v=1725788923,£45.00,40 % OFF,£75.00,,,,,,,,dark denim ray mini pinafore dress
Nobody's Child,Dresses,Black,https://www.nobodyschild.com/products/black-knitted-a-line-midi-dress-d243168blk?queryID=99fffc4233800cf0a29c72767a16ba5d,Petite Black Knitted A-Line Midi Dress,https://cdn.shopify.com/s/files/1/0640/7005/8155/files/D243168BLK_FR.jpg?v=1728403170,£53.00,40 % OFF,£89.00,,,,,,,,petite black knitted a-line midi dress
Nobody's Child,Dresses,Green,https://www.nobodyschild.com/products/green-claudette-mini-pinafore-dress-d241924grn?queryID=99fffc4233800cf0a29c72767a16ba5d,Green Claudette Mini Pinafore Dress,https://cdn.shopify.com/s/files/1/0640/7005/8155/files/D241924GRN.jpg?v=1725351685,£65.00,,,,,,,,,,green claudette mini pinafore dress
Nobody's Child,Dresses,Burgundy,https://www.nobodyschild.com/products/red-cord-piper-mini-dress-d241922red?queryID=99fffc4233800cf0a29c72767a16ba5d,Burgundy Cord Piper Mini Pinafore Dress,https://cdn.shopify.com/s/files/1/0640/7005/8155/files/D241922RED_0191_WEB.jpg?v=1724234451,£55.00,,,,,,,,,,burgundy cord piper mini pinafore dress
,,,,,,,,,,,,,,,,
,,,,,,,,,,,,,,,,
,,,,,,,,,,,,,,,,
,,,,,,,,,,,,,,,,
,,,,,,,,,,,,,,,,
