Position,Category,Brand,Colour,Product Name,Product Link,Main Image,Current Price,Original Price,Discount
1,Coats & Jackets,Phase Eight,Black,Petite Nicci Black Wool Smart Coat,https://www.phase-eight.com/product/petite-nicci-black-wool-smart-coat-950790050.html#navAjax=true&imageType=model&is=true&sz=60&start=0&cgid=petite&isSecondPage=false&pid=950790050&pos=0,"https://media.phase-eight.com/image/upload/f_auto,q_auto,dpr_auto/w_600/p8-catalog/images/950790050/950790050-01-petite-nicci-black-wool-smart-coat?_i=AG",£191.20,£239,20% Off Applied
2,Dresses,Phase Eight,Red,Petite Donna Maxi Dress,https://www.phase-eight.com/product/petite-donna-maxi-dress-222190250.html#navAjax=true&imageType=model&is=true&sz=60&start=0&cgid=petite&isSecondPage=false&pid=222190250&pos=1,"https://media.phase-eight.com/image/upload/f_auto,q_auto,dpr_auto/w_600/p8-catalog/images/222190250/222190250-01-petite-donna-maxi-dress?_i=AG",£127.20,£159,20% Off Applied
3,Jumpsuits & Playsuits,Phase Eight,Gold,Petite Alli Gold Textured Jumpsuit,https://www.phase-eight.com/product/petite-alli-gold-textured-jumpsuit-222505060.html#navAjax=true&imageType=model&is=true&sz=60&start=0&cgid=petite&isSecondPage=false&pid=222505060&pos=2,"https://media.phase-eight.com/image/upload/f_auto,q_auto,dpr_auto/w_600/p8-catalog/images/222505060/222505060-01-petite-alli-gold-textured-jumpsuit?_i=AG",£127.20,£159,20% Off Applied
4,Dresses,Phase Eight,Black,Petite Theodora Leopard Pleat Midi Dress,https://www.phase-eight.com/product/petite-theodora-leopard-pleat-midi-dress-222522000.html#navAjax=true&imageType=model&is=true&sz=60&start=0&cgid=petite&isSecondPage=false&pid=222522000&pos=3,"https://media.phase-eight.com/image/upload/f_auto,q_auto,dpr_auto/w_600/p8-catalog/images/222522000/222522000-01-petite-theodora-leopard-pleat-midi-dress?_i=AG",£135.20,£169,20% Off Applied
5,Dresses,Phase Eight,Black,Petite Emre Shimmer Burnout Midi Dress,https://www.phase-eight.com/product/petite-emre-shimmer-burnout-midi-dress-222526492.html#navAjax=true&imageType=model&is=true&sz=60&start=0&cgid=petite&isSecondPage=false&pid=222526492&pos=4,"https://media.phase-eight.com/image/upload/f_auto,q_auto,dpr_auto/w_600/p8-catalog/images/222526492/222526492-01-petite-emre-shimmer-burnout-midi-dress?_i=AG",£127.20,£159,20% Off Applied
6,Dresses,Phase Eight,Red,Petite Candice Dress,https://www.phase-eight.com/product/petite-candice-dress-10000790250.html#navAjax=true&imageType=model&is=true&sz=60&start=0&cgid=petite&isSecondPage=false&pid=10000790250&pos=5,"https://media.phase-eight.com/image/upload/f_auto,q_auto,dpr_auto/w_600/p8-catalog/images/10000790250/10000790250-01-petite-candice-swing-dress?_i=AG",£71.20,£89,20% Off Applied
7,Skirts,Phase Eight,Black,Petite Zoe Metallic Pleated Skirt,https://www.phase-eight.com/product/petite-zoe-metallic-pleated-skirt-801379491.html#navAjax=true&imageType=model&is=true&sz=60&start=0&cgid=petite&isSecondPage=false&pid=801379491&pos=6,"https://media.phase-eight.com/image/upload/f_auto,q_auto,dpr_auto/w_600/p8-catalog/images/801379491/801379491-01-petite-zoe-metallic-pleated-skirt?_i=AG",£88,£110,20% Off Applied
8,Jumpsuits & Playsuits,Phase Eight,Blue,Petite Stella Blue Plisse Jumpsuit,https://www.phase-eight.com/product/petite-stella-blue-plisse-jumpsuit-222402408.html#navAjax=true&imageType=model&is=true&sz=60&start=0&cgid=petite&isSecondPage=false&pid=222402408&pos=7,"https://media.phase-eight.com/image/upload/f_auto,q_auto,dpr_auto/w_600/p8-catalog/images/222402408/222402408-01-petite-stella-blue-plisse-jumpsuit?_i=AG",£127.20,£159,20% Off Applied
9,Jumpsuits & Playsuits,Phase Eight,Burgundy,Petite Ayla Jumpsuit,https://www.phase-eight.com/product/petite-ayla-jumpsuit-10000980258.html#navAjax=true&imageType=model&is=true&sz=60&start=0&cgid=petite&isSecondPage=false&pid=10000980258&pos=8,"https://media.phase-eight.com/image/upload/f_auto,q_auto,dpr_auto/w_600/p8-catalog/images/10000980258/10000980258-01-petite-ayla-burgundy-jumpsuit?_i=AG",£111.20,£139,20% Off Applied
10,Jumpsuits & Playsuits,Phase Eight,Burgundy,Petite Ivey Burgundy Sequin Jumpsuit,https://www.phase-eight.com/product/petite-ivey-burgundy-sequin-jumpsuit-222524258.html#navAjax=true&imageType=model&is=true&sz=60&start=0&cgid=petite&isSecondPage=false&pid=222524258&pos=9,"https://media.phase-eight.com/image/upload/f_auto,q_auto,dpr_auto/w_600/p8-catalog/images/222524258/222524258-01-petite-ivey-burgundy-sequin-jumpsuit?_i=AG",£159.20,£199,20% Off Applied
11,Dresses,Phase Eight,Black,Petite Lela Floral Textured Midi Dress,https://www.phase-eight.com/product/petite-lela-floral-textured-midi-dress-222479492.html#navAjax=true&imageType=model&is=true&sz=60&start=0&cgid=petite&isSecondPage=false&pid=222479492&pos=10,"https://media.phase-eight.com/image/upload/f_auto,q_auto,dpr_auto/w_600/p8-catalog/images/222479492/222479492-01-petite-lela-floral-textured-midi-dress?_i=AG",£119.20,£149,20% Off Applied
12,Coats & Jackets,Phase Eight,Green,Petite Nicci Dark Green Wool Smart Coat,https://www.phase-eight.com/product/petite-nicci-dark-green-wool-smart-coat-950791450.html#navAjax=true&imageType=model&is=true&sz=60&start=0&cgid=petite&isSecondPage=false&pid=950791450&pos=11,"https://media.phase-eight.com/image/upload/f_auto,q_auto,dpr_auto/w_600/p8-catalog/images/950791450/950791450-01-petite-nicci-dark-green-wool-smart-coat?_i=AG",£191.20,£239,20% Off Applied
13,Dresses,Phase Eight,Black,Petite Kaleigh Sequin Midi Dress,https://www.phase-eight.com/product/petite-kaleigh-sequin-midi-dress-222509492.html#navAjax=true&imageType=model&is=true&sz=60&start=0&cgid=petite&isSecondPage=false&pid=222509492&pos=12,"https://media.phase-eight.com/image/upload/f_auto,q_auto,dpr_auto/w_600/p8-catalog/images/222509492/222509492-01-petite-kaleigh-sequin-midi-dress?_i=AG",£119.20,£149,20% Off Applied
14,Dresses,Phase Eight,Black,Petite Julia Black Velvet Wrap Dress,https://www.phase-eight.com/product/petite-julia-black-velvet-wrap-dress-222484050.html#navAjax=true&imageType=model&is=true&sz=60&start=0&cgid=petite&isSecondPage=false&pid=222484050&pos=13,"https://media.phase-eight.com/image/upload/f_auto,q_auto,dpr_auto/w_600/p8-catalog/images/222484050/222484050-01-petite-julia-black-velvet-wrap-dress?_i=AG",£111.20,£139,20% Off Applied
15,Coats & Jackets,Phase Eight,Green,Petite Hollie Puffer,https://www.phase-eight.com/product/petite-hollie-puffer-950842450.html#navAjax=true&imageType=model&is=true&sz=60&start=0&cgid=petite&isSecondPage=false&pid=950842450&pos=14,"https://media.phase-eight.com/image/upload/f_auto,q_auto,dpr_auto/w_600/p8-catalog/images/950842450/950842450-01-petite-hollie-puffer?_i=AG",£156,£195,20% Off Applied
16,Jeans,Phase Eight,Black,Petite Olivia Bootcut Jean,https://www.phase-eight.com/product/petite-olivia-bootcut-jean-101684050.html#navAjax=true&imageType=model&is=true&sz=60&start=0&cgid=petite&isSecondPage=false&pid=101684050&pos=15,"https://media.phase-eight.com/image/upload/f_auto,q_auto,dpr_auto/w_600/p8-catalog/images/101684050/101684050-01-petite-olivia-bootcut-jean?_i=AG",£71.20,£89,20% Off Applied
17,Dresses,Phase Eight,Pink,Petite Ella Pink Swing Dress,https://www.phase-eight.com/product/petite-ella-pink-swing-dress-222554300.html#navAjax=true&imageType=model&is=true&sz=60&start=0&cgid=petite&isSecondPage=false&pid=222554300&pos=16,"https://media.phase-eight.com/image/upload/f_auto,q_auto,dpr_auto/w_600/p8-catalog/images/222554300/222554300-01-petite-ella-pink-swing-dress?_i=AG",£88,£110,20% Off Applied
18,Trousers,Phase Eight,Black,Petite Amina Skinny Trouser,https://www.phase-eight.com/product/petite-amina-skinny-trouser-101679050.html#navAjax=true&imageType=model&is=true&sz=60&start=0&cgid=petite&isSecondPage=false&pid=101679050&pos=17,"https://media.phase-eight.com/image/upload/f_auto,q_auto,dpr_auto/w_600/p8-catalog/images/101679050/101679050-01-petite-amina-skinny-trouser?_i=AG",£55.20,£69,20% Off Applied
19,Coats & Jackets,Phase Eight,Black,Petite Dixie Long Fur Hood Puffer,https://www.phase-eight.com/product/petite-dixie-long-fur-hood-puffer-950860050.html#navAjax=true&imageType=model&is=true&sz=60&start=0&cgid=petite&isSecondPage=false&pid=950860050&pos=18,"https://media.phase-eight.com/image/upload/f_auto,q_auto,dpr_auto/w_600/p8-catalog/images/950860050/950860050-01-petite-dixie-long-fur-hood-puffer?_i=AG",£183.20,£229,20% Off Applied
20,Coats & Jackets,Phase Eight,Black,Petite Cassie Check Wool Wrap Coat,https://www.phase-eight.com/product/petite-cassie-check-wool-wrap-coat-950849230.html#navAjax=true&imageType=model&is=true&sz=60&start=0&cgid=petite&isSecondPage=false&pid=950849230&pos=19,"https://media.phase-eight.com/image/upload/f_auto,q_auto,dpr_auto/w_600/p8-catalog/images/950849230/950849230-01-petite-cassie-check-wool-wrap-coat?_i=AG",£207.20,£259,20% Off Applied
21,Jumpsuits & Playsuits,Phase Eight,Black,Petite Amelia Sequin Bodice Jumpsuit,https://www.phase-eight.com/product/petite-amelia-sequin-bodice-jumpsuit-222502492.html#navAjax=true&imageType=model&is=true&sz=60&start=0&cgid=petite&isSecondPage=false&pid=222502492&pos=20,"https://media.phase-eight.com/image/upload/f_auto,q_auto,dpr_auto/w_600/p8-catalog/images/222502492/222502492-01-petite-amelia-sequin-bodice-jumpsuit?_i=AG",£151.20,£189,20% Off Applied
22,Dresses,Phase Eight,Black,Petite Tila Black Satin Shirt Dress,https://www.phase-eight.com/product/petite-tila-black-satin-shirt-dress-222418050.html#navAjax=true&imageType=model&is=true&sz=60&start=0&cgid=petite&isSecondPage=false&pid=222418050&pos=21,"https://media.phase-eight.com/image/upload/f_auto,q_auto,dpr_auto/w_600/p8-catalog/images/222418050/222418050-01-petite-tila-black-satin-shirt-dress?_i=AG",£103.20,£129,20% Off Applied
23,Trousers,Phase Eight,Blue,Petite Amina Skinny Trouser,https://www.phase-eight.com/product/petite-amina-skinny-trouser-101679353.html#navAjax=true&imageType=model&is=true&sz=60&start=0&cgid=petite&isSecondPage=false&pid=101679353&pos=22,"https://media.phase-eight.com/image/upload/f_auto,q_auto,dpr_auto/w_600/p8-catalog/images/101679353/101679353-01-petite-amina-skinny-trouser?_i=AG",£55.20,£69,20% Off Applied
24,Trousers,Phase Eight,Black,Samantha Petite Hotfix Trouser,https://www.phase-eight.com/product/samantha-petite-hotfix-trouser-101693050.html#navAjax=true&imageType=model&is=true&sz=60&start=0&cgid=petite&isSecondPage=false&pid=101693050&pos=23,"https://media.phase-eight.com/image/upload/f_auto,q_auto,dpr_auto/w_600/p8-catalog/images/101693050/101693050-01-samantha-petite-hotfix-trouser?_i=AG",£95.20,£119,20% Off Applied
25,Jumpsuits & Playsuits,Phase Eight,Blue,Petite Ayla Ruffle Colourblock Jumpsuit,https://www.phase-eight.com/product/petite-ayla-ruffle-colourblock-jumpsuit-222044287.html#navAjax=true&imageType=model&is=true&sz=60&start=0&cgid=petite&isSecondPage=false&pid=222044287&pos=24,"https://media.phase-eight.com/image/upload/f_auto,q_auto,dpr_auto/w_600/p8-catalog/images/222044287/222044287-01-petite-ayla-ruffle-colourblock-jumpsuit?_i=AG",£111.20,£139,20% Off Applied
26,Dresses,Phase Eight,Black,Petite Caitlin Black Printed Mesh Dress,https://www.phase-eight.com/product/petite-caitlin-black-printed-mesh-dress-222574050.html#navAjax=true&imageType=model&is=true&sz=60&start=0&cgid=petite&isSecondPage=false&pid=222574050&pos=25,"https://media.phase-eight.com/image/upload/f_auto,q_auto,dpr_auto/w_600/p8-catalog/images/222574050/222574050-01-petite-caitlin-black-printed-mesh-dress?_i=AG",£95.20,£119,20% Off Applied
27,Dresses,Phase Eight,Black,Petite Riah Shimmer Maxi Dress,https://www.phase-eight.com/product/petite-riah-shimmer-maxi-dress-222551000.html#navAjax=true&imageType=model&is=true&sz=60&start=0&cgid=petite&isSecondPage=false&pid=222551000&pos=26,"https://media.phase-eight.com/image/upload/f_auto,q_auto,dpr_auto/w_600/p8-catalog/images/222551000/222551000-01-petite-riah-shimmer-maxi-dress?_i=AG",£135.20,£169,20% Off Applied
28,Dresses,Phase Eight,Black,Petite Aoife Printed Jersey Dress,https://www.phase-eight.com/product/petite-aoife-printed-jersey-dress-222539880.html#navAjax=true&imageType=model&is=true&sz=60&start=0&cgid=petite&isSecondPage=false&pid=222539880&pos=27,"https://media.phase-eight.com/image/upload/f_auto,q_auto,dpr_auto/w_600/p8-catalog/images/222539880/222539880-01-petite-aoife-printed-jersey-dress?_i=AG",£88,£110,20% Off Applied
29,Dresses,Phase Eight,Blue,Petite Kindra Teal Midi Dress,https://www.phase-eight.com/product/petite-kindra-teal-midi-dress-222349402.html#navAjax=true&imageType=model&is=true&sz=60&start=0&cgid=petite&isSecondPage=false&pid=222349402&pos=28,"https://media.phase-eight.com/image/upload/f_auto,q_auto,dpr_auto/w_600/p8-catalog/images/222349402/222349402-01-petite-kindra-teal-midi-dress?_i=AG",£111.20,£139,20% Off Applied
30,Dresses,Phase Eight,Black,Petite Jordine Floral Print Midaxi Dress,https://www.phase-eight.com/product/petite-jordine-floral-print-midaxi-dress-222443000.html#navAjax=true&imageType=model&is=true&sz=60&start=0&cgid=petite&isSecondPage=false&pid=222443000&pos=29,"https://media.phase-eight.com/image/upload/f_auto,q_auto,dpr_auto/w_600/p8-catalog/images/222443000/222443000-01-petite-jordine-floral-print-midaxi-dress?_i=AG",£127.20,£159,20% Off Applied
31,Skirts,Phase Eight,Black,Petite Elmina Geo Pleated Midi Skirt,https://www.phase-eight.com/product/petite-elmina-geo-pleated-midi-skirt-801376050.html#navAjax=true&imageType=model&is=true&sz=60&start=0&cgid=petite&isSecondPage=false&pid=801376050&pos=30,"https://media.phase-eight.com/image/upload/f_auto,q_auto,dpr_auto/w_600/p8-catalog/images/801376050/801376050-01-petite-elmina-geo-pleated-midi-skirt?_i=AG",£79.20,£99,20% Off Applied
32,Dresses,Phase Eight,Black,Petite Otto One Shoulder Maxi Dress,https://www.phase-eight.com/product/petite-otto-one-shoulder-maxi-dress-222557050.html#navAjax=true&imageType=model&is=true&sz=60&start=0&cgid=petite&isSecondPage=false&pid=222557050&pos=31,"https://media.phase-eight.com/image/upload/f_auto,q_auto,dpr_auto/w_600/p8-catalog/images/222557050/222557050-01-petite-otto-one-shoulder-maxi-dress?_i=AG",£151.20,£189,20% Off Applied
33,Dresses,Phase Eight,Black,Petite Aniya Sequin Long Sleeve Dress,https://www.phase-eight.com/product/petite-aniya-sequin-long-sleeve-dress-222477492.html#navAjax=true&imageType=model&is=true&sz=60&start=0&cgid=petite&isSecondPage=false&pid=222477492&pos=32,"https://media.phase-eight.com/image/upload/f_auto,q_auto,dpr_auto/w_600/p8-catalog/images/222477492/222477492-01-petite-aniya-sequin-long-sleeve-dress?_i=AG",£159.20,£199,20% Off Applied
34,Dresses,Phase Eight,Black,Petite Sandra Floral Maxi Dress,https://www.phase-eight.com/product/petite-sandra-floral-maxi-dress-222246880.html#navAjax=true&imageType=model&is=true&sz=60&start=0&cgid=petite&isSecondPage=false&pid=222246880&pos=33,"https://media.phase-eight.com/image/upload/f_auto,q_auto,dpr_auto/w_600/p8-catalog/images/222246880/222246880-01-petite-sandra-floral-maxi-dress?_i=AG",£119,£139,
35,Trousers,Phase Eight,Green,Petite Arabella Pleat Wide Leg Trousers,https://www.phase-eight.com/product/petite-arabella-pleat-wide-leg-trousers-101671693.html#navAjax=true&imageType=model&is=true&sz=60&start=0&cgid=petite&isSecondPage=false&pid=101671693&pos=34,"https://media.phase-eight.com/image/upload/f_auto,q_auto,dpr_auto/w_600/p8-catalog/images/101671693/101671693-01-petite-arabella-pleat-wide-leg-trousers?_i=AG",£71.20,£89,20% Off Applied
36,Jumpsuits & Playsuits,Phase Eight,Black,Petite Alessandra Black Sequin Jumpsuit,https://www.phase-eight.com/product/petite-alessandra-black-sequin-jumpsuit-221971050.html#navAjax=true&imageType=model&is=true&sz=60&start=0&cgid=petite&isSecondPage=false&pid=221971050&pos=35,"https://media.phase-eight.com/image/upload/f_auto,q_auto,dpr_auto/w_600/p8-catalog/images/221971050/221971050-01-petite-alessandra-black-sequin-jumpsuit?_i=AG",£127.20,£159,20% Off Applied
37,Jumpsuits & Playsuits,Phase Eight,Blue,Petite Kallie Frill Jumpsuit,https://www.phase-eight.com/product/petite-kallie-frill-jumpsuit-222165351.html#navAjax=true&imageType=model&is=true&sz=60&start=0&cgid=petite&isSecondPage=false&pid=222165351&pos=36,"https://media.phase-eight.com/image/upload/f_auto,q_auto,dpr_auto/w_600/p8-catalog/images/222165351/222165351-01-petite-kallie-frill-jumpsuit?_i=AG",£111.20,£139,20% Off Applied
38,Dresses,Phase Eight,Black,Petite Cindy Black Sequin Midi Dress,https://www.phase-eight.com/product/petite-cindy-black-sequin-midi-dress-221928050.html#navAjax=true&imageType=model&is=true&sz=60&start=0&cgid=petite&isSecondPage=false&pid=221928050&pos=37,"https://media.phase-eight.com/image/upload/f_auto,q_auto,dpr_auto/w_600/p8-catalog/images/221928050/221928050-01-petite-cindy-black-sequin-midi-dress?_i=AG",£103.20,£129,20% Off Applied
39,Coats & Jackets,Phase Eight,Blue,Petite Zoelle Bow Jacket,https://www.phase-eight.com/product/petite-zoelle-bow-jacket-901172351.html#navAjax=true&imageType=model&is=true&sz=60&start=0&cgid=petite&isSecondPage=false&pid=901172351&pos=38,"https://media.phase-eight.com/image/upload/f_auto,q_auto,dpr_auto/w_600/p8-catalog/images/901172351/901172351-01-petite-zoelle-bow-jacket?_i=AG",£88,£110,20% Off Applied
40,Jumpsuits & Playsuits,Phase Eight,Multi-Coloured,Petite Sabina Satin Wide Leg Jumpsuit,https://www.phase-eight.com/product/petite-sabina-satin-wide-leg-jumpsuit-222370000.html#navAjax=true&imageType=model&is=true&sz=60&start=0&cgid=petite&isSecondPage=false&pid=222370000&pos=39,"https://media.phase-eight.com/image/upload/f_auto,q_auto,dpr_auto/w_600/p8-catalog/images/222370000/222370000-01-petite-sabina-satin-wide-leg-jumpsuit?_i=AG",£135.20,£169,20% Off Applied
41,Jumpsuits & Playsuits,Phase Eight,Red,Petite Elika Red Jumpsuit,https://www.phase-eight.com/product/petite-elika-red-jumpsuit-222519250.html#navAjax=true&imageType=model&is=true&sz=60&start=0&cgid=petite&isSecondPage=false&pid=222519250&pos=40,"https://media.phase-eight.com/image/upload/f_auto,q_auto,dpr_auto/w_600/p8-catalog/images/222519250/222519250-01-petite-elika-red-jumpsuit?_i=AG",£119.20,£149,20% Off Applied
42,Skirts,Phase Eight,Brown,Trinity Petite Skirt,https://www.phase-eight.com/product/trinity-petite-skirt-10000530200.html#navAjax=true&imageType=model&is=true&sz=60&start=0&cgid=petite&isSecondPage=false&pid=10000530200&pos=41,"https://media.phase-eight.com/image/upload/f_auto,q_auto,dpr_auto/w_600/p8-catalog/images/10000530200/10000530200-01-trinity-petite-pleated-skirt?_i=AG",£79.20,£99,20% Off Applied
43,Dresses,Phase Eight,Blue,Petite Florisa Embroidered Dress,https://www.phase-eight.com/product/petite-florisa-embroidered-dress-222100351.html#navAjax=true&imageType=model&is=true&sz=60&start=0&cgid=petite&isSecondPage=false&pid=222100351&pos=42,"https://media.phase-eight.com/image/upload/f_auto,q_auto,dpr_auto/w_600/p8-catalog/images/222100351/222100351-01-petite-florisa-embroidered-dress?_i=AG",£119.20,£149,20% Off Applied
44,Dresses,Phase Eight,Black,Petite Holly Velvet Star Wrap Maxi Dress,https://www.phase-eight.com/product/petite-holly-velvet-star-wrap-maxi-dress-221961050.html#navAjax=true&imageType=model&is=true&sz=60&start=0&cgid=petite&isSecondPage=false&pid=221961050&pos=43,"https://media.phase-eight.com/image/upload/f_auto,q_auto,dpr_auto/w_600/p8-catalog/images/221961050/221961050-01-petite-holly-velvet-star-wrap-maxi-dress?_i=AG",£127.20,£159,20% Off Applied
45,Dresses,Phase Eight,Blue,Petite Julissa Wrap Dress,https://www.phase-eight.com/product/petite-julissa-wrap-dress-222114351.html#navAjax=true&imageType=model&is=true&sz=60&start=0&cgid=petite&isSecondPage=false&pid=222114351&pos=44,"https://media.phase-eight.com/image/upload/f_auto,q_auto,dpr_auto/w_600/p8-catalog/images/222114351/222114351-01-petite-julissa-wrap-dress?_i=AG",£103.20,£129,20% Off Applied
46,Dresses,Phase Eight,Pink,Petite Harper Plise Pale Pink Dress,https://www.phase-eight.com/product/petite-harper-plise-pale-pink-dress-222588785.html#navAjax=true&imageType=model&is=true&sz=60&start=0&cgid=petite&isSecondPage=false&pid=222588785&pos=45,"https://media.phase-eight.com/image/upload/f_auto,q_auto,dpr_auto/w_600/p8-catalog/images/222588785/222588785-01-petite-harper-plise-pale-pink-dress?_i=AG",£135.20,£169,20% Off Applied
47,Jumpsuits & Playsuits,Phase Eight,Black,Petite Sasha Black Sparkle Jumpsuit,https://www.phase-eight.com/product/petite-sasha-black-sparkle-jumpsuit-222512050.html#navAjax=true&imageType=model&is=true&sz=60&start=0&cgid=petite&isSecondPage=false&pid=222512050&pos=46,"https://media.phase-eight.com/image/upload/f_auto,q_auto,dpr_auto/w_600/p8-catalog/images/222512050/222512050-01-petite-sasha-black-sparkle-jumpsuit?_i=AG",£95.20,£119,20% Off Applied
48,Coats & Jackets,Phase Eight,Black,Petite Lydia Long Wool Coat,https://www.phase-eight.com/product/petite-lydia-long-wool-coat-950840050.html#navAjax=true&imageType=model&is=true&sz=60&start=0&cgid=petite&isSecondPage=false&pid=950840050&pos=47,"https://media.phase-eight.com/image/upload/f_auto,q_auto,dpr_auto/w_600/p8-catalog/images/950840050/950840050-01-petite-lydia-long-wool-coat?_i=AG",£183.20,£229,20% Off Applied
49,Coats & Jackets,Phase Eight,Pink,Petite Daisy Jacket,https://www.phase-eight.com/product/petite-daisy-jacket-901165785.html#navAjax=true&imageType=model&is=true&sz=60&start=0&cgid=petite&isSecondPage=false&pid=901165785&pos=48,"https://media.phase-eight.com/image/upload/f_auto,q_auto,dpr_auto/w_600/p8-catalog/images/901165785/901165785-01-petite-daisy-jacket?_i=AG",£103.20,£129,20% Off Applied
50,Trousers,Phase Eight,Black,Petite Trixie Turn Up Hem Trouser,https://www.phase-eight.com/product/petite-trixie-turn-up-hem-trouser-101676050.html#navAjax=true&imageType=model&is=true&sz=60&start=0&cgid=petite&isSecondPage=false&pid=101676050&pos=49,"https://media.phase-eight.com/image/upload/f_auto,q_auto,dpr_auto/w_600/p8-catalog/images/101676050/101676050-01-petite-trixie-turn-up-hem-trouser?_i=AG",£79.20,£99,20% Off Applied
51,Blazer,Phase Eight,Green,Petite Arabella Crop Blazer,https://www.phase-eight.com/product/petite-arabella-crop-blazer-901198693.html#navAjax=true&imageType=model&is=true&sz=60&start=0&cgid=petite&isSecondPage=false&pid=901198693&pos=50,"https://media.phase-eight.com/image/upload/f_auto,q_auto,dpr_auto/w_600/p8-catalog/images/901198693/901198693-01-petite-arabella-crop-blazer?_i=AG",£111.20,£139,20% Off Applied
52,Coats & Jackets,Phase Eight,Pink,Petite Ulrica Fitted Jacket,https://www.phase-eight.com/product/petite-ulrica-fitted-jacket-901177840.html#navAjax=true&imageType=model&is=true&sz=60&start=0&cgid=petite&isSecondPage=false&pid=901177840&pos=51,"https://media.phase-eight.com/image/upload/f_auto,q_auto,dpr_auto/w_600/p8-catalog/images/901177840/901177840-01-petite-ulrica-fitted-jacket?_i=AG",£95.20,£119,20% Off Applied
53,Dresses,Phase Eight,Blue,Petite Marren Blue Chiffon Maxi Dress,https://www.phase-eight.com/product/petite-marren-blue-chiffon-maxi-dress-222361408.html#navAjax=true&imageType=model&is=true&sz=60&start=0&cgid=petite&isSecondPage=false&pid=222361408&pos=52,"https://media.phase-eight.com/image/upload/f_auto,q_auto,dpr_auto/w_600/p8-catalog/images/222361408/222361408-01-petite-marren-blue-chiffon-maxi-dress?_i=AG",£263.20,£329,20% Off Applied
54,Coats & Jackets,Phase Eight,Black,Petite Layana Black Smart Trench Coat,https://www.phase-eight.com/product/petite-layana-black-smart-trench-coat-950788050.html#navAjax=true&imageType=model&is=true&sz=60&start=0&cgid=petite&isSecondPage=false&pid=950788050&pos=53,"https://media.phase-eight.com/image/upload/f_auto,q_auto,dpr_auto/w_600/p8-catalog/images/950788050/950788050-01-petite-layana-black-smart-trench-coat?_i=AG",£159.20,£199,20% Off Applied
55,Dresses,Phase Eight,Pink,Petite Mabelle Organza Maxi Dress,https://www.phase-eight.com/product/petite-mabelle-organza-maxi-dress-222155315.html#navAjax=true&imageType=model&is=true&sz=60&start=0&cgid=petite&isSecondPage=false&pid=222155315&pos=54,"https://media.phase-eight.com/image/upload/f_auto,q_auto,dpr_auto/w_600/p8-catalog/images/222155315/222155315-01-petite-mabelle-organza-maxi-dress?_i=AG",£199.20,£249,20% Off Applied
56,Coats & Jackets,Phase Eight,Cream,Petite Ripley Boucle Jacket,https://www.phase-eight.com/product/petite-ripley-boucle-jacket-901162106.html#navAjax=true&imageType=model&is=true&sz=60&start=0&cgid=petite&isSecondPage=false&pid=901162106&pos=55,"https://media.phase-eight.com/image/upload/f_auto,q_auto,dpr_auto/w_600/p8-catalog/images/901162106/901162106-01-petite-ripley-boucle-jacket?_i=AG",£119.20,£149,20% Off Applied
57,Dresses,Phase Eight,Black,Petite Dolly Dress,https://www.phase-eight.com/product/petite-dolly-dress-10003020230.html#navAjax=true&imageType=model&is=true&sz=60&start=0&cgid=petite&isSecondPage=false&pid=10003020230&pos=56,"https://media.phase-eight.com/image/upload/f_auto,q_auto,dpr_auto/w_600/p8-catalog/images/10003020230/10003020230-01-petite-dolly-jacquard-mini-tunic-dress?_i=AG",£88,£110,20% Off Applied
58,Dresses,Phase Eight,Blue,Petite Matilda Tapework Midi Dress,https://www.phase-eight.com/product/petite-matilda-tapework-midi-dress-222077351.html#navAjax=true&imageType=model&is=true&sz=60&start=0&cgid=petite&isSecondPage=false&pid=222077351&pos=57,"https://media.phase-eight.com/image/upload/f_auto,q_auto,dpr_auto/w_600/p8-catalog/images/222077351/222077351-01-petite-matilda-tapework-midi-dress?_i=AG",£175.20,£219,20% Off Applied
59,Dresses,Phase Eight,Multi-Coloured,Petite Kiera Colourblock Midi Dress,https://www.phase-eight.com/product/petite-kiera-colourblock-midi-dress-222431000.html#navAjax=true&imageType=model&is=true&sz=60&start=0&cgid=petite&isSecondPage=false&pid=222431000&pos=58,"https://media.phase-eight.com/image/upload/f_auto,q_auto,dpr_auto/w_600/p8-catalog/images/222431000/222431000-01-petite-kiera-colourblock-midi-dress?_i=AG",£111.20,£139,20% Off Applied
60,Dresses,Phase Eight,Blue,Petite Zila Tapework Dress,https://www.phase-eight.com/product/petite-zila-tapework-dress-221350287.html#navAjax=true&imageType=model&is=true&sz=60&start=0&cgid=petite&isSecondPage=false&pid=221350287&pos=59,"https://media.phase-eight.com/image/upload/f_auto,q_auto,dpr_auto/w_600/p8-catalog/images/221350287/221350287-01-petite-zila-tapework-dress?_i=AG",£159,£199,
61,Dresses,Phase Eight,Blue,Petite Zila Tapework Dress,https://www.phase-eight.com/product/petite-zila-tapework-dress-221350287.html#navAjax=true&imageType=model&is=true&sz=60&start=60&cgid=petite&isSecondPage=false&pid=221350287&pos=60,"https://media.phase-eight.com/image/upload/f_auto,q_auto,dpr_auto/w_600/p8-catalog/images/221350287/221350287-01-petite-zila-tapework-dress?_i=AG",£159,£199,
62,Dresses,Phase Eight,Blue,Petite Arabella Satin Maxi Dress,https://www.phase-eight.com/product/petite-arabella-satin-maxi-dress-222169351.html#navAjax=true&imageType=model&is=true&sz=60&start=60&cgid=petite&isSecondPage=false&pid=222169351&pos=61,"https://media.phase-eight.com/image/upload/f_auto,q_auto,dpr_auto/w_600/p8-catalog/images/222169351/222169351-01-petite-arabella-satin-maxi-dress?_i=AG",£119.20,£149,20% Off Applied
63,Coats & Jackets,Phase Eight,Blue,Petite Daisy Jacket,https://www.phase-eight.com/product/petite-daisy-jacket-901155409.html#navAjax=true&imageType=model&is=true&sz=60&start=60&cgid=petite&isSecondPage=false&pid=901155409&pos=62,"https://media.phase-eight.com/image/upload/f_auto,q_auto,dpr_auto/w_600/p8-catalog/images/901155409/901155409-01-petite-daisy-jacket?_i=AG",£103.20,£129,20% Off Applied
64,Dresses,Phase Eight,Blue,Petite Alecia Pleated Maxi Dress,https://www.phase-eight.com/product/petite-alecia-pleated-maxi-dress-221994409.html#navAjax=true&imageType=model&is=true&sz=60&start=60&cgid=petite&isSecondPage=false&pid=221994409&pos=63,"https://media.phase-eight.com/image/upload/f_auto,q_auto,dpr_auto/w_600/p8-catalog/images/221994409/221994409-01-petite-alecia-pleated-maxi-dress?_i=AG",£151.20,£189,20% Off Applied
65,Dresses,Phase Eight,Pink,Petite Alecia Pleated Maxi Dress,https://www.phase-eight.com/product/petite-alecia-pleated-maxi-dress-221993840.html#navAjax=true&imageType=model&is=true&sz=60&start=60&cgid=petite&isSecondPage=false&pid=221993840&pos=64,"https://media.phase-eight.com/image/upload/f_auto,q_auto,dpr_auto/w_600/p8-catalog/images/221993840/221993840-01-petite-alecia-pleated-maxi-dress?_i=AG",£151.20,£189,20% Off Applied
66,Dresses,Phase Eight,Gray,Petite Rhia Silver Sequin Mini Dress,https://www.phase-eight.com/product/petite-rhia-silver-sequin-mini-dress-222488065.html#navAjax=true&imageType=model&is=true&sz=60&start=60&cgid=petite&isSecondPage=false&pid=222488065&pos=65,"https://media.phase-eight.com/image/upload/f_auto,q_auto,dpr_auto/w_600/p8-catalog/images/222488065/222488065-01-petite-rhia-silver-sequin-mini-dress?_i=AG",£111.20,£139,20% Off Applied
67,Dresses,Phase Eight,Gray,Petite Jayla Metallic Knit Dress,https://www.phase-eight.com/product/petite-jayla-metallic-knit-dress-222552065.html#navAjax=true&imageType=model&is=true&sz=60&start=60&cgid=petite&isSecondPage=false&pid=222552065&pos=66,"https://media.phase-eight.com/image/upload/f_auto,q_auto,dpr_auto/w_600/p8-catalog/images/222552065/222552065-01-jayla-metallic-knit-dress?_i=AG",£103.20,£129,20% Off Applied
68,Dresses,Phase Eight,Black,Petite Maci Pleated Sunray Midi Dress,https://www.phase-eight.com/product/petite-maci-pleated-sunray-midi-dress-222468880.html#navAjax=true&imageType=model&is=true&sz=60&start=60&cgid=petite&isSecondPage=false&pid=222468880&pos=67,"https://media.phase-eight.com/image/upload/f_auto,q_auto,dpr_auto/w_600/p8-catalog/images/222468880/222468880-01-petite-maci-pleated-sunray-midi-dress?_i=AG",£111.20,£139,20% Off Applied
69,Coats & Jackets,Phase Eight,Cream,Petite Daisy Jacket,https://www.phase-eight.com/product/petite-daisy-jacket-901166106.html#navAjax=true&imageType=model&is=true&sz=60&start=60&cgid=petite&isSecondPage=false&pid=901166106&pos=68,"https://media.phase-eight.com/image/upload/f_auto,q_auto,dpr_auto/w_600/p8-catalog/images/901166106/901166106-01-petite-daisy-jacket?_i=AG",£103.20,£129,20% Off Applied
70,Jumpsuits & Playsuits,Phase Eight,Gray,Petite Aubrey Sequin Wide Leg Jumpsuit,https://www.phase-eight.com/product/petite-aubrey-sequin-wide-leg-jumpsuit-221951165.html#navAjax=true&imageType=model&is=true&sz=60&start=60&cgid=petite&isSecondPage=false&pid=221951165&pos=69,"https://media.phase-eight.com/image/upload/f_auto,q_auto,dpr_auto/w_600/p8-catalog/images/221951165/221951165-01-petite-aubrey-sequin-wide-leg-jumpsuit?_i=AG",£119.20,£149,20% Off Applied
71,Coats & Jackets,Phase Eight,Gray,Petite Paloma Funnel Neck Wool Coat,https://www.phase-eight.com/product/petite-paloma-funnel-neck-wool-coat-950851150.html#navAjax=true&imageType=model&is=true&sz=60&start=60&cgid=petite&isSecondPage=false&pid=950851150&pos=70,"https://media.phase-eight.com/image/upload/f_auto,q_auto,dpr_auto/w_600/p8-catalog/images/950851150/950851150-01-petite-paloma-funnel-neck-wool-coat?_i=AG",£207.20,£259,20% Off Applied
72,Trousers,Phase Eight,Pink,Petite Ulrica Tapered Suit Trouser,https://www.phase-eight.com/product/petite-ulrica-tapered-suit-trouser-101629840.html#navAjax=true&imageType=model&is=true&sz=60&start=60&cgid=petite&isSecondPage=false&pid=101629840&pos=71,"https://media.phase-eight.com/image/upload/f_auto,q_auto,dpr_auto/w_600/p8-catalog/images/101629840/101629840-01-petite-ulrica-tapered-suit-trouser?_i=AG",£71.20,£89,20% Off Applied
73,Dresses,Phase Eight,Blue,Petite Charissa Silk Maxi Dress,https://www.phase-eight.com/product/petite-charissa-silk-maxi-dress-222187408.html#navAjax=true&imageType=model&is=true&sz=60&start=60&cgid=petite&isSecondPage=false&pid=222187408&pos=72,"https://media.phase-eight.com/image/upload/f_auto,q_auto,dpr_auto/w_600/p8-catalog/images/222187408/222187408-01-petite-charissa-silk-maxi-dress?_i=AG",£279.20,£349,20% Off Applied
74,Dresses,Phase Eight,Blue,Petite Georgie Floral Tiered Maxi Dress,https://www.phase-eight.com/product/petite-georgie-floral-tiered-maxi-dress-221651493.html#navAjax=true&imageType=model&is=true&sz=60&start=60&cgid=petite&isSecondPage=false&pid=221651493&pos=73,"https://media.phase-eight.com/image/upload/f_auto,q_auto,dpr_auto/w_600/p8-catalog/images/221651493/221651493-01-petite-georgie-floral-tiered-maxi-dress?_i=AG",£99,£129,
75,Dresses,Phase Eight,Gold,Petite Enja Sequin Maxi Dress,https://www.phase-eight.com/product/petite-enja-sequin-maxi-dress-221809060.html#navAjax=true&imageType=model&is=true&sz=60&start=60&cgid=petite&isSecondPage=false&pid=221809060&pos=74,"https://media.phase-eight.com/image/upload/f_auto,q_auto,dpr_auto/w_600/p8-catalog/images/221809060/221809060-01-petite-enja-sequin-maxi-dress?_i=AG",£183.20,£229,20% Off Applied
76,Coats & Jackets,Phase Eight,Blue,Petite Aurelie Peacoat,https://www.phase-eight.com/product/petite-aurelie-peacoat-950855351.html#navAjax=true&imageType=model&is=true&sz=60&start=60&cgid=petite&isSecondPage=false&pid=950855351&pos=75,"https://media.phase-eight.com/image/upload/f_auto,q_auto,dpr_auto/w_600/p8-catalog/images/950855351/950855351-01-petite-aurelie-peacoat?_i=AG",£159.20,£199,20% Off Applied
77,Dresses,Phase Eight,Gold,Petite Tillie Lurex Flippy Hem Dress,https://www.phase-eight.com/product/petite-tillie-lurex-flippy-hem-dress-222532060.html#navAjax=true&imageType=model&is=true&sz=60&start=60&cgid=petite&isSecondPage=false&pid=222532060&pos=76,"https://media.phase-eight.com/image/upload/f_auto,q_auto,dpr_auto/w_600/p8-catalog/images/222532060/222532060-01-petite-tillie-lurex-flippy-hem-dress?_i=AG",£88,£110,20% Off Applied
78,Dresses,Phase Eight,Black,Petite Bonnie Black Bow Shirt Midi Dress,https://www.phase-eight.com/product/petite-bonnie-black-bow-shirt-midi-dress-222125230.html#navAjax=true&imageType=model&is=true&sz=60&start=60&cgid=petite&isSecondPage=false&pid=222125230&pos=77,"https://media.phase-eight.com/image/upload/f_auto,q_auto,dpr_auto/w_600/p8-catalog/images/222125230/222125230-01-petite-bonnie-black-bow-shirt-midi-dress?_i=AG",£99,£119,
79,Dresses,Phase Eight,Blue,Petite Cressida Pleat Maxi Dress,https://www.phase-eight.com/product/petite-cressida-pleat-maxi-dress-221998351.html#navAjax=true&imageType=model&is=true&sz=60&start=60&cgid=petite&isSecondPage=false&pid=221998351&pos=78,"https://media.phase-eight.com/image/upload/f_auto,q_auto,dpr_auto/w_600/p8-catalog/images/221998351/221998351-01-petite-cressida-pleat-maxi-dress?_i=AG",£143.20,£179,20% Off Applied
80,Jumpsuits & Playsuits,Phase Eight,Blue,Petite Tallulah Navy Utility Jumpsuit,https://www.phase-eight.com/product/petite-tallulah-navy-utility-jumpsuit-222367351.html#navAjax=true&imageType=model&is=true&sz=60&start=60&cgid=petite&isSecondPage=false&pid=222367351&pos=79,"https://media.phase-eight.com/image/upload/f_auto,q_auto,dpr_auto/w_600/p8-catalog/images/222367351/222367351-01-petite-tallulah-navy-utility-jumpsuit?_i=AG",£95.20,£119,20% Off Applied
81,Trousers,Phase Eight,Blue,Petite Aubrielle Clean Crepe Culottes,https://www.phase-eight.com/product/petite-aubrielle-clean-crepe-culottes-101648351.html#navAjax=true&imageType=model&is=true&sz=60&start=60&cgid=petite&isSecondPage=false&pid=101648351&pos=80,"https://media.phase-eight.com/image/upload/f_auto,q_auto,dpr_auto/w_600/p8-catalog/images/101648351/101648351-01-petite-aubrielle-clean-crepe-culottes?_i=AG",£55.20,£69,20% Off Applied
82,Dresses,Phase Eight,Blue,Petite Minty Sequin Bodice Maxi Dress,https://www.phase-eight.com/product/petite-minty-sequin-bodice-maxi-dress-222295351.html#navAjax=true&imageType=model&is=true&sz=60&start=60&cgid=petite&isSecondPage=false&pid=222295351&pos=81,"https://media.phase-eight.com/image/upload/f_auto,q_auto,dpr_auto/w_600/p8-catalog/images/222295351/222295351-01-petite-minty-sequin-bodice-maxi-dress?_i=AG",£135.20,£169,20% Off Applied
83,Dresses,Phase Eight,Black,Petite Emalise Sequin Pleat Maxi Dress,https://www.phase-eight.com/product/petite-emalise-sequin-pleat-maxi-dress-222492880.html#navAjax=true&imageType=model&is=true&sz=60&start=60&cgid=petite&isSecondPage=false&pid=222492880&pos=82,"https://media.phase-eight.com/image/upload/f_auto,q_auto,dpr_auto/w_600/p8-catalog/images/222492880/222492880-01-petite-emalise-sequin-pleat-maxi-dress?_i=AG",£151.20,£189,20% Off Applied
84,Dresses,Phase Eight,Multi-Coloured,Petite Amita Geo Shirt Dress,https://www.phase-eight.com/product/petite-amita-geo-shirt-dress-222485000.html#navAjax=true&imageType=model&is=true&sz=60&start=60&cgid=petite&isSecondPage=false&pid=222485000&pos=83,"https://media.phase-eight.com/image/upload/f_auto,q_auto,dpr_auto/w_600/p8-catalog/images/222485000/222485000-01-petite-amita-geo-shirt-dress?_i=AG",£103.20,£129,20% Off Applied
85,Dresses,Phase Eight,Multi-Coloured,Petite Ellio Silk Shimmer Maxi Dress,https://www.phase-eight.com/product/petite-ellio-silk-shimmer-maxi-dress-222494000.html#navAjax=true&imageType=model&is=true&sz=60&start=60&cgid=petite&isSecondPage=false&pid=222494000&pos=84,"https://media.phase-eight.com/image/upload/f_auto,q_auto,dpr_auto/w_600/p8-catalog/images/222494000/222494000-01-petite-ellio-silk-shimmer-maxi-dress?_i=AG",£295.20,£369,20% Off Applied
86,Dresses,Phase Eight,Pink,Petite Brielle Wrap Maxi Dress,https://www.phase-eight.com/product/petite-brielle-wrap-maxi-dress-222141300.html#navAjax=true&imageType=model&is=true&sz=60&start=60&cgid=petite&isSecondPage=false&pid=222141300&pos=85,"https://media.phase-eight.com/image/upload/f_auto,q_auto,dpr_auto/w_600/p8-catalog/images/222141300/222141300-01-petite-brielle-wrap-maxi-dress?_i=AG",£135.20,£169,20% Off Applied
87,Dresses,Phase Eight,Pink,Petite Julissa Frill Wrap Dress,https://www.phase-eight.com/product/petite-julissa-frill-wrap-dress-222085840.html#navAjax=true&imageType=model&is=true&sz=60&start=60&cgid=petite&isSecondPage=false&pid=222085840&pos=86,"https://media.phase-eight.com/image/upload/f_auto,q_auto,dpr_auto/w_600/p8-catalog/images/222085840/222085840-01-petite-julissa-frill-wrap-dress?_i=AG",£103.20,£129,20% Off Applied
88,Jumpsuits & Playsuits,Phase Eight,Blue,Petite Avalon Denim Utility Jumpsuit,https://www.phase-eight.com/product/petite-avalon-denim-utility-jumpsuit-222561179.html#navAjax=true&imageType=model&is=true&sz=60&start=60&cgid=petite&isSecondPage=false&pid=222561179&pos=87,"https://media.phase-eight.com/image/upload/f_auto,q_auto,dpr_auto/w_600/p8-catalog/images/222561179/222561179-01-petite-avalon-denim-utility-jumpsuit?_i=AG",£103.20,£129,20% Off Applied
89,Dresses,Phase Eight,Pink,Petite Daisy Lace Midi Dress,https://www.phase-eight.com/product/petite-daisy-lace-midi-dress-222063785.html#navAjax=true&imageType=model&is=true&sz=60&start=60&cgid=petite&isSecondPage=false&pid=222063785&pos=88,"https://media.phase-eight.com/image/upload/f_auto,q_auto,dpr_auto/w_600/p8-catalog/images/222063785/222063785-01-petite-daisy-lace-midi-dress?_i=AG",£135.20,£169,20% Off Applied
90,Dresses,Phase Eight,Black,Petite Ella Black Chain Swing Dress,https://www.phase-eight.com/product/petite-ella-black-chain-swing-dress-222439050.html#navAjax=true&imageType=model&is=true&sz=60&start=60&cgid=petite&isSecondPage=false&pid=222439050&pos=89,"https://media.phase-eight.com/image/upload/f_auto,q_auto,dpr_auto/w_600/p8-catalog/images/222439050/222439050-01-petite-ella-black-chain-swing-dress?_i=AG",£79.20,£99,20% Off Applied
91,Dresses,Phase Eight,Blue,Luiza Petite Denim Midi Dress,https://www.phase-eight.com/product/luiza-petite-denim-midi-dress-222336354.html#navAjax=true&imageType=model&is=true&sz=60&start=60&cgid=petite&isSecondPage=false&pid=222336354&pos=90,"https://media.phase-eight.com/image/upload/f_auto,q_auto,dpr_auto/w_600/p8-catalog/images/222336354/222336354-01-luiza-petite-denim-midi-dress?_i=AG",£95.20,£119,20% Off Applied
92,Dresses,Phase Eight,Pink,Petite Isabella Lace Midi Dress,https://www.phase-eight.com/product/petite-isabella-lace-midi-dress-221443840.html#navAjax=true&imageType=model&is=true&sz=60&start=60&cgid=petite&isSecondPage=false&pid=221443840&pos=91,"https://media.phase-eight.com/image/upload/f_auto,q_auto,dpr_auto/w_600/p8-catalog/images/221443840/221443840-01-petite-isabella-lace-midi-dress?_i=AG",£129,£169,
93,Jumpsuits & Playsuits,Phase Eight,Pink,Petite Ayla Ruffle Jumpsuit,https://www.phase-eight.com/product/petite-ayla-ruffle-jumpsuit-222061300.html#navAjax=true&imageType=model&is=true&sz=60&start=60&cgid=petite&isSecondPage=false&pid=222061300&pos=92,"https://media.phase-eight.com/image/upload/f_auto,q_auto,dpr_auto/w_600/p8-catalog/images/222061300/222061300-01-petite-ayla-ruffle-jumpsuit?_i=AG",£111.20,£139,20% Off Applied
94,Dresses,Phase Eight,Multi-Coloured,Petite Rhea Woven Hem Abstract Dress,https://www.phase-eight.com/product/petite-rhea-woven-hem-abstract-dress-222435000.html#navAjax=true&imageType=model&is=true&sz=60&start=60&cgid=petite&isSecondPage=false&pid=222435000&pos=93,"https://media.phase-eight.com/image/upload/f_auto,q_auto,dpr_auto/w_600/p8-catalog/images/222435000/222435000-01-petite-rhea-woven-hem-abstract-dress?_i=AG",£103.20,£129,20% Off Applied
95,Jumpsuits & Playsuits,Phase Eight,Black,Petite Holly Black Velvet Jumpsuit,https://www.phase-eight.com/product/petite-holly-black-velvet-jumpsuit-221871050.html#navAjax=true&imageType=model&is=true&sz=60&start=60&cgid=petite&isSecondPage=false&pid=221871050&pos=94,"https://media.phase-eight.com/image/upload/f_auto,q_auto,dpr_auto/w_600/p8-catalog/images/221871050/221871050-01-petite-holly-black-velvet-jumpsuit?_i=AG",£119.20,£149,20% Off Applied
96,Dresses,Phase Eight,Blue,Petite Daisy Lace Double Layer Dress,https://www.phase-eight.com/product/petite-daisy-lace-double-layer-dress-222065409.html#navAjax=true&imageType=model&is=true&sz=60&start=60&cgid=petite&isSecondPage=false&pid=222065409&pos=95,"https://media.phase-eight.com/image/upload/f_auto,q_auto,dpr_auto/w_600/p8-catalog/images/222065409/222065409-01-petite-daisy-lace-double-layer-dress?_i=AG",£135.20,£169,20% Off Applied
97,Dresses,Phase Eight,Pink,Petite Simara Printed Midi Dress,https://www.phase-eight.com/product/petite-simara-printed-midi-dress-222069000.html#navAjax=true&imageType=model&is=true&sz=60&start=60&cgid=petite&isSecondPage=false&pid=222069000&pos=96,"https://media.phase-eight.com/image/upload/f_auto,q_auto,dpr_auto/w_600/p8-catalog/images/222069000/222069000-01-petite-simara-printed-midi-dress?_i=AG",£127.20,£159,20% Off Applied
98,Dresses,Phase Eight,Gold,Petite Masie Metallic Jersey Maxi Dress,https://www.phase-eight.com/product/petite-masie-metallic-jersey-maxi-dress-222319060.html#navAjax=true&imageType=model&is=true&sz=60&start=60&cgid=petite&isSecondPage=false&pid=222319060&pos=97,"https://media.phase-eight.com/image/upload/f_auto,q_auto,dpr_auto/w_600/p8-catalog/images/222319060/222319060-01-petite-masie-metallic-jersey-maxi-dress?_i=AG",£151.20,£189,20% Off Applied
99,Dresses,Phase Eight,Multi-Coloured,Petite Ayana Spot Pleat Midaxi Dress,https://www.phase-eight.com/product/petite-ayana-spot-pleat-midaxi-dress-222039000.html#navAjax=true&imageType=model&is=true&sz=60&start=60&cgid=petite&isSecondPage=false&pid=222039000&pos=98,"https://media.phase-eight.com/image/upload/f_auto,q_auto,dpr_auto/w_600/p8-catalog/images/222039000/222039000-01-petite-ayana-spot-pleat-midaxi-dress?_i=AG",£119.20,£149,20% Off Applied
100,Dresses,Phase Eight,Burgundy,Petite Julie Fit And Flare Midi Dress,https://www.phase-eight.com/product/petite-julie-fit-and-flare-midi-dress-222457258.html#navAjax=true&imageType=model&is=true&sz=60&start=60&cgid=petite&isSecondPage=false&pid=222457258&pos=99,"https://media.phase-eight.com/image/upload/f_auto,q_auto,dpr_auto/w_600/p8-catalog/images/222457258/222457258-01-petite-julie-fit-and-flare-midi-dress?_i=AG",£95.20,£119,20% Off Applied
101,Dresses,Phase Eight,Multi-Coloured,Petite Abigail Printed Pleat Midaxi Dress,https://www.phase-eight.com/product/petite-abigail-printed-pleat-midaxi-dress-222090000.html#navAjax=true&imageType=model&is=true&sz=60&start=60&cgid=petite&isSecondPage=false&pid=222090000&pos=100,"https://media.phase-eight.com/image/upload/f_auto,q_auto,dpr_auto/w_600/p8-catalog/images/222090000/222090000-01-petite-abigail-printed-pleat-midaxi-dress?_i=AG",£135.20,£169,20% Off Applied
102,Dresses,Phase Eight,Multi-Coloured,Petite Simara Ombre Pleat Midi Dress,https://www.phase-eight.com/product/petite-simara-ombre-pleat-midi-dress-222353000.html#navAjax=true&imageType=model&is=true&sz=60&start=60&cgid=petite&isSecondPage=false&pid=222353000&pos=101,"https://media.phase-eight.com/image/upload/f_auto,q_auto,dpr_auto/w_600/p8-catalog/images/222353000/222353000-01-petite-simara-ombre-pleat-midi-dress?_i=AG",£119.20,£149,20% Off Applied
103,Dresses,Phase Eight,Pink,Petite Karima Tapework Midi Dress,https://www.phase-eight.com/product/petite-karima-tapework-midi-dress-222031785.html#navAjax=true&imageType=model&is=true&sz=60&start=60&cgid=petite&isSecondPage=false&pid=222031785&pos=102,"https://media.phase-eight.com/image/upload/f_auto,q_auto,dpr_auto/w_600/p8-catalog/images/222031785/222031785-01-petite-karima-tapework-midi-dress?_i=AG",£159.20,£199,20% Off Applied
104,Jumpsuits & Playsuits,Phase Eight,Pink,Petite Julissa Jumpsuit,https://www.phase-eight.com/product/petite-julissa-jumpsuit-10002700300.html#navAjax=true&imageType=model&is=true&sz=60&start=60&cgid=petite&isSecondPage=false&pid=10002700300&pos=103,"https://media.phase-eight.com/image/upload/f_auto,q_auto,dpr_auto/w_600/p8-catalog/images/10002700300/10002700300-01-petite-julissa-pink-wide-leg-jumpsuit?_i=AG",£111.20,£139,20% Off Applied
105,Coats & Jackets,Phase Eight,Blue,Petite Sandra Wool Fit And Flare Coat,https://www.phase-eight.com/product/petite-sandra-wool-fit-and-flare-coat-950811351.html#navAjax=true&imageType=model&is=true&sz=60&start=60&cgid=petite&isSecondPage=false&pid=950811351&pos=104,"https://media.phase-eight.com/image/upload/f_auto,q_auto,dpr_auto/w_600/p8-catalog/images/950811351/950811351-01-petite-sandra-wool-fit-and-flare-coat?_i=AG",£199,£279,
106,Coats & Jackets,Phase Eight,Burgundy,Petite Zylah Faux Fur Collar Wool Coat,https://www.phase-eight.com/product/petite-zylah-faux-fur-collar-wool-coat-950786258.html#navAjax=true&imageType=model&is=true&sz=60&start=60&cgid=petite&isSecondPage=false&pid=950786258&pos=105,"https://media.phase-eight.com/image/upload/f_auto,q_auto,dpr_auto/w_600/p8-catalog/images/950786258/950786258-01-petite-zylah-faux-fur-collar-wool-coat?_i=AG",£165,£289,
107,Dresses,Phase Eight,Multi-Coloured,Petite Sofia Print Maxi Dress,https://www.phase-eight.com/product/petite-sofia-print-maxi-dress-222310000.html#navAjax=true&imageType=model&is=true&sz=60&start=60&cgid=petite&isSecondPage=false&pid=222310000&pos=106,"https://media.phase-eight.com/image/upload/f_auto,q_auto,dpr_auto/w_600/p8-catalog/images/222310000/222310000-01-petite-sofia-print-maxi-dress?_i=AG",£69,£139,
108,Dresses,Phase Eight,Blue,Petite Abigail Dress,https://www.phase-eight.com/product/petite-abigail-dress-10001470351.html#navAjax=true&imageType=model&is=true&sz=60&start=60&cgid=petite&isSecondPage=false&pid=10001470351&pos=107,"https://media.phase-eight.com/image/upload/f_auto,q_auto,dpr_auto/w_600/p8-catalog/images/10001470351/10001470351-01-petite-abigail-printed-pleat-maxi-dress?_i=AG",£143.20,£179,20% Off Applied
109,Dresses,Phase Eight,Pink,Petite Philippa Wrap Dress,https://www.phase-eight.com/product/petite-philippa-wrap-dress-222136300.html#navAjax=true&imageType=model&is=true&sz=60&start=60&cgid=petite&isSecondPage=false&pid=222136300&pos=108,"https://media.phase-eight.com/image/upload/f_auto,q_auto,dpr_auto/w_600/p8-catalog/images/222136300/222136300-01-petite-philippa-wrap-dress?_i=AG",£95,£139,
110,Dresses,Phase Eight,Multi-Coloured,Petite Diana Floral Lace Midi Dress,https://www.phase-eight.com/product/petite-diana-floral-lace-midi-dress-222083000.html#navAjax=true&imageType=model&is=true&sz=60&start=60&cgid=petite&isSecondPage=false&pid=222083000&pos=109,"https://media.phase-eight.com/image/upload/f_auto,q_auto,dpr_auto/w_600/p8-catalog/images/222083000/222083000-01-petite-diana-floral-lace-midi-dress?_i=AG",£99,£149,
111,Dresses,Phase Eight,Multi-Coloured,Petite Lyric Geo Pleated Midi Dress,https://www.phase-eight.com/product/petite-lyric-geo-pleated-midi-dress-222387000.html#navAjax=true&imageType=model&is=true&sz=60&start=60&cgid=petite&isSecondPage=false&pid=222387000&pos=110,"https://media.phase-eight.com/image/upload/f_auto,q_auto,dpr_auto/w_600/p8-catalog/images/222387000/222387000-01-petite-lyric-geo-pleated-midi-dress?_i=AG",£69,£129,
112,Dresses,Phase Eight,Orange,Petite Marilyn Puff Sleeve Midi Dress,https://www.phase-eight.com/product/petite-marilyn-puff-sleeve-midi-dress-222201650.html#navAjax=true&imageType=model&is=true&sz=60&start=60&cgid=petite&isSecondPage=false&pid=222201650&pos=111,"https://media.phase-eight.com/image/upload/f_auto,q_auto,dpr_auto/w_600/p8-catalog/images/222201650/222201650-01-petite-marilyn-puff-sleeve-midi-dress?_i=AG",£75,£149,
113,Dresses,Phase Eight,Black,Petite Viola Houndstooth Mini Dress,https://www.phase-eight.com/product/petite-viola-houndstooth-mini-dress-222382880.html#navAjax=true&imageType=model&is=true&sz=60&start=60&cgid=petite&isSecondPage=false&pid=222382880&pos=112,"https://media.phase-eight.com/image/upload/f_auto,q_auto,dpr_auto/w_600/p8-catalog/images/222382880/222382880-01-petite-viola-houndstooth-mini-dress?_i=AG",£65,£110,
114,Jumpsuits & Playsuits,Phase Eight,Black,Petite Saskia Abstract Pleated Jumpsuit,https://www.phase-eight.com/product/petite-saskia-abstract-pleated-jumpsuit-222340050.html#navAjax=true&imageType=model&is=true&sz=60&start=60&cgid=petite&isSecondPage=false&pid=222340050&pos=113,"https://media.phase-eight.com/image/upload/f_auto,q_auto,dpr_auto/w_600/p8-catalog/images/222340050/222340050-01-petite-saskia-abstract-pleated-jumpsuit?_i=AG",£75,£129,
115,Dresses,Phase Eight,Multi-Coloured,Petite Julissa Print Wrap Dress,https://www.phase-eight.com/product/petite-julissa-print-wrap-dress-222205000.html#navAjax=true&imageType=model&is=true&sz=60&start=60&cgid=petite&isSecondPage=false&pid=222205000&pos=114,"https://media.phase-eight.com/image/upload/f_auto,q_auto,dpr_auto/w_600/p8-catalog/images/222205000/222205000-01-petite-julissa-print-wrap-dress?_i=AG",£69,£139,
116,Dresses,Phase Eight,Blue,Petite Lara Midaxi Dress,https://www.phase-eight.com/product/petite-lara-midaxi-dress-222207284.html#navAjax=true&imageType=model&is=true&sz=60&start=60&cgid=petite&isSecondPage=false&pid=222207284&pos=115,"https://media.phase-eight.com/image/upload/f_auto,q_auto,dpr_auto/w_600/p8-catalog/images/222207284/222207284-01-petite-lara-midaxi-dress?_i=AG",£65,£99,
117,Dresses,Phase Eight,Pink,Petite Piper Ombre Maxi Dress,https://www.phase-eight.com/product/petite-piper-ombre-maxi--dress-221564794.html#navAjax=true&imageType=model&is=true&sz=60&start=60&cgid=petite&isSecondPage=false&pid=221564794&pos=116,"https://media.phase-eight.com/image/upload/f_auto,q_auto,dpr_auto/w_600/p8-catalog/images/221564794/221564794-01-petite-piper-ombre-maxi--dress?_i=AG",£119,£149,
118,Dresses,Phase Eight,Multi-Coloured,Petite Lucinda Floral Dress,https://www.phase-eight.com/product/petite-lucinda-floral-dress-222227000.html#navAjax=true&imageType=model&is=true&sz=60&start=60&cgid=petite&isSecondPage=false&pid=222227000&pos=117,"https://media.phase-eight.com/image/upload/f_auto,q_auto,dpr_auto/w_600/p8-catalog/images/222227000/222227000-01-petite-lucinda-floral-dress?_i=AG",£119,£159,
119,Jumpsuits & Playsuits,Phase Eight,Blue,Petite Elaina Blue Wide Leg Jumpsuit,https://www.phase-eight.com/product/petite-elaina-blue-wide-leg-jumpsuit-221594418.html#navAjax=true&imageType=model&is=true&sz=60&start=60&cgid=petite&isSecondPage=false&pid=221594418&pos=118,"https://media.phase-eight.com/image/upload/f_auto,q_auto,dpr_auto/w_600/p8-catalog/images/221594418/221594418-01-petite-elaina-blue-wide-leg-jumpsuit?_i=AG",£109,£139,
120,Dresses,Phase Eight,Multi-Coloured,Petite Lucinda Chiffon Print Maxi Dress,https://www.phase-eight.com/product/petite-lucinda-chiffon-print-maxi-dress-222388000.html#navAjax=true&imageType=model&is=true&sz=60&start=60&cgid=petite&isSecondPage=false&pid=222388000&pos=119,"https://media.phase-eight.com/image/upload/f_auto,q_auto,dpr_auto/w_600/p8-catalog/images/222388000/222388000-01-petite-lucinda-chiffon-print-maxi-dress?_i=AG",£129,£179,
121,Dresses,Phase Eight,Cream,Petite Everleigh Chiffon Floral Mini Dress,https://www.phase-eight.com/product/petite-everleigh-chiffon-floral-mini-dress-221698931.html#navAjax=true&imageType=model&is=true&sz=60&start=120&cgid=petite&isSecondPage=false&pid=221698931&pos=120,"https://media.phase-eight.com/image/upload/f_auto,q_auto,dpr_auto/w_600/p8-catalog/images/221698931/221698931-01-petite-everleigh-chiffon-floral-mini-dress?_i=AG",£99,£139,
122,Dresses,Phase Eight,Multi-Coloured,Petite Lucinda Chiffon Print Maxi Dress,https://www.phase-eight.com/product/petite-lucinda-chiffon-print-maxi-dress-222388000.html#navAjax=true&imageType=model&is=true&sz=60&start=120&cgid=petite&isSecondPage=false&pid=222388000&pos=121,"https://media.phase-eight.com/image/upload/f_auto,q_auto,dpr_auto/w_600/p8-catalog/images/222388000/222388000-01-petite-lucinda-chiffon-print-maxi-dress?_i=AG",£129,£179,
123,Jumpsuits & Playsuits,Phase Eight,Red,Petite Nicky Ruffle Jumpsuit,https://www.phase-eight.com/product/petite-nicky-ruffle-jumpsuit-221603240.html#navAjax=true&imageType=model&is=true&sz=60&start=120&cgid=petite&isSecondPage=false&pid=221603240&pos=122,"https://media.phase-eight.com/image/upload/f_auto,q_auto,dpr_auto/w_600/p8-catalog/images/221603240/221603240-01-petite-nicky-ruffle-jumpsuit?_i=AG",£83.40,£139,
124,Jumpsuits & Playsuits,Phase Eight,Green,Petite Lissia Green Wide Leg Jumpsuit,https://www.phase-eight.com/product/petite-lissia-green-wide-leg-jumpsuit-221590099.html#navAjax=true&imageType=model&is=true&sz=60&start=120&cgid=petite&isSecondPage=false&pid=221590099&pos=123,"https://media.phase-eight.com/image/upload/f_auto,q_auto,dpr_auto/w_600/p8-catalog/images/221590099/221590099-01-petite-lissia-green-wide-leg-jumpsuit?_i=AG",£99,£139,
125,Dresses,Phase Eight,Pink,Petite Amily Sequin Maxi Dress,https://www.phase-eight.com/product/petite-amily-sequin-maxi-dress-221830413.html#navAjax=true&imageType=model&is=true&sz=60&start=120&cgid=petite&isSecondPage=false&pid=221830413&pos=124,"https://media.phase-eight.com/image/upload/f_auto,q_auto,dpr_auto/w_600/p8-catalog/images/221830413/221830413-01-petite-amily-sequin-maxi-dress?_i=AG",£139,£219,
126,Dresses,Phase Eight,Multi-Coloured,Petite Kara Print Maxi Dress,https://www.phase-eight.com/product/petite-kara-print-maxi-dress-222219000.html#navAjax=true&imageType=model&is=true&sz=60&start=120&cgid=petite&isSecondPage=false&pid=222219000&pos=125,"https://media.phase-eight.com/image/upload/f_auto,q_auto,dpr_auto/w_600/p8-catalog/images/222219000/222219000-01-petite-kara-print-maxi-dress?_i=AG",£99,£139,
127,Dresses,Phase Eight,Purple,Petite Emmie Asymmetric Hem Dress,https://www.phase-eight.com/product/petite-emmie-asymmetric-hem-dress-221382724.html#navAjax=true&imageType=model&is=true&sz=60&start=120&cgid=petite&isSecondPage=false&pid=221382724&pos=126,"https://media.phase-eight.com/image/upload/f_auto,q_auto,dpr_auto/w_600/p8-catalog/images/221382724/221382724-01-petite-emmie-asymmetric-hem-dress?_i=AG",£70,£139,
128,Trousers,Phase Eight,White,Petite Tyla White Wide Leg Trousers,https://www.phase-eight.com/product/petite-tyla-white-wide-leg-trousers-101639055.html#navAjax=true&imageType=model&is=true&sz=60&start=120&cgid=petite&isSecondPage=false&pid=101639055&pos=127,"https://media.phase-eight.com/image/upload/f_auto,q_auto,dpr_auto/w_600/p8-catalog/images/101639055/101639055-01-petite-tyla-white-wide-leg-trousers?_i=AG",£59,£89,
129,Dresses,Phase Eight,Red,Petite Lulu Lace Midi Dress,https://www.phase-eight.com/product/petite-lulu-lace-midi-dress-221512240.html#navAjax=true&imageType=model&is=true&sz=60&start=120&cgid=petite&isSecondPage=false&pid=221512240&pos=128,"https://media.phase-eight.com/image/upload/f_auto,q_auto,dpr_auto/w_600/p8-catalog/images/221512240/221512240-01-petite-lulu-lace-midi-dress?_i=AG",£109,£159,
130,Dresses,Phase Eight,Multi-Coloured,Petite Giovanna Floral Belted Dress,https://www.phase-eight.com/product/petite-giovanna-floral-belted-dress-222036000.html#navAjax=true&imageType=model&is=true&sz=60&start=120&cgid=petite&isSecondPage=false&pid=222036000&pos=129,"https://media.phase-eight.com/image/upload/f_auto,q_auto,dpr_auto/w_600/p8-catalog/images/222036000/222036000-01-petite-giovanna-floral-belted-dress?_i=AG",£95,£159,
131,Dresses,Phase Eight,Multi-Coloured,Petite Lina Printed Midi Dress,https://www.phase-eight.com/product/petite-lina-printed-midi-dress-222032000.html#navAjax=true&imageType=model&is=true&sz=60&start=120&cgid=petite&isSecondPage=false&pid=222032000&pos=130,"https://media.phase-eight.com/image/upload/f_auto,q_auto,dpr_auto/w_600/p8-catalog/images/222032000/222032000-01-petite-lina-printed-midi-dress?_i=AG",£119,£169,
132,Dresses,Phase Eight,Purple,Petite Carina Sequin Maxi Dress,https://www.phase-eight.com/product/petite-carina-sequin-maxi-dress-222182600.html#navAjax=true&imageType=model&is=true&sz=60&start=120&cgid=petite&isSecondPage=false&pid=222182600&pos=131,"https://media.phase-eight.com/image/upload/f_auto,q_auto,dpr_auto/w_600/p8-catalog/images/222182600/222182600-01-petite-carina-sequin-maxi-dress?_i=AG",£149,£199,
133,Dresses,Phase Eight,Black,Petite Laura Midaxi Dress,https://www.phase-eight.com/product/petite-laura-midaxi-dress-222209492.html#navAjax=true&imageType=model&is=true&sz=60&start=120&cgid=petite&isSecondPage=false&pid=222209492&pos=132,"https://media.phase-eight.com/image/upload/f_auto,q_auto,dpr_auto/w_600/p8-catalog/images/222209492/222209492-01-petite-laura-midaxi-dress?_i=AG",£69,£110,
134,Jumpsuits & Playsuits,Phase Eight,Black,Petite Constance Geo Jumpsuit,https://www.phase-eight.com/product/petite-constance-geo-jumpsuit-222178050.html#navAjax=true&imageType=model&is=true&sz=60&start=120&cgid=petite&isSecondPage=false&pid=222178050&pos=133,"https://media.phase-eight.com/image/upload/f_auto,q_auto,dpr_auto/w_600/p8-catalog/images/222178050/222178050-01-petite-constance-geo-jumpsuit?_i=AG",£69,£119,
135,Dresses,Phase Eight,Blue,Petite Elsie Spot Dress,https://www.phase-eight.com/product/petite-elsie-spot-dress-221343287.html#navAjax=true&imageType=model&is=true&sz=60&start=120&cgid=petite&isSecondPage=false&pid=221343287&pos=134,"https://media.phase-eight.com/image/upload/f_auto,q_auto,dpr_auto/w_600/p8-catalog/images/221343287/221343287-01-petite-elsie-spot-dress?_i=AG",£109,£145,
136,Jumpsuits & Playsuits,Phase Eight,Green,Petite Aubrey Geo Jumpsuit,https://www.phase-eight.com/product/petite-aubrey-geo-jumpsuit-222285693.html#navAjax=true&imageType=model&is=true&sz=60&start=120&cgid=petite&isSecondPage=false&pid=222285693&pos=135,"https://media.phase-eight.com/image/upload/f_auto,q_auto,dpr_auto/w_600/p8-catalog/images/222285693/222285693-01-petite-aubrey-geo-jumpsuit?_i=AG",£79,£99,
137,Dresses,Phase Eight,Multi-Coloured,Petite Rosa Floral Pleat Maxi Dress,https://www.phase-eight.com/product/petite-rosa-floral-pleat-maxi-dress-222096000.html#navAjax=true&imageType=model&is=true&sz=60&start=120&cgid=petite&isSecondPage=false&pid=222096000&pos=136,"https://media.phase-eight.com/image/upload/f_auto,q_auto,dpr_auto/w_600/p8-catalog/images/222096000/222096000-01-petite-rosa-floral-pleat-maxi-dress?_i=AG",£129,£169,
138,Dresses,Phase Eight,Blue,Petite Aileena Embroidered Dress,https://www.phase-eight.com/product/petite-aileena-embroidered-dress-221526493.html#navAjax=true&imageType=model&is=true&sz=60&start=120&cgid=petite&isSecondPage=false&pid=221526493&pos=137,"https://media.phase-eight.com/image/upload/f_auto,q_auto,dpr_auto/w_600/p8-catalog/images/221526493/221526493-01-petite-aileena-embroidered-dress?_i=AG",£129,£169,
139,Dresses,Phase Eight,Green,Petite Ella Ditsy Pleated Mini Dress,https://www.phase-eight.com/product/petite-ella-ditsy-pleated-mini-dress-221894693.html#navAjax=true&imageType=model&is=true&sz=60&start=120&cgid=petite&isSecondPage=false&pid=221894693&pos=138,"https://media.phase-eight.com/image/upload/f_auto,q_auto,dpr_auto/w_600/p8-catalog/images/221894693/221894693-01-petite-ella-ditsy-pleated-mini-dress?_i=AG",£49.50,£99,
140,Dresses,Phase Eight,Blue,Petite Shakira Teal Floral Midaxi Dress,https://www.phase-eight.com/product/petite-shakira-teal-floral-midaxi-dress-222393402.html#navAjax=true&imageType=model&is=true&sz=60&start=120&cgid=petite&isSecondPage=false&pid=222393402&pos=139,"https://media.phase-eight.com/image/upload/f_auto,q_auto,dpr_auto/w_600/p8-catalog/images/222393402/222393402-01-petite-shakira-teal-floral-midaxi-dress?_i=AG",£89,£139,
141,Jumpsuits & Playsuits,Phase Eight,Red,Petite Marta Red Culotte Jumpsuit,https://www.phase-eight.com/product/petite-marta-red-culotte-jumpsuit-222323250.html#navAjax=true&imageType=model&is=true&sz=60&start=120&cgid=petite&isSecondPage=false&pid=222323250&pos=140,"https://media.phase-eight.com/image/upload/f_auto,q_auto,dpr_auto/w_600/p8-catalog/images/222323250/222323250-01-petite-marta-red-culotte-jumpsuit?_i=AG",£85,£110,
142,Jumpsuits & Playsuits,Phase Eight,Blue,Petite Constance Floral Jumpsuit,https://www.phase-eight.com/product/petite-constance-floral-jumpsuit-222144287.html#navAjax=true&imageType=model&is=true&sz=60&start=120&cgid=petite&isSecondPage=false&pid=222144287&pos=141,"https://media.phase-eight.com/image/upload/f_auto,q_auto,dpr_auto/w_600/p8-catalog/images/222144287/222144287-01-petite-constance-floral-jumpsuit?_i=AG",£79,£119,
143,Dresses,Phase Eight,Pink,Petite Tallula Lace Bardot Maxi Dress,https://www.phase-eight.com/product/petite-tallula-lace-bardot-maxi-dress-221369529.html#navAjax=true&imageType=model&is=true&sz=60&start=120&cgid=petite&isSecondPage=false&pid=221369529&pos=142,"https://media.phase-eight.com/image/upload/f_auto,q_auto,dpr_auto/w_600/p8-catalog/images/221369529/221369529-01-petite-tallula-lace-bardot-maxi-dress?_i=AG",£129,£259,
144,Dresses,Phase Eight,Multi-Coloured,Petite Lucinda Floral Dress,https://www.phase-eight.com/product/petite-lucinda-floral-dress-222033000.html#navAjax=true&imageType=model&is=true&sz=60&start=120&cgid=petite&isSecondPage=false&pid=222033000&pos=143,"https://media.phase-eight.com/image/upload/f_auto,q_auto,dpr_auto/w_600/p8-catalog/images/222033000/222033000-01-petite-lucinda-floral-dress?_i=AG",£119,£159,
145,Dresses,Phase Eight,Green,Petite Penele Swing Dress,https://www.phase-eight.com/product/petite-penele-swing-dress-222278693.html#navAjax=true&imageType=model&is=true&sz=60&start=120&cgid=petite&isSecondPage=false&pid=222278693&pos=144,"https://media.phase-eight.com/image/upload/f_auto,q_auto,dpr_auto/w_600/p8-catalog/images/222278693/222278693-01-petite-penele-swing-dress?_i=AG",£59,£89,
146,Jumpsuits & Playsuits,Phase Eight,Brown,Petite Snake Constance Jumpsuit,https://www.phase-eight.com/product/petite-snake-constance-jumpsuit-222050200.html#navAjax=true&imageType=model&is=true&sz=60&start=120&cgid=petite&isSecondPage=false&pid=222050200&pos=145,"https://media.phase-eight.com/image/upload/f_auto,q_auto,dpr_auto/w_600/p8-catalog/images/222050200/222050200-01-petite-snake-constance-jumpsuit?_i=AG",£59,£119,
147,Dresses,Phase Eight,Cream,Petite Willow Utility Midi Dress,https://www.phase-eight.com/product/petite-willow-utility-midi-dress-222334244.html#navAjax=true&imageType=model&is=true&sz=60&start=120&cgid=petite&isSecondPage=false&pid=222334244&pos=146,"https://media.phase-eight.com/image/upload/f_auto,q_auto,dpr_auto/w_600/p8-catalog/images/222334244/222334244-01-petite-willow-utility-midi-dress?_i=AG",£95,£129,
148,Jumpsuits & Playsuits,Phase Eight,Blue,Petite Aubrey Blue Linen Frill Jumpsuit,https://www.phase-eight.com/product/petite-aubrey-blue-linen-frill-jumpsuit-222289408.html#navAjax=true&imageType=model&is=true&sz=60&start=120&cgid=petite&isSecondPage=false&pid=222289408&pos=147,"https://media.phase-eight.com/image/upload/f_auto,q_auto,dpr_auto/w_600/p8-catalog/images/222289408/222289408-01-petite-aubrey-blue-linen-frill-jumpsuit?_i=AG",£79,£99,
149,Jumpsuits & Playsuits,Phase Eight,Multi-Coloured,Petite Andra Geo Tie Waist Jumpsuit,https://www.phase-eight.com/product/petite-andra-geo-tie-waist-jumpsuit-222406000.html#navAjax=true&imageType=model&is=true&sz=60&start=120&cgid=petite&isSecondPage=false&pid=222406000&pos=148,"https://media.phase-eight.com/image/upload/f_auto,q_auto,dpr_auto/w_600/p8-catalog/images/222406000/222406000-01-petite-andra-geo-tie-waist-jumpsuit?_i=AG",£59,£99,
150,Dresses,Phase Eight,Blue,Petite Viola V-Neck Ditsy Frill Dress,https://www.phase-eight.com/product/petite-viola-v-neck-ditsy-frill-dress-221561493.html#navAjax=true&imageType=model&is=true&sz=60&start=120&cgid=petite&isSecondPage=false&pid=221561493&pos=149,"https://media.phase-eight.com/image/upload/f_auto,q_auto,dpr_auto/w_600/p8-catalog/images/221561493/221561493-01-petite-viola-v-neck-ditsy-frill-dress?_i=AG",£89,£129,
151,Jumpsuits & Playsuits,Phase Eight,Multi-Coloured,Petite Helene Floral Print Jumpsuit,https://www.phase-eight.com/product/petite-helene-floral-print-jumpsuit-222315000.html#navAjax=true&imageType=model&is=true&sz=60&start=120&cgid=petite&isSecondPage=false&pid=222315000&pos=150,"https://media.phase-eight.com/image/upload/f_auto,q_auto,dpr_auto/w_600/p8-catalog/images/222315000/222315000-01-petite-helene-floral-print-jumpsuit?_i=AG",£69,£139,
152,Dresses,Phase Eight,Multi-Coloured,Petite Nadine Ruffle Print Dress,https://www.phase-eight.com/product/petite-nadine-ruffle-print-dress-222133000.html#navAjax=true&imageType=model&is=true&sz=60&start=120&cgid=petite&isSecondPage=false&pid=222133000&pos=151,"https://media.phase-eight.com/image/upload/f_auto,q_auto,dpr_auto/w_600/p8-catalog/images/222133000/222133000-01-petite-nadine-ruffle-print-dress?_i=AG",£119,£149,
153,Dresses,Phase Eight,Blue,Petite Morven Maxi Dress,https://www.phase-eight.com/product/petite-morven-maxi-dress-221530493.html#navAjax=true&imageType=model&is=true&sz=60&start=120&cgid=petite&isSecondPage=false&pid=221530493&pos=152,"https://media.phase-eight.com/image/upload/f_auto,q_auto,dpr_auto/w_600/p8-catalog/images/221530493/221530493-01-petite-morven-maxi-dress?_i=AG",£55.50,£149,
154,Dresses,Phase Eight,Multi-Coloured,Petite Penny Floral Midi Dress,https://www.phase-eight.com/product/petite-penny-floral-midi-dress-222082000.html#navAjax=true&imageType=model&is=true&sz=60&start=120&cgid=petite&isSecondPage=false&pid=222082000&pos=153,"https://media.phase-eight.com/image/upload/f_auto,q_auto,dpr_auto/w_600/p8-catalog/images/222082000/222082000-01-petite-penny-floral-midi-dress?_i=AG",£119,£179,
155,Dresses,Phase Eight,Blue,Karmie Ponte Fitted Pencil Dress Petite,https://www.phase-eight.com/product/karmie-ponte-fitted-pencil-dress-petite-222054408.html#navAjax=true&imageType=model&is=true&sz=60&start=120&cgid=petite&isSecondPage=false&pid=222054408&pos=154,"https://media.phase-eight.com/image/upload/f_auto,q_auto,dpr_auto/w_600/p8-catalog/images/222054408/222054408-01-karmie-ponte-fitted-pencil-dress-petite?_i=AG",£69,£110,
156,Jumpsuits & Playsuits,Phase Eight,Orange,Petite Kendall Pleat Jumpsuit,https://www.phase-eight.com/product/petite-kendall-pleat-jumpsuit-222199650.html#navAjax=true&imageType=model&is=true&sz=60&start=120&cgid=petite&isSecondPage=false&pid=222199650&pos=155,"https://media.phase-eight.com/image/upload/f_auto,q_auto,dpr_auto/w_600/p8-catalog/images/222199650/222199650-01-petite-kendall-pleat-jumpsuit?_i=AG",£99,£149,
157,Jumpsuits & Playsuits,Phase Eight,Green,Petite Julissa Green Wide Leg Jumpsuit,https://www.phase-eight.com/product/petite-julissa-green-wide-leg-jumpsuit-222222693.html#navAjax=true&imageType=model&is=true&sz=60&start=120&cgid=petite&isSecondPage=false&pid=222222693&pos=156,"https://media.phase-eight.com/image/upload/f_auto,q_auto,dpr_auto/w_600/p8-catalog/images/222222693/222222693-01-petite-julissa-green-wide-leg-jumpsuit?_i=AG",£109,£139,
158,Dresses,Phase Eight,Purple,Petite Julissa Frill Wrap Dress,https://www.phase-eight.com/product/petite-julissa-frill-wrap-dress-222224600.html#navAjax=true&imageType=model&is=true&sz=60&start=120&cgid=petite&isSecondPage=false&pid=222224600&pos=157,"https://media.phase-eight.com/image/upload/f_auto,q_auto,dpr_auto/w_600/p8-catalog/images/222224600/222224600-01-petite-julissa-frill-wrap-dress?_i=AG",£99,£129,
159,Dresses,Phase Eight,Multi-Coloured,Petite Sophia Colour Block Belted Dress,https://www.phase-eight.com/product/petite-sophia-colour-block-belted-dress-222194000.html#navAjax=true&imageType=model&is=true&sz=60&start=120&cgid=petite&isSecondPage=false&pid=222194000&pos=158,"https://media.phase-eight.com/image/upload/f_auto,q_auto,dpr_auto/w_600/p8-catalog/images/222194000/222194000-01-petite-sophia-colour-block-belted-dress?_i=AG",£99,£149,
160,Trousers,Phase Eight,Pink,Petite Eira Cigarette Trousers,https://www.phase-eight.com/product/petite-eira-cigarette-trousers-101569310.html#navAjax=true&imageType=model&is=true&sz=60&start=120&cgid=petite&isSecondPage=false&pid=101569310&pos=159,"https://media.phase-eight.com/image/upload/f_auto,q_auto,dpr_auto/w_600/p8-catalog/images/101569310/101569310-01-petite-eira-cigarette-trousers?_i=AG",£56,£110,
161,Coats & Jackets,Phase Eight,Cream,Petite Isabella Bow Jacket,https://www.phase-eight.com/product/petite-isabella-bow-jacket-901116106.html#navAjax=true&imageType=model&is=true&sz=60&start=120&cgid=petite&isSecondPage=false&pid=901116106&pos=160,"https://media.phase-eight.com/image/upload/f_auto,q_auto,dpr_auto/w_600/p8-catalog/images/901116106/901116106-01-petite-isabella-bow-jacket?_i=AG",£99,£129,
162,Dresses,Phase Eight,Multi-Coloured,Petite Kindra Floral Pleated Midi Dress,https://www.phase-eight.com/product/petite-kindra-floral-pleated-midi-dress-221816000.html#navAjax=true&imageType=model&is=true&sz=60&start=120&cgid=petite&isSecondPage=false&pid=221816000&pos=161,"https://media.phase-eight.com/image/upload/f_auto,q_auto,dpr_auto/w_600/p8-catalog/images/221816000/221816000-01-petite-kindra-floral-pleated-midi-dress?_i=AG",£89,£139,
163,Dresses,Phase Eight,Cream,Petite Mandi Abstract Shirt Dress,https://www.phase-eight.com/product/petite-mandi-abstract-shirt-dress-222342100.html#navAjax=true&imageType=model&is=true&sz=60&start=120&cgid=petite&isSecondPage=false&pid=222342100&pos=162,"https://media.phase-eight.com/image/upload/f_auto,q_auto,dpr_auto/w_600/p8-catalog/images/222342100/222342100-01-petite-mandi-abstract-shirt-dress?_i=AG",£99,£139,
164,Dresses,Phase Eight,Pink,Petite Julissa Sleeveless Ruffle Wrap Midi Dress,https://www.phase-eight.com/product/petite-julissa-sleeveless-ruffle-wrap-midi-dress-221747310.html#navAjax=true&imageType=model&is=true&sz=60&start=120&cgid=petite&isSecondPage=false&pid=221747310&pos=163,"https://media.phase-eight.com/image/upload/f_auto,q_auto,dpr_auto/w_600/p8-catalog/images/221747310/221747310-01-petite-julissa-sleeveless-ruffle-wrap-midi-dress?_i=AG",£99,£125,
165,Dresses,Phase Eight,Pink,Petite Amily Pink Sequin Maxi Dress,https://www.phase-eight.com/product/petite-amily-pink-sequin-maxi-dress-221938300.html#navAjax=true&imageType=model&is=true&sz=60&start=120&cgid=petite&isSecondPage=false&pid=221938300&pos=164,"https://media.phase-eight.com/image/upload/f_auto,q_auto,dpr_auto/w_600/p8-catalog/images/221938300/221938300-01-petite-amily-pink-sequin-maxi-dress?_i=AG",£129,£219,
166,Dresses,Phase Eight,Pink,Petite Avah Embellished Bodycon Dress,https://www.phase-eight.com/product/petite-avah-embellished-bodycon-dress-221380840.html#navAjax=true&imageType=model&is=true&sz=60&start=120&cgid=petite&isSecondPage=false&pid=221380840&pos=165,"https://media.phase-eight.com/image/upload/f_auto,q_auto,dpr_auto/w_600/p8-catalog/images/221380840/221380840-01-petite-avah-embellished-bodycon-dress?_i=AG",£119,£160,
167,Dresses,Phase Eight,Blue,Petite Amora Lace Bodice Dress,https://www.phase-eight.com/product/petite-amora-lace-bodice-dress-221342985.html#navAjax=true&imageType=model&is=true&sz=60&start=120&cgid=petite&isSecondPage=false&pid=221342985&pos=166,"https://media.phase-eight.com/image/upload/f_auto,q_auto,dpr_auto/w_600/p8-catalog/images/221342985/221342985-01-petite-amora-lace-bodice-dress?_i=AG",£109,£149,
168,Dresses,Phase Eight,Blue,Petite Cassy Jaquard Floral Midi Dress,https://www.phase-eight.com/product/petite-cassy-jaquard-floral-midi-dress-221366493.html#navAjax=true&imageType=model&is=true&sz=60&start=120&cgid=petite&isSecondPage=false&pid=221366493&pos=167,"https://media.phase-eight.com/image/upload/f_auto,q_auto,dpr_auto/w_600/p8-catalog/images/221366493/221366493-01-petite-cassy-jaquard-floral-midi-dress?_i=AG",£119,£149,
169,Dresses,Phase Eight,Blue,Petite Alecia Pleated Maxi Dress,https://www.phase-eight.com/product/petite-alecia-pleated-maxi-dress-221371985.html#navAjax=true&imageType=model&is=true&sz=60&start=120&cgid=petite&isSecondPage=false&pid=221371985&pos=168,"https://media.phase-eight.com/image/upload/f_auto,q_auto,dpr_auto/w_600/p8-catalog/images/221371985/221371985-01-petite-alecia-pleated-maxi-dress?_i=AG",£129,£189,
170,Jumpsuits & Playsuits,Phase Eight,Pink,Petite Mariposa Pale Pink Lace Jumpsuit,https://www.phase-eight.com/product/petite-mariposa-pale-pink-lace-jumpsuit-222103785.html#navAjax=true&imageType=model&is=true&sz=60&start=120&cgid=petite&isSecondPage=false&pid=222103785&pos=169,"https://media.phase-eight.com/image/upload/f_auto,q_auto,dpr_auto/w_600/p8-catalog/images/222103785/222103785-01-petite-mariposa-pale-pink-lace-jumpsuit?_i=AG",£139,£199,
171,Blazer,Phase Eight,Pink,Petite Eira Fitted Blazer,https://www.phase-eight.com/product/petite-eira-fitted-blazer-901110310.html#navAjax=true&imageType=model&is=true&sz=60&start=120&cgid=petite&isSecondPage=false&pid=901110310&pos=170,"https://media.phase-eight.com/image/upload/f_auto,q_auto,dpr_auto/w_600/p8-catalog/images/901110310/901110310-01-petite-eira-fitted-blazer?_i=AG",£101.50,£169,
172,Dresses,Phase Eight,Blue,Petite Isabella Lace Midi Dress,https://www.phase-eight.com/product/petite-isabella-lace-midi-dress-221444396.html#navAjax=true&imageType=model&is=true&sz=60&start=120&cgid=petite&isSecondPage=false&pid=221444396&pos=171,"https://media.phase-eight.com/image/upload/f_auto,q_auto,dpr_auto/w_600/p8-catalog/images/221444396/221444396-01-petite-isabella-lace-midi-dress?_i=AG",£129,£169,
173,Dresses,Phase Eight,Multi-Coloured,Petite Tillie Dress,https://www.phase-eight.com/product/petite-tillie-dress-222134000.html#navAjax=true&imageType=model&is=true&sz=60&start=120&cgid=petite&isSecondPage=false&pid=222134000&pos=172,"https://media.phase-eight.com/image/upload/f_auto,q_auto,dpr_auto/w_600/p8-catalog/images/222134000/222134000-01-petite-tillie-dress?_i=AG",£99,£149,
174,Dresses,Phase Eight,Pink,Petite Petra Wrap Pleated Midi Dress,https://www.phase-eight.com/product/petite-petra-wrap-pleated-midi-dress-221525463.html#navAjax=true&imageType=model&is=true&sz=60&start=120&cgid=petite&isSecondPage=false&pid=221525463&pos=173,"https://media.phase-eight.com/image/upload/f_auto,q_auto,dpr_auto/w_600/p8-catalog/images/221525463/221525463-01-petite-petra-wrap-pleated-midi-dress?_i=AG",£99,£135,
175,Dresses,Phase Eight,Multi-Coloured,Petite Dani Floral Dress,https://www.phase-eight.com/product/petite-dani-floral-dress-221376000.html#navAjax=true&imageType=model&is=true&sz=60&start=120&cgid=petite&isSecondPage=false&pid=221376000&pos=174,"https://media.phase-eight.com/image/upload/f_auto,q_auto,dpr_auto/w_600/p8-catalog/images/221376000/221376000-01-petite-dani-floral-dress?_i=AG",£99,£139,
176,Dresses,Phase Eight,Blue,Petite Morven Blue Wrap Midi Dress,https://www.phase-eight.com/product/petite-morven-blue-wrap-midi-dress-221529751.html#navAjax=true&imageType=model&is=true&sz=60&start=120&cgid=petite&isSecondPage=false&pid=221529751&pos=175,"https://media.phase-eight.com/image/upload/f_auto,q_auto,dpr_auto/w_600/p8-catalog/images/221529751/221529751-01-petite-morven-blue-wrap-midi-dress?_i=AG",£89,£129,
177,Dresses,Phase Eight,Blue,Petite Loretta Printed Scuba Dress,https://www.phase-eight.com/product/petite-loretta-printed-scuba-dress-221483713.html#navAjax=true&imageType=model&is=true&sz=60&start=120&cgid=petite&isSecondPage=false&pid=221483713&pos=176,"https://media.phase-eight.com/image/upload/f_auto,q_auto,dpr_auto/w_600/p8-catalog/images/221483713/221483713-01-petite-loretta-printed-scuba-dress?_i=AG",£79,£110,
178,Coats & Jackets,Phase Eight,Pink,Petite Isabella Bow Jacket,https://www.phase-eight.com/product/petite-isabella-bow-jacket-901115840.html#navAjax=true&imageType=model&is=true&sz=60&start=120&cgid=petite&isSecondPage=false&pid=901115840&pos=177,"https://media.phase-eight.com/image/upload/f_auto,q_auto,dpr_auto/w_600/p8-catalog/images/901115840/901115840-01-petite-isabella-bow-jacket?_i=AG",£99,£129,
179,Dresses,Phase Eight,Pink,Petite Adeline Double Layer Dress,https://www.phase-eight.com/product/petite-adeline-double-layer-dress-221393840.html#navAjax=true&imageType=model&is=true&sz=60&start=120&cgid=petite&isSecondPage=false&pid=221393840&pos=178,"https://media.phase-eight.com/image/upload/f_auto,q_auto,dpr_auto/w_600/p8-catalog/images/221393840/221393840-01-petite-adeline-double-layer-dress?_i=AG",£139,£189,
180,Dresses,Phase Eight,Multi-Coloured,Petite Kendall Floral Midi Dress,https://www.phase-eight.com/product/petite-kendall-floral-midi-dress-221714000.html#navAjax=true&imageType=model&is=true&sz=60&start=120&cgid=petite&isSecondPage=false&pid=221714000&pos=179,"https://media.phase-eight.com/image/upload/f_auto,q_auto,dpr_auto/w_600/p8-catalog/images/221714000/221714000-01-petite-kendall-floral-midi-dress?_i=AG",£109,£149,
181,Jumpsuits & Playsuits,Phase Eight,Multi-Coloured,Petite Janine Print Jumpsuit,https://www.phase-eight.com/product/petite-janine-print-jumpsuit-222175000.html#navAjax=true&imageType=model&is=true&sz=60&start=180&cgid=petite&isSecondPage=false&pid=222175000&pos=180,"https://media.phase-eight.com/image/upload/f_auto,q_auto,dpr_auto/w_600/p8-catalog/images/222175000/222175000-01-petite-janine-print-jumpsuit?_i=AG",£109,£139,
182,Dresses,Phase Eight,Multi-Coloured,Petite Averie Floral Maxi Dress,https://www.phase-eight.com/product/petite-averie-floral-maxi-dress-221346000.html#navAjax=true&imageType=model&is=true&sz=60&start=180&cgid=petite&isSecondPage=false&pid=221346000&pos=181,"https://media.phase-eight.com/image/upload/f_auto,q_auto,dpr_auto/w_600/p8-catalog/images/221346000/221346000-01-petite-averie-floral-maxi-dress?_i=AG",£129,£169,
183,Dresses,Phase Eight,Blue,Petite Simara Pleated Midi Dress,https://www.phase-eight.com/product/petite-simara-pleated-midi-dress-221360853.html#navAjax=true&imageType=model&is=true&sz=60&start=180&cgid=petite&isSecondPage=false&pid=221360853&pos=182,"https://media.phase-eight.com/image/upload/f_auto,q_auto,dpr_auto/w_600/p8-catalog/images/221360853/221360853-01-petite-simara-pleated-midi-dress?_i=AG",£129,£179,
184,Dresses,Phase Eight,Pink,Petite Carmen Fil Coupe Maxi Dress,https://www.phase-eight.com/product/petite-carmen-fil-coupe-maxi-dress-221389840.html#navAjax=true&imageType=model&is=true&sz=60&start=180&cgid=petite&isSecondPage=false&pid=221389840&pos=183,"https://media.phase-eight.com/image/upload/f_auto,q_auto,dpr_auto/w_600/p8-catalog/images/221389840/221389840-01-petite-carmen-fil-coupe-maxi-dress?_i=AG",£129,£189,
185,Dresses,Phase Eight,Multi-Coloured,Petite Azalea Print Fil Coupe Dress,https://www.phase-eight.com/product/petite-azalea-print-fil-coupe-dress-222307000.html#navAjax=true&imageType=model&is=true&sz=60&start=180&cgid=petite&isSecondPage=false&pid=222307000&pos=184,"https://media.phase-eight.com/image/upload/f_auto,q_auto,dpr_auto/w_600/p8-catalog/images/222307000/222307000-01-petite-azalea-print-fil-coupe-dress?_i=AG",£119,£159,
186,Jumpsuits & Playsuits,Phase Eight,Pink,Petite Ayla Ruffle Jumpsuit,https://www.phase-eight.com/product/petite-ayla-ruffle-jumpsuit-222148463.html#navAjax=true&imageType=model&is=true&sz=60&start=180&cgid=petite&isSecondPage=false&pid=222148463&pos=185,"https://media.phase-eight.com/image/upload/f_auto,q_auto,dpr_auto/w_600/p8-catalog/images/222148463/222148463-01-petite-ayla-ruffle-jumpsuit?_i=AG",£109,£139,
187,Dresses,Phase Eight,Multi-Coloured,Petite Maya Floral Midaxi Dress,https://www.phase-eight.com/product/petite-maya-floral-midaxi-dress-221678931.html#navAjax=true&imageType=model&is=true&sz=60&start=180&cgid=petite&isSecondPage=false&pid=221678931&pos=186,"https://media.phase-eight.com/image/upload/f_auto,q_auto,dpr_auto/w_600/p8-catalog/images/221678931/221678931-01-petite-maya-floral-midaxi-dress?_i=AG",£99,£139,
188,Dresses,Phase Eight,Blue,Petite Brianna Pleated Midaxi Dress,https://www.phase-eight.com/product/petite-brianna-pleated-midaxi-dress-221685853.html#navAjax=true&imageType=model&is=true&sz=60&start=180&cgid=petite&isSecondPage=false&pid=221685853&pos=187,"https://media.phase-eight.com/image/upload/f_auto,q_auto,dpr_auto/w_600/p8-catalog/images/221685853/221685853-01-petite-brianna-pleated-midaxi-dress?_i=AG",£99,£139,
189,Dresses,Phase Eight,Multi-Coloured,Petite Isadora Rose Printed Maxi Dress,https://www.phase-eight.com/product/petite-isadora-rose-printed-maxi-dress-222123000.html#navAjax=true&imageType=model&is=true&sz=60&start=180&cgid=petite&isSecondPage=false&pid=222123000&pos=188,"https://media.phase-eight.com/image/upload/f_auto,q_auto,dpr_auto/w_600/p8-catalog/images/222123000/222123000-01-petite-isadora-rose-printed-maxi-dress?_i=AG",£139,£189,
190,Dresses,Phase Eight,Blue,Petite Piper Ombre Maxi Dress,https://www.phase-eight.com/product/petite-piper-ombre-maxi-dress-221481715.html#navAjax=true&imageType=model&is=true&sz=60&start=180&cgid=petite&isSecondPage=false&pid=221481715&pos=189,"https://media.phase-eight.com/image/upload/f_auto,q_auto,dpr_auto/w_600/p8-catalog/images/221481715/221481715-01-petite-piper-ombre-maxi-dress?_i=AG",£99,£149,
191,Coats & Jackets,Phase Eight,Blue,Petite Juliette Crepe Coat,https://www.phase-eight.com/product/petite-juliette-crepe-coat-950816351.html#navAjax=true&imageType=model&is=true&sz=60&start=180&cgid=petite&isSecondPage=false&pid=950816351&pos=190,"https://media.phase-eight.com/image/upload/f_auto,q_auto,dpr_auto/w_600/p8-catalog/images/950816351/950816351-01-petite-juliette-crepe-coat?_i=AG",£159,£249,
192,Jumpsuits & Playsuits,Phase Eight,Blue,Petite Lissia Navy Wide Leg Jumpsuit,https://www.phase-eight.com/product/petite-lissia-navy-wide-leg-jumpsuit-221592351.html#navAjax=true&imageType=model&is=true&sz=60&start=180&cgid=petite&isSecondPage=false&pid=221592351&pos=191,"https://media.phase-eight.com/image/upload/f_auto,q_auto,dpr_auto/w_600/p8-catalog/images/221592351/221592351-01-petite-lissia-navy-wide-leg-jumpsuit?_i=AG",£109,£139,
193,Dresses,Phase Eight,Blue,Petite Simara Ombre Pleated Midi Dress,https://www.phase-eight.com/product/petite-simara-ombre-pleated-midi-dress-221361783.html#navAjax=true&imageType=model&is=true&sz=60&start=180&cgid=petite&isSecondPage=false&pid=221361783&pos=192,"https://media.phase-eight.com/image/upload/f_auto,q_auto,dpr_auto/w_600/p8-catalog/images/221361783/221361783-01-petite-simara-ombre-pleated-midi-dress?_i=AG",£109,£149,
194,Dresses,Phase Eight,Blue,Petite Clea Ditsy Midi Dress,https://www.phase-eight.com/product/petite-clea-ditsy-midi-dress-221527713.html#navAjax=true&imageType=model&is=true&sz=60&start=180&cgid=petite&isSecondPage=false&pid=221527713&pos=193,"https://media.phase-eight.com/image/upload/f_auto,q_auto,dpr_auto/w_600/p8-catalog/images/221527713/221527713-01-petite-clea-ditsy-midi-dress?_i=AG",£99,£139,
195,Jumpsuits & Playsuits,Phase Eight,Pink,Petite Kallie V Neck Frill Jumpsuit,https://www.phase-eight.com/product/petite-kallie-v-neck-frill-jumpsuit-221408896.html#navAjax=true&imageType=model&is=true&sz=60&start=180&cgid=petite&isSecondPage=false&pid=221408896&pos=194,"https://media.phase-eight.com/image/upload/f_auto,q_auto,dpr_auto/w_600/p8-catalog/images/221408896/221408896-01-petite-kallie-v-neck-frill-jumpsuit?_i=AG",£109,£139,
196,Dresses,Phase Eight,Multi-Coloured,Petite Franky Floral Lace Dress,https://www.phase-eight.com/product/petite-franky-floral-lace-dress-221352931.html#navAjax=true&imageType=model&is=true&sz=60&start=180&cgid=petite&isSecondPage=false&pid=221352931&pos=195,"https://media.phase-eight.com/image/upload/f_auto,q_auto,dpr_auto/w_600/p8-catalog/images/221352931/221352931-01-petite-franky-floral-lace-dress?_i=AG",£109,£139,
197,Dresses,Phase Eight,Pink,Petite Michelle Lace Pleated Maxi Dress,https://www.phase-eight.com/product/petite-michelle-lace-pleated-maxi-dress-221374840.html#navAjax=true&imageType=model&is=true&sz=60&start=180&cgid=petite&isSecondPage=false&pid=221374840&pos=196,"https://media.phase-eight.com/image/upload/f_auto,q_auto,dpr_auto/w_600/p8-catalog/images/221374840/221374840-01-petite-michelle-lace-pleated-maxi-dress?_i=AG",£149,£199,
198,Jumpsuits & Playsuits,Phase Eight,Blue,Petite Maggie Ruffle Printed Jumpsuit,https://www.phase-eight.com/product/petite-maggie-ruffle-printed-jumpsuit-221482466.html#navAjax=true&imageType=model&is=true&sz=60&start=180&cgid=petite&isSecondPage=false&pid=221482466&pos=197,"https://media.phase-eight.com/image/upload/f_auto,q_auto,dpr_auto/w_600/p8-catalog/images/221482466/221482466-01-petite-maggie-ruffle-printed-jumpsuit?_i=AG",£99,£149,
199,Jumpsuits & Playsuits,Phase Eight,Black,Petite Polly Black Zip Jumpsuit,https://www.phase-eight.com/product/petite-polly-black-zip-jumpsuit-221893050.html#navAjax=true&imageType=model&is=true&sz=60&start=180&cgid=petite&isSecondPage=false&pid=221893050&pos=198,"https://media.phase-eight.com/image/upload/f_auto,q_auto,dpr_auto/w_600/p8-catalog/images/221893050/221893050-01-petite-polly-black-zip-jumpsuit?_i=AG",£59,£110,
200,Dresses,Phase Eight,Black,Petite April Midi Dress,https://www.phase-eight.com/product/petite-april-midi-dress-222023492.html#navAjax=true&imageType=model&is=true&sz=60&start=180&cgid=petite&isSecondPage=false&pid=222023492&pos=199,"https://media.phase-eight.com/image/upload/f_auto,q_auto,dpr_auto/w_600/p8-catalog/images/222023492/222023492-01-petite-april-midi-dress?_i=AG",£69,£99,
201,Dresses,Phase Eight,Cream,Petite Shreya Leopard Swing Dress,https://www.phase-eight.com/product/petite-shreya-leopard-swing-dress-221973100.html#navAjax=true&imageType=model&is=true&sz=60&start=180&cgid=petite&isSecondPage=false&pid=221973100&pos=200,"https://media.phase-eight.com/image/upload/f_auto,q_auto,dpr_auto/w_600/p8-catalog/images/221973100/221973100-01-petite-shreya-leopard-swing-dress?_i=AG",£75,£99,
202,Jumpsuits & Playsuits,Phase Eight,Blue,Petite Eloise Wide Leg Jumpsuit,https://www.phase-eight.com/product/petite-eloise-wide-leg-jumpsuit-221399398.html#navAjax=true&imageType=model&is=true&sz=60&start=180&cgid=petite&isSecondPage=false&pid=221399398&pos=201,"https://media.phase-eight.com/image/upload/f_auto,q_auto,dpr_auto/w_600/p8-catalog/images/221399398/221399398-01-petite-eloise-wide-leg-jumpsuit?_i=AG",£109,£139,
203,Dresses,Phase Eight,Pink,Petite Franky Lace Bardot Dress,https://www.phase-eight.com/product/petite-franky-lace-bardot-dress-221378801.html#navAjax=true&imageType=model&is=true&sz=60&start=180&cgid=petite&isSecondPage=false&pid=221378801&pos=202,"https://media.phase-eight.com/image/upload/f_auto,q_auto,dpr_auto/w_600/p8-catalog/images/221378801/221378801-01-petite-franky-lace-bardot-dress?_i=AG",£109,£169,
204,Dresses,Phase Eight,Pink,Petite Annika Tapework Dress,https://www.phase-eight.com/product/petite-annika-tapework-dress-221353896.html#navAjax=true&imageType=model&is=true&sz=60&start=180&cgid=petite&isSecondPage=false&pid=221353896&pos=203,"https://media.phase-eight.com/image/upload/f_auto,q_auto,dpr_auto/w_600/p8-catalog/images/221353896/221353896-01-petite-annika-tapework-dress?_i=AG",£149,£199,
205,Skirts,Phase Eight,Multi-Coloured,Petite Isla Printed Skirt Maxi Dress,https://www.phase-eight.com/product/petite-isla-printed-skirt-maxi-dress-222196000.html#navAjax=true&imageType=model&is=true&sz=60&start=180&cgid=petite&isSecondPage=false&pid=222196000&pos=204,"https://media.phase-eight.com/image/upload/f_auto,q_auto,dpr_auto/w_600/p8-catalog/images/222196000/222196000-01-petite-isla-printed-skirt-maxi-dress?_i=AG",£129,£179,
206,Dresses,Phase Eight,Multi-Coloured,Petite Amy Floral Midi Dress,https://www.phase-eight.com/product/petite-amy-floral-midi-dress-222046000.html#navAjax=true&imageType=model&is=true&sz=60&start=180&cgid=petite&isSecondPage=false&pid=222046000&pos=205,"https://media.phase-eight.com/image/upload/f_auto,q_auto,dpr_auto/w_600/p8-catalog/images/222046000/222046000-01-petite-amy-floral-midi-dress?_i=AG",£119,£149,
