Position,Category,Brand,Colour,Product Name,Product Link,Main Image,Current Price,Original Price,Discount,Swatch Image 1,Swatch Image 2,Swatch Image 3
1,Skirts,,Black,PixieGirl Black Coated Split Midi Skirt,https://www.pixiegirl.com/pixiegirl-black-coated-split-midi-skirt-p,https://cdn.pixiegirl.com/Images/ProductImages/Big/8996f2d8-a746-4e_225297_A.jpg,£29.99,,,,,
2,Skirts,,Black,PixieGirl Black Sequin Embellished Maxi Skirt,https://www.pixiegirl.com/pixiegirl-black-sequin-embellished-maxi-skirt-p,https://cdn.pixiegirl.com/Images/ProductImages/Big/366f47b1-2d7f-41_225612_1.jpg,£35,,,https://cdn.pixiegirl.com/Images/ProductImages/Medium/df4c0e2d-4754-42_225611_X.jpg,https://cdn.pixiegirl.com/Images/ProductImages/Medium/154afdcd-f765-4c_225612_X.jpg,https://cdn.pixiegirl.com/Images/ProductImages/Medium/154afdcd-f765-4c_225612_X.jpg
3,Skirts,,Black,PixieGirl Black Denim Button Mini Skirt,https://www.pixiegirl.com/blk-button-front-mini-skirt-p,https://cdn.pixiegirl.com/Images/ProductImages/Big/a5817439-8857-46_225334_A.jpg,£26.99,,,,,
4,Skirts,,Black,PixieGirl Black Coated Mini Skirt,https://www.pixiegirl.com/pixiegirl-black-coated-mini-skirt-p,https://cdn.pixiegirl.com/Images/ProductImages/Big/7756e52a-08bd-49_225132_A.jpg,£22.99,,,,,
5,Skirts,,Black,PixieGirl Black Velvet Rose Detailed Skirt,https://www.pixiegirl.com/flock-skirt-black-225761-p,https://cdn.pixiegirl.com/Images/ProductImages/Big/035f6dec-3501-40_225761_A.jpg,£26.99,,,https://cdn.pixiegirl.com/Images/ProductImages/40291b5a-1700-4e_224492_A.jpg,https://cdn.pixiegirl.com/Images/ProductImages/6724af79-39df-48_224567_224054_L4.jpg,https://cdn.pixiegirl.com/Images/ProductImages/0306d29b-231e-41_224407_224573_L1.jpg
6,Skirts,,Red,PixieGirl Burgundy Red Sequin Embellished Maxi Skirt,https://www.pixiegirl.com/pixiegirl-burgundy-red-sequin-embellished-maxi-skirt-p,https://cdn.pixiegirl.com/Images/ProductImages/Big/11d8dcd5-a91a-45_BQ4A6916.jpg,£35,,,https://cdn.pixiegirl.com/Images/ProductImages/Medium/154afdcd-f765-4c_225612_X.jpg,https://cdn.pixiegirl.com/Images/ProductImages/Medium/df4c0e2d-4754-42_225611_X.jpg,https://cdn.pixiegirl.com/Images/ProductImages/Medium/df4c0e2d-4754-42_225611_X.jpg
7,Skirts,,Blue,PixieGirl Blue Floral Print Tiered Maxi Skirt,https://www.pixiegirl.com/pixiegirl-blue-floral-print-tiered-maxi-skirt-p,https://cdn.pixiegirl.com/Images/ProductImages/Big/2508fbe6-8eb0-48_225239_A.jpg,£29.99,,,,,
8,Skirts,,Green,PixieGirl Khaki Green Cargo Ruched Midi Skirt,https://www.pixiegirl.com/khk-cargo-ruched-midi-skirt-p,https://cdn.pixiegirl.com/Images/ProductImages/Big/7399179c-4500-4f_224995_A.jpg,£26.99,,,https://cdn.pixiegirl.com/Images/ProductImages/40291b5a-1700-4e_224492_A.jpg,https://cdn.pixiegirl.com/Images/ProductImages/6724af79-39df-48_224567_224054_L4.jpg,https://cdn.pixiegirl.com/Images/ProductImages/0306d29b-231e-41_224407_224573_L1.jpg
9,Skirts,,Green,PixieGirl Dark Green Blurred Check Maxi Skirt,https://www.pixiegirl.com/pixiegirl-dark-green-blurred-check-maxi-skirt-p,https://cdn.pixiegirl.com/Images/ProductImages/Big/5f11a984-cba7-41_225269_A.jpg,£29.99,,,https://cdn.pixiegirl.com/Images/ProductImages/Medium/ebaa76ac-c0c4-49_225268_X.jpg,https://cdn.pixiegirl.com/Images/ProductImages/Medium/0930283d-502f-47_225269_X.jpg,https://cdn.pixiegirl.com/Images/ProductImages/Medium/0930283d-502f-47_225269_X.jpg
10,Skirts,,Blue,PixieGirl Blue Denim Ripped Hem Midi Skirt,https://www.pixiegirl.com/pixiegirl-blue-denim-ripped-hem-midi-skirt-p,https://cdn.pixiegirl.com/Images/ProductImages/Big/f7320c4c-8ced-4d_224221_L1.jpg,£32.99,,,,,
11,Skirts,,Blue,PixieGirl Navy Blue Crinkle Maxi Skirt,https://www.pixiegirl.com/navy-blue-dbl-bonded-maxi-skirt-p,https://cdn.pixiegirl.com/Images/ProductImages/Big/e3ec1076-f2a6-40_224790_224160_L1.jpg,£25,,,,,
12,Skirts,,Red,PixieGirl Burgundy Red Faux Leather Fishtail Skirt,https://www.pixiegirl.com/matt-pu-skirt-red-p,https://cdn.pixiegirl.com/Images/ProductImages/Big/153a2fb3-fb82-4c_225841_A.jpg,£24.99,,,,,
13,Skirts,,Blue,PixieGirl Cobalt Blue Satin Midaxi Skirt,https://www.pixiegirl.com/pixiegirl-cobalt-blue-satin-midaxi-skirt-p,https://cdn.pixiegirl.com/Images/ProductImages/Big/0306d29b-231e-41_224407_224573_L1.jpg,£22.99,,,https://cdn.pixiegirl.com/Images/ProductImages/Medium/500eaa93-e83e-41_224492_X.jpg,https://cdn.pixiegirl.com/Images/ProductImages/Medium/d002d6a1-99af-45_224567_X.jpg,https://cdn.pixiegirl.com/Images/ProductImages/Medium/67122852-8447-48_224573_X.jpg
14,Skirts,,Gray,PixieGirl Grey Fold Over Ribbed Skirt,https://www.pixiegirl.com/grey-rib-fold-over-skirt-225643-p,https://cdn.pixiegirl.com/Images/ProductImages/Big/dca5a27a-2d5c-47_225643_A.jpg,£22.99,,,,,https://cdn.pixiegirl.com/Images/ProductImages/0306d29b-231e-41_224407_224573_L1.jpg
15,Skirts,,Black,PixieGirl Black Wrap Midi Skirt,https://www.pixiegirl.com/blk-ity-tie-wrap-midi-skirt-p,https://cdn.pixiegirl.com/Images/ProductImages/Big/4fdf09c6-b12a-4c_223627_A.jpg,£22.99,,,,,https://cdn.pixiegirl.com/Images/ProductImages/0306d29b-231e-41_224407_224573_L1.jpg
16,Skirts,,Black,PixieGirl Black Cargo Split Hem Maxi Skirt,https://www.pixiegirl.com/pixiegirl-black-cargo-split-hem-maxi-skirt-p,https://cdn.pixiegirl.com/Images/ProductImages/Big/a1eb4dc9-d5f5-41_223647_A.jpg,£24.99,,,,,https://cdn.pixiegirl.com/Images/ProductImages/0306d29b-231e-41_224407_224573_L1.jpg
17,Skirts,,Blue,PixieGirl Blue Denim Cargo Midi Skirt,https://www.pixiegirl.com/pixiegirl-blue-denim-cargo-midi-skirt-p,https://cdn.pixiegirl.com/Images/ProductImages/Big/de6679a1-4a30-49_223500_L1.jpg,£29.99,,,,,
18,Skirts,,Black,PixieGirl Black Denim Split Midi Skirt,https://www.pixiegirl.com/pixiegirl-black-denim-split-midi-skirt-p,https://cdn.pixiegirl.com/Images/ProductImages/Big/a9a945c4-00cd-41_223499_AR.jpg,£29.99,,,https://cdn.pixiegirl.com/Images/ProductImages/Medium/47fc105c-c403-48_222933_X.jpg,https://cdn.pixiegirl.com/Images/ProductImages/Medium/8c65adbd-6a48-43_223811_X.jpg,https://cdn.pixiegirl.com/Images/ProductImages/Medium/6a128ad8-6c6a-4f_223499_X.jpg
19,Skirts,,Black,PixieGirl Black Plisse Midaxi Skirt,https://www.pixiegirl.com/blk-plisse-midaxi-skirt-p,https://cdn.pixiegirl.com/Images/ProductImages/Big/64db4c8b-54d0-4d_223825_A.jpg,£22.99,,,,,https://cdn.pixiegirl.com/Images/ProductImages/0306d29b-231e-41_224407_224573_L1.jpg
20,Skirts,,Black,PixieGirl Black Ribbed Twist Front Maxi Skirt,https://www.pixiegirl.com/black-twist-maxi-skirt-p,https://cdn.pixiegirl.com/Images/ProductImages/Big/cfc049f2-d675-49_223944_L1.jpg,£17.99,,,,,https://cdn.pixiegirl.com/Images/ProductImages/0306d29b-231e-41_224407_224573_L1.jpg
21,Skirts,,Purple,PixieGirl Purple Tie Dye Print Mesh Maxi Skirt,https://www.pixiegirl.com/prp-blur-print-maxi-mesh-skirt-p,https://cdn.pixiegirl.com/Images/ProductImages/Big/1770629e-806f-41_224029_A.jpg,£24.99,,,,,
22,Skirts,,Black,PixieGirl Black Pleated Mini Skirt,https://www.pixiegirl.com/blk-suba-pleat-mini-skirt-p,https://cdn.pixiegirl.com/Images/ProductImages/Big/77d4dd47-6b55-46_225083_14.jpg,£19.99,,,,,
23,Skirts,,Blue,PixieGirl Dark Blue Denim Midi Skirt,https://www.pixiegirl.com/ind-blue-denim-midi-skirt-p,https://cdn.pixiegirl.com/Images/ProductImages/Big/a12ba26d-a036-49_223926.jpg,£29.99,,,https://cdn.pixiegirl.com/Images/ProductImages/Medium/47fc105c-c403-48_222933_X.jpg,https://cdn.pixiegirl.com/Images/ProductImages/Medium/8c65adbd-6a48-43_223811_X.jpg,https://cdn.pixiegirl.com/Images/ProductImages/Medium/26e5bf4f-1ace-48_223926_X.jpg
24,Skirts,,Blue,PixieGirl Dark Blue Denim Split Maxi Skirt,https://www.pixiegirl.com/dark-blue-maxi-skirt-p,https://cdn.pixiegirl.com/Images/ProductImages/Big/6e98e453-9a85-49_223731_A.jpg,£34.99,,,https://cdn.pixiegirl.com/Images/ProductImages/Medium/1b23b6ac-0323-4a_223812_X.jpg,https://cdn.pixiegirl.com/Images/ProductImages/Medium/16e32927-5dd7-40_224317_X.jpg,https://cdn.pixiegirl.com/Images/ProductImages/Medium/ecb7af23-8cb5-45_223731_X.jpg
25,Skirts,,Black,PixieGirl Black Denim Midi Skirt,https://www.pixiegirl.com/pixiegirl-black-denim-midi-skirt-p,https://cdn.pixiegirl.com/Images/ProductImages/Big/a7916dd6-5486-4a_224784%20__70.jpg,£29.99,,,https://cdn.pixiegirl.com/Images/ProductImages/Medium/47fc105c-c403-48_222933_X.jpg,https://cdn.pixiegirl.com/Images/ProductImages/Medium/26e5bf4f-1ace-48_223926_X.jpg,https://cdn.pixiegirl.com/Images/ProductImages/Medium/8c65adbd-6a48-43_223811_X.jpg
26,Skirts,,Black,PixieGirl Black Utility Midi Skirt,https://www.pixiegirl.com/pixiegirl-black-utility-midi-skirt-p,https://cdn.pixiegirl.com/Images/ProductImages/Big/8498e89e-63d8-47_223925_A.jpg,£29.99,,,,,
27,Skirts,,Black,PixieGirl Black Eyelet Detail Wrap Mini Skirt,https://www.pixiegirl.com/eyelet-mini-skirt-black-p,https://cdn.pixiegirl.com/Images/ProductImages/Big/3c9741e2-0680-4a_224004.jpg,£19.99,,,,,
28,Skirts,,Black,PixieGirl Black Belted Utility Maxi Skirt,https://www.pixiegirl.com/black-belted-utility-maxi-skirt-p,https://cdn.pixiegirl.com/Images/ProductImages/Big/7476993c-8ddf-4a_224120_A.jpg,£29.99,,,,,
29,Skirts,,Green,PixieGirl Khaki Green Cargo Mini Skirt,https://www.pixiegirl.com/pixiegirl-khaki-green-cargo-mini-skirt-p,https://cdn.pixiegirl.com/Images/ProductImages/Big/9edb92b9-9624-45_224117_A.jpg,£26.99,,,https://cdn.pixiegirl.com/Images/ProductImages/Medium/4b87308c-858a-41_224116_X.jpg,https://cdn.pixiegirl.com/Images/ProductImages/Medium/94e653ea-e995-4a_224117_X.jpg,https://cdn.pixiegirl.com/Images/ProductImages/Medium/94e653ea-e995-4a_224117_X.jpg
30,Skirts,,Black,PixieGirl Black Denim Split Maxi Skirt,https://www.pixiegirl.com/black-denim-maxi-skirt-p,https://cdn.pixiegirl.com/Images/ProductImages/Big/6c47cf03-6fbb-4b_223812_A.jpg,£32.99,,,https://cdn.pixiegirl.com/Images/ProductImages/Medium/ecb7af23-8cb5-45_223731_X.jpg,https://cdn.pixiegirl.com/Images/ProductImages/Medium/16e32927-5dd7-40_224317_X.jpg,https://cdn.pixiegirl.com/Images/ProductImages/Medium/1b23b6ac-0323-4a_223812_X.jpg
31,Skirts,,Green,PixieGirl Sage Green Ditsy Floral Print Midi Skirt,https://www.pixiegirl.com/sage-ditsy-belted-midi-skirt-p,https://cdn.pixiegirl.com/Images/ProductImages/Big/139127d8-3334-42_224627_A.jpg,£22.99,,,https://cdn.pixiegirl.com/Images/ProductImages/Medium/80aa2d3e-7f8d-49_223642_X.jpg,https://cdn.pixiegirl.com/Images/ProductImages/Medium/bc9fb1a6-c3b7-4a_224627_X.jpg,https://cdn.pixiegirl.com/Images/ProductImages/Medium/bc9fb1a6-c3b7-4a_224627_X.jpg
32,Skirts,,Black,PixieGirl Black Contrast Waist Maxi Skirt,https://www.pixiegirl.com/blk-contrast-waist-skirt-p,https://cdn.pixiegirl.com/Images/ProductImages/Big/3292a5c4-be9b-4e_224365_A.jpg,£24.99,,,,,
33,Skirts,,,PixieGirl Abstract Spot Print Maxi Skirt,https://www.pixiegirl.com/dk-grey-spot-maxi-skirt-p,https://cdn.pixiegirl.com/Images/ProductImages/Big/4932ad6a-dc34-43_224611_A.jpg,£24.99,,,,,
34,Skirts,,Cream,PixieGirl Beige Brown Utility Mini Skirt,https://www.pixiegirl.com/pixiegirl-beige-brown-utility-mini-skirt-p,https://cdn.pixiegirl.com/Images/ProductImages/Big/4560ec9e-b1d0-46_224304_A.jpg,£19.99,,,,,
35,Skirts,,Black,PixieGirl Black Scuba Midi Wrap Skirt,https://www.pixiegirl.com/blk-scuba-wrap-pencil-skirt-p,https://cdn.pixiegirl.com/Images/ProductImages/Big/0e5e0873-ca3f-4a_225072_A.jpg,£17.99,,,,,
36,Skirts,,Black,PixieGirl Black Side Split Maxi Skirt,https://www.pixiegirl.com/blk-maxi-skirt-with-split-p,https://cdn.pixiegirl.com/Images/ProductImages/Big/d33fce20-cfe9-4f_224417_A.jpg,£17.99,,,https://cdn.pixiegirl.com/Images/ProductImages/Medium/00ff79b0-a96f-44_225566_X.jpg,https://cdn.pixiegirl.com/Images/ProductImages/Medium/be5adbfd-6c8c-40_224417_X.jpg,https://cdn.pixiegirl.com/Images/ProductImages/Medium/be5adbfd-6c8c-40_224417_X.jpg
37,Skirts,,Brown,PixieGirl Natural Brown Denim Split Maxi Skirt,https://www.pixiegirl.com/pixiegirl-natural-brown-denim-split-maxi-skirt-p,https://cdn.pixiegirl.com/Images/ProductImages/Big/da0668ae-9eed-48_224317_L1.jpg,£32.99,,,https://cdn.pixiegirl.com/Images/ProductImages/Medium/ecb7af23-8cb5-45_223731_X.jpg,https://cdn.pixiegirl.com/Images/ProductImages/Medium/1b23b6ac-0323-4a_223812_X.jpg,https://cdn.pixiegirl.com/Images/ProductImages/Medium/16e32927-5dd7-40_224317_X.jpg
38,Skirts,,Blue,PixieGirl Blue Denim Zip Front Midi Skirt,https://www.pixiegirl.com/pixiegirl-blue-denim-zip-front-midi-skirt-p,https://cdn.pixiegirl.com/Images/ProductImages/Big/05403ee9-b9a8-47_224381_A.jpg,£32.99,,,,,
39,Skirts,,Yellow,PixieGirl Yellow Ditsy Floral Print Midi Skirt,https://www.pixiegirl.com/yellow-ditsy-belted-midi-skirt-p,https://cdn.pixiegirl.com/Images/ProductImages/Big/bcc70517-9e88-40_225289_A.jpg,£22.99,,,https://cdn.pixiegirl.com/Images/ProductImages/Medium/b771cc1e-df84-40_225290_X.jpg,https://cdn.pixiegirl.com/Images/ProductImages/Medium/c5f8ec22-306e-4a_225289_X.jpg,https://cdn.pixiegirl.com/Images/ProductImages/Medium/c5f8ec22-306e-4a_225289_X.jpg
40,Skirts,,Blue,PixieGirl Blue Ditsy Floral Print Midi Skirt,https://www.pixiegirl.com/blue-ditsy-belted-midi-skirt-p,https://cdn.pixiegirl.com/Images/ProductImages/Big/3d7f99c0-2bc5-43_225290_A.jpg,£22.99,,,https://cdn.pixiegirl.com/Images/ProductImages/Medium/c5f8ec22-306e-4a_225289_X.jpg,https://cdn.pixiegirl.com/Images/ProductImages/Medium/b771cc1e-df84-40_225290_X.jpg,https://cdn.pixiegirl.com/Images/ProductImages/Medium/b771cc1e-df84-40_225290_X.jpg
41,Skirts,,Black,PixieGirl Black Crochet Midi Skirt,https://www.pixiegirl.com/blk-crochet-midi-skirt-p,https://cdn.pixiegirl.com/Images/ProductImages/Big/69e68181-17f2-40_la.petite.shay_1720809270_3410717823670979065_4558296671.jpg,£29.99,,,,,
42,Skirts,,Green,PixieGirl Green Striped Linen Button Front Midi Skirt,https://www.pixiegirl.com/grn-stripe-button-midi-skirt-p,https://cdn.pixiegirl.com/Images/ProductImages/Big/c3d0b8c8-b941-4a_224857_A.jpg,£22.99,,,,,
43,Skirts,,Black,PixieGirl Black Ribbed Maxi Tube Skirt,https://www.pixiegirl.com/blk-rib-mini-tube-skirt-p,https://cdn.pixiegirl.com/Images/ProductImages/Big/e679ca3d-3d6a-4a_225313_A.jpg,£14.99,,,https://cdn.pixiegirl.com/Images/ProductImages/Medium/e01409a5-aecd-47_225314_X.jpg,https://cdn.pixiegirl.com/Images/ProductImages/Medium/881e8664-2123-44_225313_X.jpg,https://cdn.pixiegirl.com/Images/ProductImages/Medium/881e8664-2123-44_225313_X.jpg
44,Skirts,,Brown,PixieGirl Chocolate Brown Ribbed Maxi Tube Skirt,https://www.pixiegirl.com/chocolate-rib-maxi-tube-skirt-p,https://cdn.pixiegirl.com/Images/ProductImages/Big/c886e230-fda7-4c_225314_A.jpg,£14.99,,,https://cdn.pixiegirl.com/Images/ProductImages/Medium/881e8664-2123-44_225313_X.jpg,https://cdn.pixiegirl.com/Images/ProductImages/Medium/e01409a5-aecd-47_225314_X.jpg,https://cdn.pixiegirl.com/Images/ProductImages/Medium/e01409a5-aecd-47_225314_X.jpg
45,Skirts,,White,PixieGirl White Denim Split Midaxi Skirt,https://www.pixiegirl.com/pixiegirl-white-denim-split-midaxi-skirt-p,https://cdn.pixiegirl.com/Images/ProductImages/Big/2e4addb4-eeda-49_224373_A.jpg,£29.99,,,,,
46,Skirts,,Blue,PixieGirl Navy Blue Paisley Print Tiered Maxi Skirt,https://www.pixiegirl.com/navy-paisley-tiered-maxi-skirt-p,https://cdn.pixiegirl.com/Images/ProductImages/Big/13006228-f0f6-4a_225295_A.jpg,£26.99,,,,,
47,Skirts,,Brown,PixieGirl Natural Brown Leopard Print Maxi Skirt,https://www.pixiegirl.com/pixiegirl-natural-brown-leopard-print-maxi-skirt-p,https://cdn.pixiegirl.com/Images/ProductImages/Big/0ef68ebf-0ca2-48_224785%20__12.jpg,£28,,,,,
48,Skirts,,Black,PixieGirl Black Cargo Maxi Skirt,https://www.pixiegirl.com/pixiegirl-black-cargo-maxi-skirt-p,https://cdn.pixiegirl.com/Images/ProductImages/Big/b479d008-878f-48_225304_A.jpg,£29.99,,,,,
49,Skirts,,Black,PixieGirl Black Faux Leather Mini Skirt,https://www.pixiegirl.com/pixiegirl-blue-black-colour-block-motor-sport-mini-skirt-p,https://cdn.pixiegirl.com/Images/ProductImages/Big/4ead394c-9e70-41_225116_47.jpg,£29.99,,,,,
50,Skirts,,Gray,PixieGirl Grey Acid Wash Pleated Midi Skirt,https://www.pixiegirl.com/pixiegirl-grey-acid-wash-pleated-midi-skirt-p,https://cdn.pixiegirl.com/Images/ProductImages/Big/f5e55d22-27f2-4f_225218%20__27.jpg,£34.99,,,,,
51,Skirts,,Brown,PixieGirl Brown Acid Wash Midi Skirt,https://www.pixiegirl.com/pixiegirl-brown-acid-wash-midi-skirt-p,https://cdn.pixiegirl.com/Images/ProductImages/Big/1f9637b7-87db-48_225215%20__16.jpg,£29.99,,,,,
52,Skirts,,Black,PixieGirl Black Faux Leather Zip Front Mini Skirt,https://www.pixiegirl.com/pixiegirl-black-faux-leather-zip-front-mini-skirt-p,https://cdn.pixiegirl.com/Images/ProductImages/Big/8f7ea7af-fc7a-45_225270_A.jpg,£29.99,,,,,
53,Skirts,,Black,PixieGirl Black Faux Leather Side Split Maxi Skirt,https://www.pixiegirl.com/pixiegirl-black-faux-leather-side-split-maxi-skirt-p,https://cdn.pixiegirl.com/Images/ProductImages/Big/37b9f54e-23a6-44_225131_1.jpg,£29.99,,,,,
54,Skirts,,Black,PixieGirl Black Blurred Check Maxi Skirt,https://www.pixiegirl.com/pixiegirl-black-blurred-check-maxi-skirt-p,https://cdn.pixiegirl.com/Images/ProductImages/Big/0ddd72a8-0bef-46_225268_A.jpg,£29.99,,,https://cdn.pixiegirl.com/Images/ProductImages/Medium/0930283d-502f-47_225269_X.jpg,https://cdn.pixiegirl.com/Images/ProductImages/Medium/ebaa76ac-c0c4-49_225268_X.jpg,https://cdn.pixiegirl.com/Images/ProductImages/Medium/ebaa76ac-c0c4-49_225268_X.jpg
55,Skirts,,Black,PixieGirl Black Lace Fishtail Maxi Skirt,https://www.pixiegirl.com/lace-fishtail-skirt-black-p,https://cdn.pixiegirl.com/Images/ProductImages/Big/b1ef03ad-da46-4f_IMG_7454.jpg,£35,,,,,
56,Skirts,,Blue,PixieGirl Dark Blue Pocket Patch Denim Skirt,https://www.pixiegirl.com/pixiegirl-dark-blue-pocket-patch-denim-skirt-p,https://cdn.pixiegirl.com/Images/ProductImages/Big/cfe4061e-97cc-45_225336_A.jpg,£29.99,,,,,
57,Skirts,,Cream,PixieGirl Beige Brown Leopard Print Rose Mesh Skirt,https://www.pixiegirl.com/pixiegirl-beige-brown-leopard-print-rose-mesh-skirt-p,https://cdn.pixiegirl.com/Images/ProductImages/Big/d61f3b45-9e15-49_225647_A.jpg,£24.99,,,,,
58,Skirts,,Black,PixieGirl Black Tie Bow Mini Skirt,https://www.pixiegirl.com/pixiegirl-black-tie-bow-mini-skirt-p,https://cdn.pixiegirl.com/Images/ProductImages/Big/7632252f-b1ce-4b_225762_A.jpg,£26.99,,,,,
59,Skirts,,Blue,PixieGirl Blue Denim Panel Seam Skirt,https://www.pixiegirl.com/pixiegirl-blue-denim-panel-seam-skirt-p,https://cdn.pixiegirl.com/Images/ProductImages/Big/53923f8f-5958-48_225227_A.jpg,£29.99,,,,,
60,Skirts,,Black,PixieGirl Black Denim Button Midi Skirt,https://www.pixiegirl.com/mid-blue-button-front-maxi-skirt-p,https://cdn.pixiegirl.com/Images/ProductImages/Big/137ebb6b-1cec-4f_225335_A.jpg,£32.99,,,,,
61,Skirts,,Black,PixieGirl Black Stretch Faux Leather Midi Skirt,https://www.pixiegirl.com/blk-pu-knee-length-skirt-p,https://cdn.pixiegirl.com/Images/ProductImages/Big/d75fc7f8-dc1f-4b_222535_A.jpg,£10,£17.99,(44% OFF),,,
62,Skirts,,Brown,PixieGirl Brown Midi Knitted Skirt,https://www.pixiegirl.com/chocolate-midi-knitted-skirt-p,https://cdn.pixiegirl.com/Images/ProductImages/Big/0492d6b0-79a6-41_223009_223011_L1.jpg,£15,£24.99,(40% OFF),,,
63,Skirts,,Blue,PixieGirl Blue Denim Midi Skirt,https://www.pixiegirl.com/pixiegirl-blue-denim-midi-skirt-p,,£15,£29.50,(49% OFF),https://cdn.pixiegirl.com/Images/ProductImages/Medium/8c65adbd-6a48-43_223811_X.jpg,https://cdn.pixiegirl.com/Images/ProductImages/Medium/26e5bf4f-1ace-48_223926_X.jpg,https://cdn.pixiegirl.com/Images/ProductImages/Medium/47fc105c-c403-48_222933_X.jpg
64,Skirts,,Black,PixieGirl Black Spot Print Maxi Skirt,https://www.pixiegirl.com/blk-line-spot-maxi-skirt-p,https://cdn.pixiegirl.com/Images/ProductImages/Big/87ef3d05-acf2-45_224256_A.jpg,£10,£24.99,(60% OFF),,,
65,Skirts,,Black,PixieGirl Black Cargo Mini Skirt,https://www.pixiegirl.com/pixiegirl-black-cargo-mini-skirt-p,https://cdn.pixiegirl.com/Images/ProductImages/Big/d3bf354f-8693-4f_224116_A.jpg,£10,£26.99,(63% OFF),https://cdn.pixiegirl.com/Images/ProductImages/Medium/94e653ea-e995-4a_224117_X.jpg,https://cdn.pixiegirl.com/Images/ProductImages/Medium/4b87308c-858a-41_224116_X.jpg,https://cdn.pixiegirl.com/Images/ProductImages/Medium/4b87308c-858a-41_224116_X.jpg
66,Skirts,,Brown,PixieGirl Brown Leopard Print Maxi Skirt,https://www.pixiegirl.com/pixiegirl-brown-leopard-print-maxi-skirt-p,https://cdn.pixiegirl.com/Images/ProductImages/Big/51854960-0586-4e_223649_L1.jpg,£15,£25,(40% OFF),,,
67,Skirts,,Black,PixieGirl Black Zebra Print Tie Up Skirt,https://www.pixiegirl.com/blk-zebra-bltd-midi-skirt-p,https://cdn.pixiegirl.com/Images/ProductImages/Big/4e619cd2-dd08-40_223415_A.jpg,£10,£22.99,(57% OFF),,,
68,Skirts,,Green,PixieGirl Khaki Green Camo Print Stretch Tube Midi Skirt,https://www.pixiegirl.com/grn-camo-print-midi-tube-skirt-p,https://cdn.pixiegirl.com/Images/ProductImages/Big/fd14f4a5-cede-4d_223629_A.jpg,£10,£19.99,(50% OFF),,,
69,Skirts,,Black,PixieGirl Black & Grey Check Stretch Midi Skirt,https://www.pixiegirl.com/pixiegirl-black-grey-check-stretch-midi-skirt-p,https://cdn.pixiegirl.com/Images/ProductImages/Big/a2c22cde-368e-43_223643_A.jpg,£10,£19.99,(50% OFF),,,
70,Skirts,,Red,PixieGirl Red Leopard Print Midi Skirt,https://www.pixiegirl.com/pixiegirl-red-animal-print-midi-skirt-p,https://cdn.pixiegirl.com/Images/ProductImages/Big/27feb616-49e5-41_223642_A.jpg,£10,£22.99,(57% OFF),https://cdn.pixiegirl.com/Images/ProductImages/Medium/bc9fb1a6-c3b7-4a_224627_X.jpg,https://cdn.pixiegirl.com/Images/ProductImages/Medium/80aa2d3e-7f8d-49_223642_X.jpg,https://cdn.pixiegirl.com/Images/ProductImages/Medium/80aa2d3e-7f8d-49_223642_X.jpg
71,Skirts,,Black,PixieGirl Black Cargo Ruched Midi Skirt,https://www.pixiegirl.com/pixiegirl-black-cargo-ruched-midi-skirt-p,https://cdn.pixiegirl.com/Images/ProductImages/Big/307c9fff-093e-47_223605_A.jpg,£10,£26.99,(63% OFF),https://cdn.pixiegirl.com/Images/ProductImages/Medium/ca5b6aa2-0812-48_224995_X.jpg,https://cdn.pixiegirl.com/Images/ProductImages/Medium/f0418356-ea6f-47_223605_X.jpg,https://cdn.pixiegirl.com/Images/ProductImages/Medium/f0418356-ea6f-47_223605_X.jpg
72,Skirts,,Black,PixieGirl Black Midi Pencil Skirt,https://www.pixiegirl.com/petite-black-midi-pencil-skirt-p,https://cdn.pixiegirl.com/Images/ProductImages/Big/77687dfb-c9e8-44_222664_A.jpg,£5,£14.99,(67% OFF),,,
73,Skirts,,Green,PixieGirl Green Diagonal Stripe Maxi Skirt,https://www.pixiegirl.com/khk-ity-diagonal-stripe-maxi-sk-p,https://cdn.pixiegirl.com/Images/ProductImages/Big/b019c329-be17-4a_223632_A.jpg,£5,£24.99,(80% OFF),,,
74,Skirts,,Black,PixieGirl Black Ruched Mesh Skirt,https://www.pixiegirl.com/blk-mesh-ruched-midi-skirt-p,https://cdn.pixiegirl.com/Images/ProductImages/Big/8d63e675-7821-41_223824_A.jpg,£5,£24.99,(80% OFF),,,
75,Skirts,,Black,PixieGirl Black & Grey Check Stretch Mini Skirt,https://www.pixiegirl.com/petite-black-grey-check-stretch-mini-skirt-p,https://cdn.pixiegirl.com/Images/ProductImages/Big/d5f6eb3b-a21a-48_222662_A.jpg,£5,£14.99,(67% OFF),,,
76,Skirts,,Cream,PixieGirl Beige Brown Parachute Maxi Skirt,https://www.pixiegirl.com/petite-beige-brown-parachute-maxi-skirt-p,https://cdn.pixiegirl.com/Images/ProductImages/Big/58bae054-4dde-45_222794_B.jpg,£10,£26.99,(63% OFF),,,
77,Skirts,,Brown,PixieGirl Brown Animal Print Tiered Maxi Skirt,https://www.pixiegirl.com/pixiegirl-brown-animal-print-tiered-maxi-skirt-p,https://cdn.pixiegirl.com/Images/ProductImages/Big/ee102da2-37e3-4b_224161_223060_L1.jpg,£10,£29.99,(67% OFF),,,
78,Skirts,,Blue,PixieGirl Blue & Black Colour Block Midaxi Skirt,https://www.pixiegirl.com/blue-colour-block-midaxi-skirt-p,https://cdn.pixiegirl.com/Images/ProductImages/Big/6b794964-c572-4b_223517_A.jpg,£5,£24.99,(80% OFF),,,
79,Skirts,,Green,PixieGirl Green Blur Print Mesh Ruched Midi Skirt,https://www.pixiegirl.com/green-blur-mesh-ruch-skirt-p,https://cdn.pixiegirl.com/Images/ProductImages/Big/55078de1-bd11-43_223550-_A.jpg,£5,£24.99,(80% OFF),,,
80,Skirts,,Black,PixieGirl Black Scuba Maxi Skirt,https://www.pixiegirl.com/pixiegirl-black-scuba-maxi-skirt-p,https://cdn.pixiegirl.com/Images/ProductImages/Big/140cd6d1-6801-48_223630_A.jpg,£10,£19.99,(50% OFF),,,
81,Skirts,,Green,PixieGirl Green Sequin Midi Skirt,https://www.pixiegirl.com/green-sequin-midi-skirt-p,https://cdn.pixiegirl.com/Images/ProductImages/Big/aef193c2-f6a3-42_223509_A.jpg,£10,£26.99,(63% OFF),,,
82,Skirts,,Black,PixieGirl Black Twist Front Maxi Skirt,https://www.pixiegirl.com/black-slinky-knot-maxi-skirt-p,https://cdn.pixiegirl.com/Images/ProductImages/Big/9fa82d7d-0475-42_224001_L1.jpg,£10,£22.99,(57% OFF),,,
83,Skirts,,Cream,PixieGirl Cream Floral Print Tiered Maxi Skirt,https://www.pixiegirl.com/pixiegirl-cream-floral-print-tiered-maxi-skirt-p,https://cdn.pixiegirl.com/Images/ProductImages/Big/b9eca643-b5a5-4e_224330-224341_L1.jpg,£10,£26.99,(63% OFF),,,
84,Skirts,,Green,PixieGirl Sage Green Abstract Spot Print Midi Skirt,https://www.pixiegirl.com/pixiegirl-sage-green-abstract-spot-print-midi-skirt-p,https://cdn.pixiegirl.com/Images/ProductImages/Big/4a7db9ad-9815-42_224581_A.jpg,£10,£24.99,(60% OFF),,,
85,Skirts,,Gray,PixieGirl Grey Satin Midaxi Skirt,https://www.pixiegirl.com/pixiegirl-grey-satin-midaxi-skirt-p,https://cdn.pixiegirl.com/Images/ProductImages/Big/6724af79-39df-48_224567_224054_L4.jpg,£10,£22.99,(57% OFF),https://cdn.pixiegirl.com/Images/ProductImages/Medium/500eaa93-e83e-41_224492_X.jpg,https://cdn.pixiegirl.com/Images/ProductImages/Medium/d002d6a1-99af-45_224567_X.jpg,https://cdn.pixiegirl.com/Images/ProductImages/Medium/67122852-8447-48_224573_X.jpg
86,Skirts,,Black,PixieGirl Black Snake Print Satin Midaxi Skirt,https://www.pixiegirl.com/bias-cut-snake-print-skirt-p,https://cdn.pixiegirl.com/Images/ProductImages/Big/40291b5a-1700-4e_224492_A.jpg,£10,£23.99,(58% OFF),https://cdn.pixiegirl.com/Images/ProductImages/Medium/500eaa93-e83e-41_224492_X.jpg,https://cdn.pixiegirl.com/Images/ProductImages/Medium/d002d6a1-99af-45_224567_X.jpg,https://cdn.pixiegirl.com/Images/ProductImages/Medium/67122852-8447-48_224573_X.jpg
87,Skirts,,Blue,PixieGirl Denim Blue Button Front Midi Skirt,https://www.pixiegirl.com/blue-button-front-midi-skirt-p,https://cdn.pixiegirl.com/Images/ProductImages/Big/704465bf-dfda-47_224638_A.jpg,£10,£22.99,(57% OFF),,,
88,Skirts,,Brown,PixieGirl Stone Brown Poplin Maxi Skirt,https://www.pixiegirl.com/pixiegirl-stone-brown-poplin-maxi-skirt-p,https://cdn.pixiegirl.com/Images/ProductImages/Big/85a11cb1-5213-44_224833_A.jpg,£15,£24.99,(40% OFF),https://cdn.pixiegirl.com/Images/ProductImages/40291b5a-1700-4e_224492_A.jpg,https://cdn.pixiegirl.com/Images/ProductImages/6724af79-39df-48_224567_224054_L4.jpg,https://cdn.pixiegirl.com/Images/ProductImages/Medium/77fdf514-d499-4b_224833_X.jpg
89,Skirts,,Green,PixieGirl Olive Green Poplin Maxi Skirt,https://www.pixiegirl.com/olive-poplim-shirred-maxi-skirt-p,https://cdn.pixiegirl.com/Images/ProductImages/Big/774c226f-9520-49_224830_A.jpg,£10,£24.99,(60% OFF),https://cdn.pixiegirl.com/Images/ProductImages/40291b5a-1700-4e_224492_A.jpg,https://cdn.pixiegirl.com/Images/ProductImages/6724af79-39df-48_224567_224054_L4.jpg,https://cdn.pixiegirl.com/Images/ProductImages/Medium/bddaef80-cf4c-41_224830_X.jpg
90,Skirts,,Cream,PixieGirl Beige Brown Animal Print Midaxi Skirt,https://www.pixiegirl.com/pixiegirl-beige-brown-animal-print-midaxi-skirt-p,https://cdn.pixiegirl.com/Images/ProductImages/Big/e1f2fb44-88c2-47_225232_A.jpg,£10,£25,(60% OFF),,,
91,Skirts,,Gray,PixieGirl Grey Marl Sweatshirt Maxi Skirt,https://www.pixiegirl.com/pixiegirl-grey-marl-sweatshirt-maxi-skirt-p,https://cdn.pixiegirl.com/Images/ProductImages/Big/531ddfde-d92c-4d_225737_A.jpg,£24.99,,,https://cdn.pixiegirl.com/Images/ProductImages/Medium/66d0e03c-56c1-40_225735_X.jpg,https://cdn.pixiegirl.com/Images/ProductImages/Medium/f3bdaddc-ee6e-41_225737_X.jpg,https://cdn.pixiegirl.com/Images/ProductImages/Medium/f3bdaddc-ee6e-41_225737_X.jpg
92,Skirts,,Blue,PixieGirl Light Blue Denim Seam Midi Skirt,https://www.pixiegirl.com/pixiegirl-light-blue-denim-seam-midi-skirt-p,https://cdn.pixiegirl.com/Images/ProductImages/Big/283cee8b-4fcb-41_225337_A.jpg,£29.99,,,https://cdn.pixiegirl.com/Images/ProductImages/40291b5a-1700-4e_224492_A.jpg,https://cdn.pixiegirl.com/Images/ProductImages/6724af79-39df-48_224567_224054_L4.jpg,
