Brand,Category,Product Link,Main Image,Product Name,Colour,Current Price,Main Image,Swatch Image 1,Swatch Image 2,Swatch Image 3,Discount,Original Price
Pixie Girl,Jeans,https://www.pixiegirl.com/pixiegirl-mid-blue-wide-leg-jeans-p,https://cdn.pixiegirl.com/Images/ProductImages/Big/3becdc10-2d75-4a_223223.jpg,PixieGirl Mid Blue Wide Leg Jeans,Blue,£35,https://cdn.pixiegirl.com/Images/ProductImages/Big/3becdc10-2d75-4a_223223.jpg,,,,,
Pixie Girl,Nightwear & Loungewear,https://www.pixiegirl.com/pixiegirl-navy-blue-check-print-pyjama-set-p,https://cdn.pixiegirl.com/Images/ProductImages/Big/1e929f82-4a31-4d_225585_A.jpg,PixieGirl Navy Blue Check Print Pyjama Set,Blue,£25,https://cdn.pixiegirl.com/Images/ProductImages/Big/1e929f82-4a31-4d_225585_A.jpg,,,,,
Pixie Girl,Jeans,https://www.pixiegirl.com/dk-blu-kick-flare-jean-p,https://cdn.pixiegirl.com/Images/ProductImages/Big/d7dbfbd5-6c19-41_223570%20__15.jpg,PixieGirl Dark Blue Flared Jeans,Blue,£35,https://cdn.pixiegirl.com/Images/ProductImages/Big/d7dbfbd5-6c19-41_223570%20__15.jpg,,,,,
Pixie Girl,Knitwear,https://www.pixiegirl.com/teal-tinsel-jumper-p,https://cdn.pixiegirl.com/Images/ProductImages/Big/9b808e9a-ff8f-43_223039_A.jpg,PixieGirl Teal Blue Tinsel Jumper,Blue,£29.99,https://cdn.pixiegirl.com/Images/ProductImages/Big/9b808e9a-ff8f-43_223039_A.jpg,,,,,
Pixie Girl,Jeans,https://www.pixiegirl.com/pixiegirl-dark-blue-cargo-jeans-p,https://cdn.pixiegirl.com/Images/ProductImages/Big/6acf5b26-c62d-4a_image00001.jpg,PixieGirl Dark Blue Cargo Jeans,Blue,£34.99,https://cdn.pixiegirl.com/Images/ProductImages/Big/6acf5b26-c62d-4a_image00001.jpg,,,,,
Pixie Girl,Nightwear & Loungewear,https://www.pixiegirl.com/pixiegirl-navy-blue-leopard-graphic-pyjama-set-p,https://cdn.pixiegirl.com/Images/ProductImages/Big/becc4e79-305b-42_225589_A.jpg,PixieGirl Navy Blue Leopard Graphic Pyjama Set,Blue,£25,https://cdn.pixiegirl.com/Images/ProductImages/Big/becc4e79-305b-42_225589_A.jpg,,,,,
Pixie Girl,Jeans,https://www.pixiegirl.com/mid-blue-mom-jean-p,https://cdn.pixiegirl.com/Images/ProductImages/Big/4a360b49-b2d8-45_224319_A.jpg,PixieGirl Mid Blue Denim Mom Jeans,Blue,£29.99,https://cdn.pixiegirl.com/Images/ProductImages/Big/4a360b49-b2d8-45_224319_A.jpg,https://cdn.pixiegirl.com/Images/ProductImages/Small/6e74a4f0-3819-4e_224320_X.jpg,,,,
Pixie Girl,Nightwear & Loungewear,https://www.pixiegirl.com/pixiegirl-navy-blue-side-stripe-joggers-p,https://cdn.pixiegirl.com/Images/ProductImages/Big/7144ecf3-4b52-41_225860_A.jpg,PixieGirl Navy Blue Side Stripe Joggers,Blue,£29.99,https://cdn.pixiegirl.com/Images/ProductImages/Big/7144ecf3-4b52-41_225860_A.jpg,https://cdn.pixiegirl.com/Images/ProductImages/Small/99643912-8bc4-4b_225858_Z.jpg,https://cdn.pixiegirl.com/Images/ProductImages/Small/e5cbbe96-79a0-48_225859_Z.jpg,,,
Pixie Girl,Jeans,https://www.pixiegirl.com/indigo-wide-leg-jeans-p,https://cdn.pixiegirl.com/Images/ProductImages/Big/be6eb77b-6192-4e_224657_A.jpg,PixieGirl Indigo Blue Wide Leg Jeans,Blue,£35,https://cdn.pixiegirl.com/Images/ProductImages/Big/be6eb77b-6192-4e_224657_A.jpg,,,,,
Pixie Girl,Jeans,https://www.pixiegirl.com/pixiegirl-dark-blue-turn-up-straight-leg-jeans-p,https://cdn.pixiegirl.com/Images/ProductImages/Big/ad67ef97-587a-4c_225537_A.jpg,PixieGirl Dark Blue Turn Up Straight Leg Jeans,Blue,£34.99,https://cdn.pixiegirl.com/Images/ProductImages/Big/ad67ef97-587a-4c_225537_A.jpg,,,,,
Pixie Girl,Jeans,https://www.pixiegirl.com/mid-blue-patch-pkt-wide-leg-jn-p,https://cdn.pixiegirl.com/Images/ProductImages/Big/d957c935-5212-49_223651_A.jpg,PixieGirl Blue Washed Wide Leg Jeans,Blue,£35,https://cdn.pixiegirl.com/Images/ProductImages/Big/d957c935-5212-49_223651_A.jpg,,,,,
Pixie Girl,Jeans,https://www.pixiegirl.com/pixiegirl-blue-vintage-patch-pocket-wide-leg-jeans-p,https://cdn.pixiegirl.com/Images/ProductImages/Big/3e3444ec-85b4-49_224784%20__20.jpg,PixieGirl Blue Vintage Patch Pocket Wide Leg Jeans,Blue,£35,https://cdn.pixiegirl.com/Images/ProductImages/Big/3e3444ec-85b4-49_224784%20__20.jpg,,,,,
Pixie Girl,Jeans,https://www.pixiegirl.com/pixiegirl-dark-blue-skinny-ava-jeans-p,https://cdn.pixiegirl.com/Images/ProductImages/Big/6cd03d32-c906-40_225535_A.jpg,PixieGirl Dark Blue Skinny AVA Jeans,Blue,£29.99,https://cdn.pixiegirl.com/Images/ProductImages/Big/6cd03d32-c906-40_225535_A.jpg,https://cdn.pixiegirl.com/Images/ProductImages/Small/e933b7fa-7df0-42_225536_X.jpg,,,,
Pixie Girl,Jeans,https://www.pixiegirl.com/pixiegirl-dark-blue-straight-leg-jeans-p,https://cdn.pixiegirl.com/Images/ProductImages/Big/6b54dcef-fe00-4e_225209_A.jpg,PixieGirl Dark Blue Straight Leg Jeans,Blue,£32,https://cdn.pixiegirl.com/Images/ProductImages/Big/6b54dcef-fe00-4e_225209_A.jpg,,,,,
Pixie Girl,Jeans,https://www.pixiegirl.com/petite-dark-blue-stitch-denim-skinny-jeans-p,https://cdn.pixiegirl.com/Images/ProductImages/Big/a8ed6247-0151-45_222258_A.jpg,PixieGirl Dark Blue Stretch Denim AVA Skinny Jeans,Blue,£29.99,https://cdn.pixiegirl.com/Images/ProductImages/Big/a8ed6247-0151-45_222258_A.jpg,https://cdn.pixiegirl.com/Images/ProductImages/Small/3660522a-cf8f-4d_222032-222037_X.jpg,https://cdn.pixiegirl.com/Images/ProductImages/Small/4a544390-729e-4e_222033_X.jpg,https://cdn.pixiegirl.com/Images/ProductImages/Small/1682e3d6-84f1-47_222259_X.jpg,,
Pixie Girl,Trousers,https://www.pixiegirl.com/pixiegirl-blue-stripe-wide-leg-trousers-p,https://cdn.pixiegirl.com/Images/ProductImages/Big/1033c4b7-1760-4e_225396_A.jpg,PixieGirl Blue Stripe Wide Leg Trousers,Blue,£15,https://cdn.pixiegirl.com/Images/ProductImages/Big/1033c4b7-1760-4e_225396_A.jpg,,,,(50% OFF),£29.99
Pixie Girl,Knitwear,https://www.pixiegirl.com/blue-roll-neck-boxy-jumper-p,https://cdn.pixiegirl.com/Images/ProductImages/Big/65e97001-6760-40_223030_A.jpg,PixieGirl Cobalt Blue Roll Neck Knit Jumper,Blue,£15,https://cdn.pixiegirl.com/Images/ProductImages/Big/65e97001-6760-40_223030_A.jpg,,,,(50% OFF),£29.99
Pixie Girl,Tops,https://www.pixiegirl.com/pixiegirl-navy-blue-crew-neck-sweatshirt-p,https://cdn.pixiegirl.com/Images/ProductImages/Big/92194b99-ad0f-42_225125_A.jpg,PixieGirl Navy Blue Crew Neck Sweatshirt,Blue,£19,https://cdn.pixiegirl.com/Images/ProductImages/Big/92194b99-ad0f-42_225125_A.jpg,https://cdn.pixiegirl.com/Images/ProductImages/Small/fa56e18b-c048-46_225123_X.jpg,https://cdn.pixiegirl.com/Images/ProductImages/Small/d70cffe0-5142-4e_223929_X.jpg,https://cdn.pixiegirl.com/Images/ProductImages/Small/92ac26c7-2ac9-4b_225121_X.jpg,,
Pixie Girl,Tops,https://www.pixiegirl.com/pixiegirl-blue-blur-print-mesh-top-p,https://cdn.pixiegirl.com/Images/ProductImages/Big/72d953e5-888d-43_223549_A.jpg,PixieGirl Blue Blur Print Mesh Top,Blue,£10,https://cdn.pixiegirl.com/Images/ProductImages/Big/72d953e5-888d-43_223549_A.jpg,,,,(57% OFF),£22.99
Pixie Girl,Jeans,https://www.pixiegirl.com/aysemmetric-jean-blue-p,https://cdn.pixiegirl.com/Images/ProductImages/Big/f27f8501-4bec-4a_224318_A.jpg,PixieGirl Blue Asymmetric Waist Wide Leg Jeans,Blue,£35,https://cdn.pixiegirl.com/Images/ProductImages/Big/f27f8501-4bec-4a_224318_A.jpg,,,,,
Pixie Girl,Knitwear,https://www.pixiegirl.com/pixiegirl-navy-blue-knitted-stripe-jumper-p,https://cdn.pixiegirl.com/Images/ProductImages/Big/10eaaf6f-2ec1-40_225061_A.jpg,PixieGirl Navy Blue Knitted Stripe Jumper,Blue,£24.99,https://cdn.pixiegirl.com/Images/ProductImages/Big/10eaaf6f-2ec1-40_225061_A.jpg,,,,,
Pixie Girl,Jeans,https://www.pixiegirl.com/pixiegirl-dark-blue-contrast-stitch-wide-leg-jeans-p,https://cdn.pixiegirl.com/Images/ProductImages/Big/eaafd071-cde4-48_225111_21.jpg,PixieGirl Dark Blue Contrast Stitch Wide Leg Jeans,Blue,£35,https://cdn.pixiegirl.com/Images/ProductImages/Big/eaafd071-cde4-48_225111_21.jpg,,,,,
Pixie Girl,Knitwear,https://www.pixiegirl.com/pixiegirl-blue-knitted-ombre-jumper-p,https://cdn.pixiegirl.com/Images/ProductImages/Big/09949e65-b185-45_225073_A.jpg,PixieGirl Blue Knitted Ombre Jumper,Blue,£34.99,https://cdn.pixiegirl.com/Images/ProductImages/Big/09949e65-b185-45_225073_A.jpg,,,,,
Pixie Girl,Dresses,https://www.pixiegirl.com/blue-ditsy-ls-empire-midaxi-drs-p,https://cdn.pixiegirl.com/Images/ProductImages/Big/56ba77f5-53e6-41_224033_A.jpg,PixieGirl Navy Blue Ditsy Print Midaxi Dress,Blue,£29.99,https://cdn.pixiegirl.com/Images/ProductImages/Big/56ba77f5-53e6-41_224033_A.jpg,,,,,
Pixie Girl,Knitwear,https://www.pixiegirl.com/pixiegirl-royal-blue-chenille-high-neck-jumper-p,https://cdn.pixiegirl.com/Images/ProductImages/Big/a8478fcd-4746-49_225095_A.jpg,PixieGirl Royal Blue Chenille High Neck Jumper,Blue,£29.99,https://cdn.pixiegirl.com/Images/ProductImages/Big/a8478fcd-4746-49_225095_A.jpg,https://cdn.pixiegirl.com/Images/ProductImages/Small/49e5ac52-c946-42_225094_X.jpg,,,,
Pixie Girl,Nightwear & Loungewear,https://www.pixiegirl.com/pixiegirl-navy-blue-cuffed-joggers-p,https://cdn.pixiegirl.com/Images/ProductImages/Big/b05f1360-8cdb-4a_225126_A.jpg,PixieGirl Navy Blue Cuffed Joggers,Blue,£19,https://cdn.pixiegirl.com/Images/ProductImages/Big/b05f1360-8cdb-4a_225126_A.jpg,https://cdn.pixiegirl.com/Images/ProductImages/Small/49405b50-4ff2-44_223930_X.jpg,https://cdn.pixiegirl.com/Images/ProductImages/Small/4ab8e1fd-1771-47_225124_X.jpg,https://cdn.pixiegirl.com/Images/ProductImages/Small/7655f81e-f700-49_225122_X.jpg,,
Pixie Girl,Jeans,https://www.pixiegirl.com/petite-indigo-blue-skinny-stretch-jeans-p,https://cdn.pixiegirl.com/Images/ProductImages/Big/7f30664c-94b0-47_222032_C.jpg,PixieGirl Indigo Blue Skinny Stretch AVA Jeans,Blue,£29.99,https://cdn.pixiegirl.com/Images/ProductImages/Big/7f30664c-94b0-47_222032_C.jpg,https://cdn.pixiegirl.com/Images/ProductImages/Small/4a544390-729e-4e_222033_X.jpg,https://cdn.pixiegirl.com/Images/ProductImages/Small/3cb66eb7-a26b-4d_222258_X.jpg,https://cdn.pixiegirl.com/Images/ProductImages/Small/1682e3d6-84f1-47_222259_X.jpg,,
Pixie Girl,Tops,https://www.pixiegirl.com/navy-v-neck-tunic-p,https://cdn.pixiegirl.com/Images/ProductImages/Big/ad929174-884d-43_223018_A.jpg,PixieGirl Navy Blue V-Neck Knitted Tunic Top,Blue,£29.99,https://cdn.pixiegirl.com/Images/ProductImages/Big/ad929174-884d-43_223018_A.jpg,,,,,
Pixie Girl,Dresses,https://www.pixiegirl.com/pixiegirl-blue-asymmetric-tiered-maxi-dress-p,https://cdn.pixiegirl.com/Images/ProductImages/Big/3888d387-61a6-4c_224547_A.jpg,PixieGirl Blue Asymmetric Tiered Maxi Dress,Blue,£26.99,https://cdn.pixiegirl.com/Images/ProductImages/Big/3888d387-61a6-4c_224547_A.jpg,https://cdn.pixiegirl.com/Images/ProductImages/Small/bc695590-d21c-40_224546_X.jpg,https://cdn.pixiegirl.com/Images/ProductImages/Small/c4086015-0801-4e_224548_X.jpg,https://cdn.pixiegirl.com/Images/ProductImages/Small/5e534a37-4bab-41_224992_X.jpg,,
Pixie Girl,Nightwear & Loungewear,https://www.pixiegirl.com/pixiegirl-blue-broderie-anglaise-dressing-gown-p,https://cdn.pixiegirl.com/Images/ProductImages/Big/737bdc47-d283-4e_223216_A.jpg,PixieGirl Blue Broderie Anglaise Dressing Gown,Blue,£10,https://cdn.pixiegirl.com/Images/ProductImages/Big/737bdc47-d283-4e_223216_A.jpg,,,,(67% OFF),£29.99
Pixie Girl,Coats & Jackets,https://www.pixiegirl.com/pixiegirl-blue-blurred-check-print-longline-shacket-p,https://cdn.pixiegirl.com/Images/ProductImages/Big/cca529ea-196e-46_225422_1.jpg,PixieGirl Blue Blurred Check Print Longline Shacket,Blue,£55,https://cdn.pixiegirl.com/Images/ProductImages/Big/cca529ea-196e-46_225422_1.jpg,,,,,
Pixie Girl,Tops,https://www.pixiegirl.com/blue-check-boyfriend-shirt-225541-p,https://cdn.pixiegirl.com/Images/ProductImages/Big/a9c1ac15-3b07-48_225541_A.jpg,PixieGirl Blue Woven Check Overshirt,Blue,£24.99,https://cdn.pixiegirl.com/Images/ProductImages/Big/a9c1ac15-3b07-48_225541_A.jpg,,,,,
Pixie Girl,Jumpsuits & Playsuits,https://www.pixiegirl.com/washed-blk-ss-zip-thru-jumpsuit-p,https://cdn.pixiegirl.com/Images/ProductImages/Big/43424bf7-f5a2-4e_224656_A.jpg,PixieGirl Blue Zip Through Jumpsuit,Blue,£15,https://cdn.pixiegirl.com/Images/ProductImages/Big/43424bf7-f5a2-4e_224656_A.jpg,,,,(57% OFF),£35
Pixie Girl,Tops,https://www.pixiegirl.com/petite-blue-oversized-cotton-shirt-p,https://cdn.pixiegirl.com/Images/ProductImages/Big/dcf61f5d-11a1-44_222181_C.jpg,PixieGirl Blue Oversized Cotton Shirt,Blue,£5,https://cdn.pixiegirl.com/Images/ProductImages/Big/dcf61f5d-11a1-44_222181_C.jpg,,,,(81% OFF),£26.99
Pixie Girl,Coats & Jackets,https://www.pixiegirl.com/pixiegirl-dark-blue-contrast-stitch-cropped-denim-jacket-p,https://cdn.pixiegirl.com/Images/ProductImages/Big/73494f86-31ea-44_225111_70.jpg,PixieGirl Dark Blue Contrast Stitch Cropped Denim Jacket,Blue,£39,https://cdn.pixiegirl.com/Images/ProductImages/Big/73494f86-31ea-44_225111_70.jpg,,,,,
Pixie Girl,Coats & Jackets,https://www.pixiegirl.com/pixiegirl-indigo-blue-denim-jacket-p,https://cdn.pixiegirl.com/Images/ProductImages/Big/51b51b59-dad1-44_224782_A.jpg,PixieGirl Indigo Blue Denim Jacket,Blue,£39.99,https://cdn.pixiegirl.com/Images/ProductImages/Big/51b51b59-dad1-44_224782_A.jpg,,,,,
Pixie Girl,Dresses,https://www.pixiegirl.com/pixiegirl-indigo-blue-denim-tie-waist-midi-dress-p,https://cdn.pixiegirl.com/Images/ProductImages/Big/635fcb28-afe9-47_225228_A.jpg,PixieGirl Indigo Blue Denim Tie Waist Midi Dress,Blue,£39.99,https://cdn.pixiegirl.com/Images/ProductImages/Big/635fcb28-afe9-47_225228_A.jpg,https://cdn.pixiegirl.com/Images/ProductImages/Small/190577af-3593-47_223225_X.jpg,https://cdn.pixiegirl.com/Images/ProductImages/Small/9603bfeb-9fbc-45_225229_X.jpg,https://cdn.pixiegirl.com/Images/ProductImages/Small/1727119a-d244-46_224042_X.jpg,,
Pixie Girl,Trousers,https://www.pixiegirl.com/pixiegirl-blue-floral-swirl-print-cropped-trousers-p,https://cdn.pixiegirl.com/Images/ProductImages/Big/17399883-02e2-45_225377_A.jpg,PixieGirl Blue Floral Swirl Print Cropped Trousers,Blue,£19.99,https://cdn.pixiegirl.com/Images/ProductImages/Big/17399883-02e2-45_225377_A.jpg,https://cdn.pixiegirl.com/Images/ProductImages/Small/ff3dadea-2d98-4b_225380_X.jpg,,,,
Pixie Girl,Jeans,https://www.pixiegirl.com/pixiegirl-blue-eyelet-detail-wide-leg-jeans-p,https://cdn.pixiegirl.com/Images/ProductImages/Big/bfaefc4e-f6a0-4e_225158_13.jpg,PixieGirl Blue Eyelet Detail Wide Leg Jeans,Blue,£35,https://cdn.pixiegirl.com/Images/ProductImages/Big/bfaefc4e-f6a0-4e_225158_13.jpg,,,,,
Pixie Girl,Jeans,https://www.pixiegirl.com/pixiegirl-indigo-blue-pocket-patch-flared-jeans-p,https://cdn.pixiegirl.com/Images/ProductImages/Big/da45879c-0a2f-4a_225338_10.jpg,PixieGirl Indigo Blue Pocket Patch Flared Jeans,Blue,£35,https://cdn.pixiegirl.com/Images/ProductImages/Big/da45879c-0a2f-4a_225338_10.jpg,,,,,
Pixie Girl,Jeans,https://www.pixiegirl.com/indigo-seam-front-kick-flare-j-p,https://cdn.pixiegirl.com/Images/ProductImages/Big/e0d0cb1c-c1c5-46_225340_A.jpg,PixieGirl Indigo Blue Seam Front Flared Jeans,Blue,£34.99,https://cdn.pixiegirl.com/Images/ProductImages/Big/e0d0cb1c-c1c5-46_225340_A.jpg,,,,,
Pixie Girl,Jeans,https://www.pixiegirl.com/pixiegirl-blue-washed-denim-seam-front-jeans-p,https://cdn.pixiegirl.com/Images/ProductImages/Big/650faf07-a8ce-4d_225347_26.jpg,PixieGirl Blue Washed Denim Seam Front Jeans,Blue,£34.99,https://cdn.pixiegirl.com/Images/ProductImages/Big/650faf07-a8ce-4d_225347_26.jpg,,,,,
Pixie Girl,Jeans,https://www.pixiegirl.com/petite-blue-distressed-skinny-ava-jeans-p,https://cdn.pixiegirl.com/Images/ProductImages/Big/721a416a-3ac8-45_222039_C.jpg,PixieGirl Blue Distressed Stretch Skinny AVA Jeans,Blue,£32.99,https://cdn.pixiegirl.com/Images/ProductImages/Big/721a416a-3ac8-45_222039_C.jpg,,,,,
Pixie Girl,Jumpsuits & Playsuits,https://www.pixiegirl.com/pixiegirl-blue-shirred-ditsy-print-playsuit-p,https://cdn.pixiegirl.com/Images/ProductImages/Big/f21944e0-ab7b-49_223173_A.jpg,PixieGirl Blue Shirred Ditsy Print Playsuit,Blue,£15,https://cdn.pixiegirl.com/Images/ProductImages/Big/f21944e0-ab7b-49_223173_A.jpg,https://cdn.pixiegirl.com/Images/ProductImages/Small/197b2452-e83c-48_223209_X.jpg,,,(40% OFF),£24.99
Pixie Girl,Skirts,https://www.pixiegirl.com/pixiegirl-blue-denim-midi-skirt-p,https://cdn.pixiegirl.com/Images/ProductImages/Big/c07b7f28-ab25-48_222933_A.jpg,PixieGirl Blue Denim Midi Skirt,Blue,£15,https://cdn.pixiegirl.com/Images/ProductImages/Big/c07b7f28-ab25-48_222933_A.jpg,https://cdn.pixiegirl.com/Images/ProductImages/Small/6a128ad8-6c6a-4f_223499_X.jpg,https://cdn.pixiegirl.com/Images/ProductImages/Small/8c65adbd-6a48-43_223811_X.jpg,https://cdn.pixiegirl.com/Images/ProductImages/Small/26e5bf4f-1ace-48_223926_X.jpg,(49% OFF),£29.50
Pixie Girl,Dresses,https://www.pixiegirl.com/blue-angel-slv-maxi-smock-dress-p,https://cdn.pixiegirl.com/Images/ProductImages/Big/ca1bafa5-cfa9-41_223524_A.jpg,PixieGirl Blue Blur Print Maxi Smock Dress,Blue,£15,https://cdn.pixiegirl.com/Images/ProductImages/Big/ca1bafa5-cfa9-41_223524_A.jpg,https://cdn.pixiegirl.com/Images/ProductImages/Small/4bbb4465-10e1-4c_223523_X.jpg,,,(50% OFF),£29.99
Pixie Girl,Tops,https://www.pixiegirl.com/blue-ls-viscose-shirt-p,https://cdn.pixiegirl.com/Images/ProductImages/Big/5cfc035c-a511-47_223713_A.jpg,PixieGirl Blue Long Sleeve Denim Shirt,Blue,£10,https://cdn.pixiegirl.com/Images/ProductImages/Big/5cfc035c-a511-47_223713_A.jpg,https://cdn.pixiegirl.com/Images/ProductImages/Small/10975035-008c-4a_223637_X.jpg,,,(60% OFF),£24.99
Pixie Girl,Knitwear,https://www.pixiegirl.com/pixiegirl-navy-blue-nyc-slogan-sweatshirt-p,https://cdn.pixiegirl.com/Images/ProductImages/Big/dfcc8a6c-d7ff-4e_224291.jpg,PixieGirl Navy Blue 'NYC' Print Jumper,Blue,£15,https://cdn.pixiegirl.com/Images/ProductImages/Big/dfcc8a6c-d7ff-4e_224291.jpg,https://cdn.pixiegirl.com/Images/ProductImages/Small/2ec3db44-6d98-49_224292_X.jpg,,,(40% OFF),£24.99
Pixie Girl,Dresses,https://www.pixiegirl.com/pixiegirl-blue-white-ikat-print-tiered-maxi-dress-p,https://cdn.pixiegirl.com/Images/ProductImages/Big/5910767f-c8e1-4f_224655_L6.jpg,PixieGirl Blue & White Ikat Print Tiered Maxi Dress,Blue,£10,https://cdn.pixiegirl.com/Images/ProductImages/Big/5910767f-c8e1-4f_224655_L6.jpg,,,,(67% OFF),£29.99
Pixie Girl,Skirts,https://www.pixiegirl.com/pixiegirl-dark-blue-pocket-patch-denim-skirt-p,https://cdn.pixiegirl.com/Images/ProductImages/Big/cfe4061e-97cc-45_225336_A.jpg,PixieGirl Dark Blue Pocket Patch Denim Skirt,Blue,£29.99,https://cdn.pixiegirl.com/Images/ProductImages/Big/cfe4061e-97cc-45_225336_A.jpg,,,,,
Pixie Girl,Nightwear & Loungewear,https://www.pixiegirl.com/pixiegirl-navy-blue-luxe-fleece-foil-star-pyjama-short-set-p,https://cdn.pixiegirl.com/Images/ProductImages/Big/70dd693a-db6a-40_225369_A.jpg,PixieGirl Navy Blue Luxe Fleece Foil Star Pyjama Short Set,Blue,£29.99,https://cdn.pixiegirl.com/Images/ProductImages/Big/70dd693a-db6a-40_225369_A.jpg,https://cdn.pixiegirl.com/Images/ProductImages/Small/bef68b13-61b4-4d_225353_X.jpg,,,,
Pixie Girl,Tops,https://www.pixiegirl.com/pixiegirl-2-pack-navy-blue-red-button-down-cami-tops-p,https://cdn.pixiegirl.com/Images/ProductImages/Big/dfc419cf-dccd-44_225420_MS.jpg,PixieGirl 2 PACK Navy Blue & Burgundy Red Button Down Cami Tops,Blue,£28.99,https://cdn.pixiegirl.com/Images/ProductImages/Big/dfc419cf-dccd-44_225420_MS.jpg,https://cdn.pixiegirl.com/Images/ProductImages/Small/c2586eee-4988-4e_224985_XS.jpg,https://cdn.pixiegirl.com/Images/ProductImages/Small/10eb6da6-af18-4b_224986_XS.jpg,https://cdn.pixiegirl.com/Images/ProductImages/Small/f3e3f643-8a6d-44_225421_XS.jpg,,
Pixie Girl,Dungarees,https://www.pixiegirl.com/denim-blue-dungaree-p,https://cdn.pixiegirl.com/Images/ProductImages/Big/2b3e9899-e117-49_224368_A.jpg,PixieGirl Light Blue Denim Wide Leg Dungarees,Blue,£35,https://cdn.pixiegirl.com/Images/ProductImages/Big/2b3e9899-e117-49_224368_A.jpg,,,,,
Pixie Girl,Dresses,https://www.pixiegirl.com/pixiegirl-blue-floral-print-tassel-maxi-dress-p,https://cdn.pixiegirl.com/Images/ProductImages/Big/4c02bb75-aff9-41_224653_A.jpg,PixieGirl Blue Floral Print Tassel Maxi Dress,Blue,£35,https://cdn.pixiegirl.com/Images/ProductImages/Big/4c02bb75-aff9-41_224653_A.jpg,,,,,
Pixie Girl,Dresses,https://www.pixiegirl.com/pixiegirl-navy-blue-leopard-print-smock-dress-p,https://cdn.pixiegirl.com/Images/ProductImages/Big/b8ad05f7-9ac4-45_225778_A.jpg,PixieGirl Navy Blue Leopard Print Smock Dress,Blue,£26.99,https://cdn.pixiegirl.com/Images/ProductImages/Big/b8ad05f7-9ac4-45_225778_A.jpg,https://cdn.pixiegirl.com/Images/ProductImages/Small/44c16118-6a88-4c_225777_X.jpg,,,,
Pixie Girl,Knitwear,https://www.pixiegirl.com/blue-button-side-jumper-p,https://cdn.pixiegirl.com/Images/ProductImages/Big/6d539aab-7464-4e_225089_A.jpg,PixieGirl Blue Curved Hemline Button Jumper,Blue,£26.99,https://cdn.pixiegirl.com/Images/ProductImages/Big/6d539aab-7464-4e_225089_A.jpg,https://cdn.pixiegirl.com/Images/ProductImages/Small/084913af-d3c0-47_225087_Z.jpg,,,,
Pixie Girl,Knitwear,https://www.pixiegirl.com/teal-cable-button-jumper-p,https://cdn.pixiegirl.com/Images/ProductImages/Big/4434e795-6511-4d_225100_A.jpg,PixieGirl Royal Blue Cable Knit Button Jumper,Blue,£29.99,https://cdn.pixiegirl.com/Images/ProductImages/Big/4434e795-6511-4d_225100_A.jpg,https://cdn.pixiegirl.com/Images/ProductImages/Small/31b336ae-5d2e-40_225102_X.jpg,https://cdn.pixiegirl.com/Images/ProductImages/Small/087112c1-e8d6-44_225101_X.jpg,,,
Pixie Girl,Tops,https://www.pixiegirl.com/blue-rib-boxy-t-shirt-p,https://cdn.pixiegirl.com/Images/ProductImages/Big/b0658990-edf1-41_224663_A.jpg,PixieGirl Blue Ribbed Boxy T-Shirt,Blue,£14.99,https://cdn.pixiegirl.com/Images/ProductImages/Big/b0658990-edf1-41_224663_A.jpg,https://cdn.pixiegirl.com/Images/ProductImages/Small/b579be89-cf62-44_224661_X.jpg,https://cdn.pixiegirl.com/Images/ProductImages/Small/81632b97-3d30-41_224662_X.jpg,,,
Pixie Girl,Skirts,https://www.pixiegirl.com/pixiegirl-blue-denim-panel-seam-skirt-p,https://cdn.pixiegirl.com/Images/ProductImages/Big/53923f8f-5958-48_225227_A.jpg,PixieGirl Blue Denim Panel Seam Skirt,Blue,£29.99,https://cdn.pixiegirl.com/Images/ProductImages/Big/53923f8f-5958-48_225227_A.jpg,,,,,
Pixie Girl,Tops,https://www.pixiegirl.com/pixiegirl-blue-tile-print-short-sleeve-shirt-p,https://cdn.pixiegirl.com/Images/ProductImages/Big/7de8bef3-01ba-4a_224756_D.jpg,PixieGirl Blue Tile Print Short Sleeve Shirt,Blue,£24.99,https://cdn.pixiegirl.com/Images/ProductImages/Big/7de8bef3-01ba-4a_224756_D.jpg,,,,,
Pixie Girl,Skirts,https://www.pixiegirl.com/navy-paisley-tiered-maxi-skirt-p,https://cdn.pixiegirl.com/Images/ProductImages/Big/13006228-f0f6-4a_225295_A.jpg,PixieGirl Navy Blue Paisley Print Tiered Maxi Skirt,Blue,£26.99,https://cdn.pixiegirl.com/Images/ProductImages/Big/13006228-f0f6-4a_225295_A.jpg,,,,,
Pixie Girl,Jeans,https://www.pixiegirl.com/blue-barrel-jean-p,https://cdn.pixiegirl.com/Images/ProductImages/Big/e10b3082-f574-41_224292_225426_2.jpg,PixieGirl Dark Blue Barrel Leg Jeans,Blue,£29.99,https://cdn.pixiegirl.com/Images/ProductImages/Big/e10b3082-f574-41_224292_225426_2.jpg,,,,,
Pixie Girl,Dresses,https://www.pixiegirl.com/blue-stripe-midi-dress-p,https://cdn.pixiegirl.com/Images/ProductImages/Big/65cbfb95-3910-49_224792_B.jpg,PixieGirl Blue Striped Midi Slip Dress,Blue,£10,https://cdn.pixiegirl.com/Images/ProductImages/Big/65cbfb95-3910-49_224792_B.jpg,https://cdn.pixiegirl.com/Images/ProductImages/Small/cac85b1d-ff30-4b_224807_X.jpg,,,(67% OFF),£29.99
Pixie Girl,Leggings & Jeggings,https://www.pixiegirl.com/blue-jenny-jegging-p,https://cdn.pixiegirl.com/Images/ProductImages/Big/7c564393-f4c1-40_225534_A.jpg,PixieGirl Dark Blue JENNY Jeggings,Blue,£22.99,https://cdn.pixiegirl.com/Images/ProductImages/Big/7c564393-f4c1-40_225534_A.jpg,https://cdn.pixiegirl.com/Images/ProductImages/Small/eefb68b9-5da4-40_225533_X.jpg,,,,
Pixie Girl,Nightwear & Loungewear,https://www.pixiegirl.com/pixiegirl-blue-star-print-short-sleeve-pyjama-set-p,https://cdn.pixiegirl.com/Images/ProductImages/Big/d10d3899-2d28-4b_225583_A.jpg,PixieGirl Blue Star Print Short Sleeve Pyjama Set,Blue,£22,https://cdn.pixiegirl.com/Images/ProductImages/Big/d10d3899-2d28-4b_225583_A.jpg,,,,,
Pixie Girl,Dresses,https://www.pixiegirl.com/blu-ditsy-v-nk-fttr-slv-midi-drs-p,https://cdn.pixiegirl.com/Images/ProductImages/Big/44bba436-25a1-4b_225135_A.jpg,PixieGirl Dark Blue Ditsy Floral Print Midi Dress,Blue,£26.99,https://cdn.pixiegirl.com/Images/ProductImages/Big/44bba436-25a1-4b_225135_A.jpg,https://cdn.pixiegirl.com/Images/ProductImages/Small/d38f1321-8c2e-47_225136_X.jpg,,,,
Pixie Girl,Tops,https://www.pixiegirl.com/blue-ruch-front-ls-top-p,https://cdn.pixiegirl.com/Images/ProductImages/Big/2a1338ff-1d56-41_222728_A.jpg,PixieGirl Blue Floral Ruched Front Top,Blue,£5,https://cdn.pixiegirl.com/Images/ProductImages/Big/2a1338ff-1d56-41_222728_A.jpg,,,,(78% OFF),£22.99
Pixie Girl,Trousers,https://www.pixiegirl.com/blue-crepe-crop-trs-p,https://cdn.pixiegirl.com/Images/ProductImages/Big/62e8a171-c0a7-48_223239_A.jpg,PixieGirl Blue Cropped Trousers,Blue,£10,https://cdn.pixiegirl.com/Images/ProductImages/Big/62e8a171-c0a7-48_223239_A.jpg,,,,(57% OFF),£22.99
Pixie Girl,Dresses,https://www.pixiegirl.com/pixiegirl-blue-floral-print-midaxi-dress-p,https://cdn.pixiegirl.com/Images/ProductImages/Big/256e5d5a-7604-47_223355_A.jpg,PixieGirl Blue Floral Print Midaxi Dress,Blue,£10,https://cdn.pixiegirl.com/Images/ProductImages/Big/256e5d5a-7604-47_223355_A.jpg,,,,(67% OFF),£29.99
Pixie Girl,Nightwear & Loungewear,https://www.pixiegirl.com/pixiegirl-blue-broderie-anglaise-wide-leg-pyjama-bottoms-p,https://cdn.pixiegirl.com/Images/ProductImages/Big/34c3c236-d7fd-49_223220_A.jpg,PixieGirl Blue Broderie Anglaise Wide Leg Pyjama Bottoms,Blue,£10,https://cdn.pixiegirl.com/Images/ProductImages/Big/34c3c236-d7fd-49_223220_A.jpg,,,,(60% OFF),£24.99
Pixie Girl,Tops,https://www.pixiegirl.com/pixiegirl-blue-broderie-anglaise-cami-pyjama-top-p,https://cdn.pixiegirl.com/Images/ProductImages/Big/7b2ae3ad-8768-49_223215_A.jpg,PixieGirl Blue Broderie Anglaise Cami Pyjama Top,Blue,£10,https://cdn.pixiegirl.com/Images/ProductImages/Big/7b2ae3ad-8768-49_223215_A.jpg,,,,(55% OFF),£21.99
Pixie Girl,Dresses,https://www.pixiegirl.com/blue-vintage-floral-midi-dress-p,https://cdn.pixiegirl.com/Images/ProductImages/Big/89dc8f64-4db9-47_224697_A.jpg,PixieGirl Light Blue Floral Print V-Neck Midi Dress,Blue,£10,https://cdn.pixiegirl.com/Images/ProductImages/Big/89dc8f64-4db9-47_224697_A.jpg,https://cdn.pixiegirl.com/Images/ProductImages/Small/23f31629-82c2-40_224696_X.jpg,,,(63% OFF),£26.99
Pixie Girl,Dresses,https://www.pixiegirl.com/blue-ditsy-puff-slv-midi-dress-p,https://cdn.pixiegirl.com/Images/ProductImages/Big/8d60ec4c-2452-40_224797_A.jpg,PixieGirl Blue & Pink Floral Print Puff Sleeve Midi Dress,Blue,£10,https://cdn.pixiegirl.com/Images/ProductImages/Big/8d60ec4c-2452-40_224797_A.jpg,https://cdn.pixiegirl.com/Images/ProductImages/Small/e2b8867a-4c51-4e_224798_X.jpg,,,(63% OFF),£26.99
Pixie Girl,Tops,https://www.pixiegirl.com/blue-do-what-makes-you-happy-slogan-print-oversized-sweatshirt-p,https://cdn.pixiegirl.com/Images/ProductImages/Big/408f4dcb-26d6-40_224887_A.jpg,Blue 'Do What Makes You Happy' Slogan Print Oversized Sweatshirt,Blue,£10,https://cdn.pixiegirl.com/Images/ProductImages/Big/408f4dcb-26d6-40_224887_A.jpg,https://cdn.pixiegirl.com/Images/ProductImages/Small/3d35d2c4-f6d1-44_224885_X.jpg,,,(57% OFF),£22.99
Pixie Girl,Dresses,https://www.pixiegirl.com/pixiegirl-navy-blue-floral-print-mesh-wrap-dress-p,https://cdn.pixiegirl.com/Images/ProductImages/Big/88955b54-19d3-4c_225257_A.jpg,PixieGirl Navy Blue Floral Print Mesh Wrap Dress,Blue,£10,https://cdn.pixiegirl.com/Images/ProductImages/Big/88955b54-19d3-4c_225257_A.jpg,https://cdn.pixiegirl.com/Images/ProductImages/Small/0dc9fc92-6d11-46_225258_X.jpg,,,(71% OFF),£34.99
Pixie Girl,Trousers,https://www.pixiegirl.com/navy-ribbed-kick-flare-trs-p,https://cdn.pixiegirl.com/Images/ProductImages/Big/3ade1752-649c-44_224997_A.jpg,PixieGirl Navy Blue Ribbed Flared Trousers,Blue,£19.99,https://cdn.pixiegirl.com/Images/ProductImages/Big/3ade1752-649c-44_224997_A.jpg,https://cdn.pixiegirl.com/Images/ProductImages/Small/4ab33ba3-536c-40_224998_X.jpg,,,,
Pixie Girl,Tops,https://www.pixiegirl.com/pixiegirl-navy-blue-button-henley-top-p,https://cdn.pixiegirl.com/Images/ProductImages/Big/47ae4848-81db-46_225471_A.jpg,PixieGirl Navy Blue Button Henley Top,Blue,£17.99,https://cdn.pixiegirl.com/Images/ProductImages/Big/47ae4848-81db-46_225471_A.jpg,https://cdn.pixiegirl.com/Images/ProductImages/Small/229f19fb-32ca-4c_225468_X.jpg,https://cdn.pixiegirl.com/Images/ProductImages/Small/c22df4cd-b1c8-49_225469_X.jpg,https://cdn.pixiegirl.com/Images/ProductImages/Small/f3703600-ccba-44_225470_X.jpg,,
Pixie Girl,Tops,https://www.pixiegirl.com/blue-button-smock-top-p,https://cdn.pixiegirl.com/Images/ProductImages/Big/91e4fab9-db32-45_225424_A.jpg,PixieGirl Blue Ribbed Button Detail Smock Top,Blue,£17.99,https://cdn.pixiegirl.com/Images/ProductImages/Big/91e4fab9-db32-45_225424_A.jpg,https://cdn.pixiegirl.com/Images/ProductImages/Small/ff68fae4-574b-48_224665_X.jpg,https://cdn.pixiegirl.com/Images/ProductImages/Small/af4d061d-dbe8-43_224664_X.jpg,,,
Pixie Girl,Jeans,https://www.pixiegirl.com/petite-mid-blue-skinny-jeans-p,https://cdn.pixiegirl.com/Images/ProductImages/Big/f1eb5168-8951-45_222105_A.jpg,PixieGirl MADE FOR GOOD Mid Blue Stretch Skinny Jeans,Blue,£15,https://cdn.pixiegirl.com/Images/ProductImages/Big/f1eb5168-8951-45_222105_A.jpg,https://cdn.pixiegirl.com/Images/ProductImages/Small/3b658fdf-41a0-4d_222108_X.jpg,,,(62% OFF),£39.99
Pixie Girl,Dresses,https://www.pixiegirl.com/pixiegirl-blue-ditsy-print-long-sleeve-smock-dress-p,https://cdn.pixiegirl.com/Images/ProductImages/Big/c0213d80-a5b4-45_223486_A.jpg,PixieGirl Blue Ditsy Print Long Sleeve Smock Dress,Blue,£15,https://cdn.pixiegirl.com/Images/ProductImages/Big/c0213d80-a5b4-45_223486_A.jpg,https://cdn.pixiegirl.com/Images/ProductImages/Small/2b5a0ce1-0ee3-48_223487_X.jpg,,,(44% OFF),£26.99
Pixie Girl,Shorts,https://www.pixiegirl.com/stripe-short-p,https://cdn.pixiegirl.com/Images/ProductImages/Big/13c4875a-50c8-48_224539_A.jpg,PixieGirl Navy Blue Stripe Shorts,Blue,£10,https://cdn.pixiegirl.com/Images/ProductImages/Big/13c4875a-50c8-48_224539_A.jpg,,,,(44% OFF),£17.99
Pixie Girl,Jeans,https://www.pixiegirl.com/mom-blue-jean-27in-p,https://cdn.pixiegirl.com/Images/ProductImages/Big/c68421e4-7ab8-47_222055_A.jpg,PixieGirl Blue Mom Jeans,Blue,£10,https://cdn.pixiegirl.com/Images/ProductImages/Big/c68421e4-7ab8-47_222055_A.jpg,https://cdn.pixiegirl.com/Images/ProductImages/Small/5efd5d89-68b4-46_222053_X.jpg,https://cdn.pixiegirl.com/Images/ProductImages/Small/bfdab707-3568-42_222054_X.jpg,,(70% OFF),£32.99
Pixie Girl,Jeans,https://www.pixiegirl.com/mom-distressed-jean-27in-p,https://cdn.pixiegirl.com/Images/ProductImages/Big/d99a1746-8b48-41_222054_A.jpg,PixieGirl Blue Distressed Mom Jeans,Blue,£10,https://cdn.pixiegirl.com/Images/ProductImages/Big/d99a1746-8b48-41_222054_A.jpg,https://cdn.pixiegirl.com/Images/ProductImages/Small/5efd5d89-68b4-46_222053_X.jpg,https://cdn.pixiegirl.com/Images/ProductImages/Small/1a131516-9e3b-4f_222055_X.jpg,,(70% OFF),£32.99
Pixie Girl,Tops,https://www.pixiegirl.com/petite-blue-animal-print-p,https://cdn.pixiegirl.com/Images/ProductImages/Big/eb84ad13-416f-48_222864_A.jpg,PixieGirl Blue Leopard Print Jersey Top,Blue,£10,https://cdn.pixiegirl.com/Images/ProductImages/Big/eb84ad13-416f-48_222864_A.jpg,,,,(50% OFF),£19.99
Pixie Girl,Jumpsuits & Playsuits,https://www.pixiegirl.com/pixiegirl-blue-swirl-print-wide-leg-jumpsuit-p,https://cdn.pixiegirl.com/Images/ProductImages/Big/47f96ef7-d916-44_223174_A.jpg,PixieGirl Blue Swirl Print Wide Leg Jumpsuit,Blue,£10,https://cdn.pixiegirl.com/Images/ProductImages/Big/47f96ef7-d916-44_223174_A.jpg,,,,(67% OFF),£29.99
Pixie Girl,Tops,https://www.pixiegirl.com/pixiegirl-blue-acid-wash-zip-up-vest-p,https://cdn.pixiegirl.com/Images/ProductImages/Big/6578f312-a50d-49_223956.jpg,PixieGirl Blue Acid Wash Zip Up Vest,Blue,£5,https://cdn.pixiegirl.com/Images/ProductImages/Big/6578f312-a50d-49_223956.jpg,https://cdn.pixiegirl.com/Images/ProductImages/Small/8343ffe8-e09d-4c_223955_X.jpg,,,(62% OFF),£12.99
Pixie Girl,Tops,https://www.pixiegirl.com/blue-denim-waistcoat-p,https://cdn.pixiegirl.com/Images/ProductImages/Big/aba772c9-93c9-4b_225437_223987_345.jpg,PixieGirl Blue Denim Waistcoat,Blue,£10,https://cdn.pixiegirl.com/Images/ProductImages/Big/aba772c9-93c9-4b_225437_223987_345.jpg,,,,(57% OFF),£22.99
Pixie Girl,Trousers,https://www.pixiegirl.com/pixiegirl-blue-tile-print-wide-leg-trousers-p,https://cdn.pixiegirl.com/Images/ProductImages/Big/d87947fc-4808-43_224756_224757_L5.jpg,PixieGirl Blue Tile Print Wide Leg Trousers,Blue,£10,https://cdn.pixiegirl.com/Images/ProductImages/Big/d87947fc-4808-43_224756_224757_L5.jpg,,,,(60% OFF),£24.99
Pixie Girl,Tops,https://www.pixiegirl.com/petite-teal-blue-lettuce-hem-long-sleeve-top-p,https://cdn.pixiegirl.com/Images/ProductImages/Big/73ef0675-c77e-46_222366_A.jpg,PixieGirl Teal Blue Lettuce Hem Long Sleeve Top,Blue,£3,https://cdn.pixiegirl.com/Images/ProductImages/Big/73ef0675-c77e-46_222366_A.jpg,https://cdn.pixiegirl.com/Images/ProductImages/Small/8db0a80d-20d0-4f_222368_X.jpg,,,(77% OFF),£12.99
Pixie Girl,Tops,https://www.pixiegirl.com/petite-navy-blue-dipped-hem-vest-top-p,https://cdn.pixiegirl.com/Images/ProductImages/Big/14dcc7a3-76be-48_222013_A.jpg,PixieGirl Navy Blue Dipped Hem Vest Top,Blue,£5,https://cdn.pixiegirl.com/Images/ProductImages/Big/14dcc7a3-76be-48_222013_A.jpg,https://cdn.pixiegirl.com/Images/ProductImages/Small/06177d16-27c5-40_222011_X.jpg,https://cdn.pixiegirl.com/Images/ProductImages/Small/fd4639ef-bd28-4c_222012_X.jpg,https://cdn.pixiegirl.com/Images/ProductImages/Small/8201f17e-42d3-45_222014_X.jpg,(44% OFF),£8.99
Pixie Girl,Dresses,https://www.pixiegirl.com/petite-cobalt-blue-one-shoulder-midi-dress-p,https://cdn.pixiegirl.com/Images/ProductImages/Big/aa2f4fc5-75d4-44_222217_A.jpg,PixieGirl Cobalt Blue Ruched One Shoulder Midi Dress,Blue,£5,https://cdn.pixiegirl.com/Images/ProductImages/Big/aa2f4fc5-75d4-44_222217_A.jpg,https://cdn.pixiegirl.com/Images/ProductImages/Small/4607b602-85b7-46_222219_X.jpg,,,(82% OFF),£28
Pixie Girl,Tops,https://www.pixiegirl.com/navy-active-rib-bralet-p,https://cdn.pixiegirl.com/Images/ProductImages/Big/0a51373c-426f-4c_224738_A.jpg,PixieGirl Navy Blue Ribbed Bralette,Blue,£5,https://cdn.pixiegirl.com/Images/ProductImages/Big/0a51373c-426f-4c_224738_A.jpg,https://cdn.pixiegirl.com/Images/ProductImages/Small/32371d6e-db9d-4c_224737_X.jpg,,,(55% OFF),£10.99
Pixie Girl,Jeans,https://www.pixiegirl.com/petite-dark-blue-skinny-jeans-p,https://cdn.pixiegirl.com/Images/ProductImages/Big/610df226-8792-46_222108_C.jpg,PixieGirl MADE FOR GOOD Dark Blue Stretch Skinny Jeans,Blue,£10,https://cdn.pixiegirl.com/Images/ProductImages/Big/610df226-8792-46_222108_C.jpg,https://cdn.pixiegirl.com/Images/ProductImages/Small/10b4a191-1f26-46_222106-222105_X.jpg,,,(75% OFF),£39.99
Pixie Girl,Leggings & Jeggings,https://www.pixiegirl.com/petite-indigo-blue-jeggings-p,https://cdn.pixiegirl.com/Images/ProductImages/Big/2316a6aa-1bbf-44_222030_C.jpg,PixieGirl Indigo Blue Stretch JENNY Jeggings,Blue,£22.99,https://cdn.pixiegirl.com/Images/ProductImages/Big/2316a6aa-1bbf-44_222030_C.jpg,https://cdn.pixiegirl.com/Images/ProductImages/Small/9c5e9f5b-ffe6-43_222100_X.jpg,,,,
Pixie Girl,Tops,https://www.pixiegirl.com/petite-blue-ribbed-racer-bodysuit-p,https://cdn.pixiegirl.com/Images/ProductImages/Big/9dc9358d-2b58-41_222173_A.jpg,PixieGirl Blue Ribbed Racer Back Bodysuit,Blue,£3,https://cdn.pixiegirl.com/Images/ProductImages/Big/9dc9358d-2b58-41_222173_A.jpg,https://cdn.pixiegirl.com/Images/ProductImages/Small/74f9cfbb-834c-40_222172_X.jpg,,,(81% OFF),£15.99
Pixie Girl,Shorts,https://www.pixiegirl.com/petite-blue-scuba-shorts-p,https://cdn.pixiegirl.com/Images/ProductImages/Big/aa776893-add0-4e_222183_A.jpg,PixieGirl Light Blue Stretch Scuba Shorts,Blue,£5,https://cdn.pixiegirl.com/Images/ProductImages/Big/aa776893-add0-4e_222183_A.jpg,https://cdn.pixiegirl.com/Images/ProductImages/Small/d6908571-558d-4c_222415_X.jpg,https://cdn.pixiegirl.com/Images/ProductImages/Small/bf161307-0dae-4a_222413_X.jpg,,(72% OFF),£17.99
Pixie Girl,Coats & Jackets,https://www.pixiegirl.com/petite-blue-distressed-denim-jacket-p,https://cdn.pixiegirl.com/Images/ProductImages/Big/636df02e-7185-47_222230_A.jpg,PixieGirl Mid Blue Distressed Denim Jacket,Blue,£29.99,https://cdn.pixiegirl.com/Images/ProductImages/Big/636df02e-7185-47_222230_A.jpg,https://cdn.pixiegirl.com/Images/ProductImages/Small/a0eefd6e-dd83-45_222231_X.jpg,,,,
Pixie Girl,Tops,https://www.pixiegirl.com/petite-blue-ribbed-knitted-vest-top-p,https://cdn.pixiegirl.com/Images/ProductImages/Big/7f65211b-d3a0-40_222161_A.jpg,PixieGirl Blue V-Neck Ribbed Knitted Vest Top,Blue,£3,https://cdn.pixiegirl.com/Images/ProductImages/Big/7f65211b-d3a0-40_222161_A.jpg,,,,(87% OFF),£22.99
Pixie Girl,Dresses,https://www.pixiegirl.com/petite-cobalt-blue-bandeau-midi-dress-p,https://cdn.pixiegirl.com/Images/ProductImages/Big/bfce8b5b-da5a-4f_222319_C.jpg,PixieGirl Cobalt Blue Bandeau Midi Dress,Blue,£5,https://cdn.pixiegirl.com/Images/ProductImages/Big/bfce8b5b-da5a-4f_222319_C.jpg,https://cdn.pixiegirl.com/Images/ProductImages/Small/c7880e73-1635-49_222147_X.jpg,https://cdn.pixiegirl.com/Images/ProductImages/Small/caba3bad-6070-47_222411_X.jpg,,(80% OFF),£24.99
Pixie Girl,Dresses,https://www.pixiegirl.com/petite-navy-blue-floral-wrap-dress-p,https://cdn.pixiegirl.com/Images/ProductImages/Big/16487ade-9b7b-49_222262_A.jpg,PixieGirl Navy Blue Floral Print Wrap Dress,Blue,£10,https://cdn.pixiegirl.com/Images/ProductImages/Big/16487ade-9b7b-49_222262_A.jpg,,,,(71% OFF),£34.99
Pixie Girl,Dresses,https://www.pixiegirl.com/petite-blue-ditsy-floral-wrap-dress-p,https://cdn.pixiegirl.com/Images/ProductImages/Big/fa646a4a-d7f2-4d_222261_A.jpg,PixieGirl Blue Ditsy Floral Wrap Dress,Blue,£15,https://cdn.pixiegirl.com/Images/ProductImages/Big/fa646a4a-d7f2-4d_222261_A.jpg,,,,(44% OFF),£26.99
Pixie Girl,Coats & Jackets,https://www.pixiegirl.com/petite-blue-denim-jacket-p,https://cdn.pixiegirl.com/Images/ProductImages/Big/503b2a02-7731-4d_222273_A.jpg,PixieGirl Blue Denim Jacket,Blue,£39.99,https://cdn.pixiegirl.com/Images/ProductImages/Big/503b2a02-7731-4d_222273_A.jpg,https://cdn.pixiegirl.com/Images/ProductImages/Small/fe323f1a-baf7-4f_222274_X.jpg,,,,
Pixie Girl,Coats & Jackets,https://www.pixiegirl.com/petite-blue-belted-utility-jacket-p,https://cdn.pixiegirl.com/Images/ProductImages/Big/50622934-160b-4b_222409_A.jpg,PixieGirl Blue Belted Utility Denim Jacket,Blue,£32,https://cdn.pixiegirl.com/Images/ProductImages/Big/50622934-160b-4b_222409_A.jpg,https://cdn.pixiegirl.com/Images/ProductImages/Small/8a56f05f-9426-43_222410_X.jpg,,,,
Pixie Girl,Dresses,https://www.pixiegirl.com/petite-cobalt-blue-diamante-strap-satin-midi-slip-dress-p,https://cdn.pixiegirl.com/Images/ProductImages/Big/b8a2a4ba-d051-43_222488_A.jpg,PixieGirl Cobalt Blue Diamante Strap Satin Midi Slip Dress,Blue,£10,https://cdn.pixiegirl.com/Images/ProductImages/Big/b8a2a4ba-d051-43_222488_A.jpg,,,,(67% OFF),£29.99
Pixie Girl,Tops,https://www.pixiegirl.com/blue-crochet-top-p,https://cdn.pixiegirl.com/Images/ProductImages/Big/e7b388c4-3240-40_222613_A.jpg,PixieGirl Light Blue Crochet Top,Blue,£10,https://cdn.pixiegirl.com/Images/ProductImages/Big/e7b388c4-3240-40_222613_A.jpg,,,,(63% OFF),£26.99
Pixie Girl,Dresses,https://www.pixiegirl.com/petite-blue-animal-print-wrap-dress-p,https://cdn.pixiegirl.com/Images/ProductImages/Big/8faa8f9d-1d29-4e_222855_A.jpg,PixieGirl Blue Animal Print Wrap Dress,Blue,£15,https://cdn.pixiegirl.com/Images/ProductImages/Big/8faa8f9d-1d29-4e_222855_A.jpg,,,,(44% OFF),£26.99
Pixie Girl,Swimwear,https://www.pixiegirl.com/turquoise-crochet-tankini-p,https://cdn.pixiegirl.com/Images/ProductImages/Big/323cfc3f-60de-4c_222588_L2.jpg,PixieGirl Turquoise Blue Crochet Tankini,Blue,£15,https://cdn.pixiegirl.com/Images/ProductImages/Big/323cfc3f-60de-4c_222588_L2.jpg,https://cdn.pixiegirl.com/Images/ProductImages/Small/9a28137d-17ec-4d_222592_X.jpg,,,(65% OFF),£42.99
Pixie Girl,Shorts,https://www.pixiegirl.com/pixiegirl-navy-blue-stripe-print-shorts-p,https://cdn.pixiegirl.com/Images/ProductImages/Big/2a02063d-0c99-41_223176_A.jpg,PixieGirl Navy Blue Stripe Print Shorts,Blue,£5,https://cdn.pixiegirl.com/Images/ProductImages/Big/2a02063d-0c99-41_223176_A.jpg,,,,(72% OFF),£17.99
Pixie Girl,Trousers,https://www.pixiegirl.com/blue-aztec-wide-leg-crop-p,https://cdn.pixiegirl.com/Images/ProductImages/Big/c89d2844-c162-4b_223242_A.jpg,PixieGirl Navy Blue Aztec Cropped Wide Leg Trousers,Blue,£15,https://cdn.pixiegirl.com/Images/ProductImages/Big/c89d2844-c162-4b_223242_A.jpg,https://cdn.pixiegirl.com/Images/ProductImages/Small/8b691e4e-7ac3-4f_223241_X.jpg,,,(25% OFF),£19.99
Pixie Girl,Dresses,https://www.pixiegirl.com/pixiegirl-blue-ditsy-floral-midi-dress-p,https://cdn.pixiegirl.com/Images/ProductImages/Big/56db1ac1-1a17-4a_223333_A.jpg,PixieGirl Light Blue Ditsy Floral Print Midi Dress,Blue,£5,https://cdn.pixiegirl.com/Images/ProductImages/Big/56db1ac1-1a17-4a_223333_A.jpg,https://cdn.pixiegirl.com/Images/ProductImages/Small/49fb3e76-e54c-48_224622_X.jpg,https://cdn.pixiegirl.com/Images/ProductImages/Small/3f266817-d5ef-48_224623_X.jpg,,(81% OFF),£26.99
Pixie Girl,Jumpsuits & Playsuits,https://www.pixiegirl.com/blu-halter-ity-wide-leg-jumpsuit-p,https://cdn.pixiegirl.com/Images/ProductImages/Big/bc9b0ed3-d195-48_223393_A.jpg,PixieGirl Blue Halter Neck Wide Leg Jumpsuit,Blue,£10,https://cdn.pixiegirl.com/Images/ProductImages/Big/bc9b0ed3-d195-48_223393_A.jpg,,,,(67% OFF),£29.99
Pixie Girl,Jeans,https://www.pixiegirl.com/mid-blue-ava-skinny-jean-27in-p,https://cdn.pixiegirl.com/Images/ProductImages/Big/3717df70-321f-4d_223132_A.jpg,PixieGirl Mid Blue Skinny AVA Jeans,Blue,£29.99,https://cdn.pixiegirl.com/Images/ProductImages/Big/3717df70-321f-4d_223132_A.jpg,https://cdn.pixiegirl.com/Images/ProductImages/Small/c25a449c-fcc7-40_223131_X.jpg,,,,
Pixie Girl,Skirts,https://www.pixiegirl.com/blue-colour-block-midaxi-skirt-p,https://cdn.pixiegirl.com/Images/ProductImages/Big/6b794964-c572-4b_223517_A.jpg,PixieGirl Blue & Black Colour Block Midaxi Skirt,Blue,£5,https://cdn.pixiegirl.com/Images/ProductImages/Big/6b794964-c572-4b_223517_A.jpg,,,,(80% OFF),£24.99
Pixie Girl,Tops,https://www.pixiegirl.com/pixiegirl-blue-square-neck-spot-print-long-sleeve-top-p,https://cdn.pixiegirl.com/Images/ProductImages/Big/b0d40486-3392-44_223598_A.jpg,PixieGirl Blue Square Neck Spot Print Long Sleeve Top,Blue,£5,https://cdn.pixiegirl.com/Images/ProductImages/Big/b0d40486-3392-44_223598_A.jpg,https://cdn.pixiegirl.com/Images/ProductImages/Small/7883f211-e262-49_223614_XR.jpg,https://cdn.pixiegirl.com/Images/ProductImages/Small/c666ea98-0559-4e_223615_X.jpg,,(75% OFF),£19.99
Pixie Girl,Tops,https://www.pixiegirl.com/blue-multi-ditsy-ruch-ls-top-p,https://cdn.pixiegirl.com/Images/ProductImages/Big/0dbd9126-ff5c-4d_223586_A.jpg,PixieGirl Blue Ditsy Floral Print Ruched Front Top,Blue,£10,https://cdn.pixiegirl.com/Images/ProductImages/Big/0dbd9126-ff5c-4d_223586_A.jpg,https://cdn.pixiegirl.com/Images/ProductImages/Small/fca3962b-4cd9-4b_223588_X.jpg,,,(55% OFF),£22
Pixie Girl,Dresses,https://www.pixiegirl.com/blue-mult-ditsy-ls-ruch-front-dr-p,https://cdn.pixiegirl.com/Images/ProductImages/Big/10c89fea-f240-4e_223529_A.jpg,PixieGirl Blue Ditsy Floral Print Midi Dress,Blue,£19.50,https://cdn.pixiegirl.com/Images/ProductImages/Big/10c89fea-f240-4e_223529_A.jpg,,,,,
Pixie Girl,Trousers,https://www.pixiegirl.com/denim-parachute-trousers-p,https://cdn.pixiegirl.com/Images/ProductImages/Big/c971fb86-1d9e-41_223397_AK.jpg,PixieGirl Blue Denim Parachute Trousers,Blue,£34.99,https://cdn.pixiegirl.com/Images/ProductImages/Big/c971fb86-1d9e-41_223397_AK.jpg,,,,,
Pixie Girl,Coats & Jackets,https://www.pixiegirl.com/pixiegirl-navy-blue-formal-coat-p,https://cdn.pixiegirl.com/Images/ProductImages/Big/ecfd68c3-459a-49_222785_A.jpg,PixieGirl Navy Blue Formal Coat,Blue,£69.99,https://cdn.pixiegirl.com/Images/ProductImages/Big/ecfd68c3-459a-49_222785_A.jpg,,,,,
Pixie Girl,Dresses,https://www.pixiegirl.com/pixiegirl-pink-ditsy-floral-print-ruched-front-midi-dress-p,https://cdn.pixiegirl.com/Images/ProductImages/Big/c16a1e46-d871-48_223530_A.jpg,PixieGirl Pink Ditsy Floral Print Ruched Front Midi Dress,Blue,£26.99,https://cdn.pixiegirl.com/Images/ProductImages/Big/c16a1e46-d871-48_223530_A.jpg,,,,,
Pixie Girl,Tops,https://www.pixiegirl.com/blue-check-boyfriend-shirt-p,https://cdn.pixiegirl.com/Images/ProductImages/Big/92e46827-ee39-43_223503_A.jpg,PixieGirl Blue Check Print Boyfriend Shirt,Blue,£24.99,https://cdn.pixiegirl.com/Images/ProductImages/Big/92e46827-ee39-43_223503_A.jpg,,,,,
Pixie Girl,Dresses,https://www.pixiegirl.com/denim-button-thru-belted-dress-p,https://cdn.pixiegirl.com/Images/ProductImages/Small/9603bfeb-9fbc-45_225229_X.jpg,PixieGirl Dark Blue Denim Tie Waist Midi Dress,Blue,£39.99,https://cdn.pixiegirl.com/Images/ProductImages/Small/9603bfeb-9fbc-45_225229_X.jpg,https://cdn.pixiegirl.com/Images/ProductImages/Small/2eb8d276-c1a5-40_225228_X.jpg,https://cdn.pixiegirl.com/Images/ProductImages/Small/1727119a-d244-46_224042_X.jpg,,,
Pixie Girl,Coats & Jackets,https://www.pixiegirl.com/blue-denim-shacket-p,https://cdn.pixiegirl.com/Images/ProductImages/Big/1810a357-b541-4c_223441_L1.jpg,PixieGirl Blue Denim Shacket,Blue,£35,https://cdn.pixiegirl.com/Images/ProductImages/Big/1810a357-b541-4c_223441_L1.jpg,,,,,
Pixie Girl,Tops,https://www.pixiegirl.com/2pk-colorado-ss-tshirt-p,https://cdn.pixiegirl.com/Images/ProductImages/Big/1e147b0b-537c-4c_223780_MS.jpg,PixieGirl 2 PACK Navy Blue & White 'Colorado' Slogan T-Shirt,Blue,£19.99,https://cdn.pixiegirl.com/Images/ProductImages/Big/1e147b0b-537c-4c_223780_MS.jpg,,,,,
Pixie Girl,Knitwear,https://www.pixiegirl.com/pixiegirl-blue-raglan-jumper-p,https://cdn.pixiegirl.com/Images/ProductImages/Big/18715c36-6aca-41_224290_A.jpg,PixieGirl Blue Raglan Jumper,Blue,£24.99,https://cdn.pixiegirl.com/Images/ProductImages/Big/18715c36-6aca-41_224290_A.jpg,,,,,
Pixie Girl,Tops,https://www.pixiegirl.com/blue-cosy-ss-t-shirt-p,https://cdn.pixiegirl.com/Images/ProductImages/Big/3f20015d-cc3e-4a_224288_A.jpg,PixieGirl Blue Marl Short Sleeve T-Shirt,Blue,£10,https://cdn.pixiegirl.com/Images/ProductImages/Big/3f20015d-cc3e-4a_224288_A.jpg,https://cdn.pixiegirl.com/Images/ProductImages/Small/cc76fa87-1a20-4a_224289_X.jpg,,,(44% OFF),£17.99
Pixie Girl,Jeans,https://www.pixiegirl.com/pixiegirl-blue-straight-leg-jeans-p,https://cdn.pixiegirl.com/Images/ProductImages/Big/cbfc7f89-fa6d-4b_223650_L1.jpg,PixieGirl Blue Straight Leg Jeans,Blue,£29.99,https://cdn.pixiegirl.com/Images/ProductImages/Big/cbfc7f89-fa6d-4b_223650_L1.jpg,,,,,
Pixie Girl,Skirts,https://www.pixiegirl.com/ind-blue-denim-midi-skirt-p,https://cdn.pixiegirl.com/Images/ProductImages/Big/a12ba26d-a036-49_223926.jpg,PixieGirl Dark Blue Denim Midi Skirt,Blue,£29.99,https://cdn.pixiegirl.com/Images/ProductImages/Big/a12ba26d-a036-49_223926.jpg,https://cdn.pixiegirl.com/Images/ProductImages/Small/47fc105c-c403-48_222933_X.jpg,https://cdn.pixiegirl.com/Images/ProductImages/Small/6a128ad8-6c6a-4f_223499_X.jpg,https://cdn.pixiegirl.com/Images/ProductImages/Small/8c65adbd-6a48-43_223811_X.jpg,,
Pixie Girl,Dungarees,https://www.pixiegirl.com/pixiegirl-blue-denim-dungarees-p,https://cdn.pixiegirl.com/Images/ProductImages/Big/0f8b317b-e3a4-4a_223653_L1.jpg,PixieGirl Blue Denim Dungarees,Blue,£35,https://cdn.pixiegirl.com/Images/ProductImages/Big/0f8b317b-e3a4-4a_223653_L1.jpg,,,,,
Pixie Girl,Skirts,https://www.pixiegirl.com/dark-blue-maxi-skirt-p,https://cdn.pixiegirl.com/Images/ProductImages/Big/6e98e453-9a85-49_223731_A.jpg,PixieGirl Dark Blue Denim Split Maxi Skirt,Blue,£34.99,https://cdn.pixiegirl.com/Images/ProductImages/Big/6e98e453-9a85-49_223731_A.jpg,https://cdn.pixiegirl.com/Images/ProductImages/Small/1b23b6ac-0323-4a_223812_X.jpg,https://cdn.pixiegirl.com/Images/ProductImages/Small/16e32927-5dd7-40_224317_X.jpg,,,
Pixie Girl,Tops,https://www.pixiegirl.com/blue-check-boyfriend-shirt-223799-p,https://cdn.pixiegirl.com/Images/ProductImages/Big/b94bc605-b15f-47_223799_A.jpg,PixieGirl Blue Check Print Brushed Boyfriend Shirt,Blue,£24.99,https://cdn.pixiegirl.com/Images/ProductImages/Big/b94bc605-b15f-47_223799_A.jpg,https://cdn.pixiegirl.com/Images/ProductImages/Small/73456283-e2ca-47_223800_X.jpg,,,,
Pixie Girl,Jeans,https://www.pixiegirl.com/indigo-utility-jean-p,https://cdn.pixiegirl.com/Images/ProductImages/Big/8e3fc570-d261-4b_223809.jpg,PixieGirl Indigo Blue Utility Cargo Jeans,Blue,£34.99,https://cdn.pixiegirl.com/Images/ProductImages/Big/8e3fc570-d261-4b_223809.jpg,,,,,
Pixie Girl,Jeans,https://www.pixiegirl.com/pixiegirl-light-blue-seam-front-detail-kick-flare-jeans-p,https://cdn.pixiegirl.com/Images/ProductImages/Big/4d2d6c20-4d15-4a_225300_223990_4.jpg,PixieGirl Light Blue Seam Front Kick Flare Jeans,Blue,£35,https://cdn.pixiegirl.com/Images/ProductImages/Big/4d2d6c20-4d15-4a_225300_223990_4.jpg,,,,,
Pixie Girl,Dresses,https://www.pixiegirl.com/distressed-ribbed-dress-acid-blu-p,https://cdn.pixiegirl.com/Images/ProductImages/Big/fbf8da74-48bc-4a_224006_A.jpg,PixieGirl Blue Acid Wash Racer Neck Midi Dress,Blue,£19.99,https://cdn.pixiegirl.com/Images/ProductImages/Big/fbf8da74-48bc-4a_224006_A.jpg,https://cdn.pixiegirl.com/Images/ProductImages/Small/2db89562-b170-44_224005_X.jpg,,,,
Pixie Girl,Jeans,https://www.pixiegirl.com/dk-blu-patch-pkt-skinny-utility-p,https://cdn.pixiegirl.com/Images/ProductImages/Big/522d6944-acd3-4e_223863_A.jpg,PixieGirl Blue Pocket Detail Cargo Skinny Jeans,Blue,£39.99,https://cdn.pixiegirl.com/Images/ProductImages/Big/522d6944-acd3-4e_223863_A.jpg,https://cdn.pixiegirl.com/Images/ProductImages/Small/83edb595-304a-4f_223814_X.jpg,https://cdn.pixiegirl.com/Images/ProductImages/Small/11431c36-9cc5-4f_223815_X.jpg,https://cdn.pixiegirl.com/Images/ProductImages/Small/fc95aa9f-42e7-40_223813_X.jpg,,
Pixie Girl,Dresses,https://www.pixiegirl.com/blue-ditsy-flutter-slv-midi-dres-p,https://cdn.pixiegirl.com/Images/ProductImages/Big/a722f42a-7639-47_224622_B.jpg,PixieGirl Blue & Black Ditsy Floral Print Midi Dress,Blue,£10,https://cdn.pixiegirl.com/Images/ProductImages/Big/a722f42a-7639-47_224622_B.jpg,https://cdn.pixiegirl.com/Images/ProductImages/Small/2c1b7b18-343d-4b_223333_X-Copy.jpg,https://cdn.pixiegirl.com/Images/ProductImages/Small/3f266817-d5ef-48_224623_X.jpg,,(63% OFF),£26.99
Pixie Girl,Hoodies,https://www.pixiegirl.com/hoodie-los-angeles-embro-cobalt-p,https://cdn.pixiegirl.com/Images/ProductImages/Big/00d3952a-1ac0-4f_224395_L1.jpg,PixieGirl Cobalt Blue 'Los Angeles' Slogan Cropped Hoodie,Blue,£19.99,https://cdn.pixiegirl.com/Images/ProductImages/Big/00d3952a-1ac0-4f_224395_L1.jpg,https://cdn.pixiegirl.com/Images/ProductImages/Small/0f4001b2-2b88-48_223742_X.jpg,https://cdn.pixiegirl.com/Images/ProductImages/Small/b016929e-9bb5-47_223744_X.jpg,,,
Pixie Girl,Nightwear & Loungewear,https://www.pixiegirl.com/wide-leg-jogger-la-embro-cobalt-p,https://cdn.pixiegirl.com/Images/ProductImages/Big/c99ecfdd-c21c-45_224396_L1.jpg,PixieGirl Cobalt Blue 'Los Angeles' Slogan Wide Leg Joggers,Blue,£19.99,https://cdn.pixiegirl.com/Images/ProductImages/Big/c99ecfdd-c21c-45_224396_L1.jpg,,,,,
Pixie Girl,Dresses,https://www.pixiegirl.com/pixiegirl-blue-denim-tiered-midi-dress-224360-p,https://cdn.pixiegirl.com/Images/ProductImages/Big/c363d5f8-cdd0-46_224360_L1.jpg,PixieGirl Blue Denim Tiered Midi Dress,Blue,£20,https://cdn.pixiegirl.com/Images/ProductImages/Big/c363d5f8-cdd0-46_224360_L1.jpg,,,,(50% OFF),£39.99
Pixie Girl,Dresses,https://www.pixiegirl.com/pixiegirl-mid-blue-denim-tie-waist-midi-dress-p,https://cdn.pixiegirl.com/Images/ProductImages/Big/3978eb52-4924-41_224042_L2.jpg,PixieGirl Mid Blue Denim Tie Waist Midi Dress,Blue,£39.99,https://cdn.pixiegirl.com/Images/ProductImages/Big/3978eb52-4924-41_224042_L2.jpg,https://cdn.pixiegirl.com/Images/ProductImages/Small/2eb8d276-c1a5-40_225228_X.jpg,https://cdn.pixiegirl.com/Images/ProductImages/Small/9603bfeb-9fbc-45_225229_X.jpg,https://cdn.pixiegirl.com/Images/ProductImages/Small/190577af-3593-47_223225_X.jpg,,
Pixie Girl,Trousers,https://www.pixiegirl.com/blue-rib-wide-leg-trs-p,https://cdn.pixiegirl.com/Images/ProductImages/Big/62049198-4585-4e_224660_A.jpg,PixieGirl Blue Ribbed Wide Leg Trousers,Blue,£19.99,https://cdn.pixiegirl.com/Images/ProductImages/Big/62049198-4585-4e_224660_A.jpg,https://cdn.pixiegirl.com/Images/ProductImages/Small/8cb558ec-81a8-47_224658_X.jpg,https://cdn.pixiegirl.com/Images/ProductImages/Small/d48a7d9d-40ba-46_224659_X.jpg,https://cdn.pixiegirl.com/Images/ProductImages/Small/69535dac-da81-4d_225425_X.jpg,,
Pixie Girl,Hoodies,https://www.pixiegirl.com/blue-seam-detail-cropped-hoodie-p,https://cdn.pixiegirl.com/Images/ProductImages/Big/d8d9f7f9-b1b0-40_224898_A.jpg,Blue Seam Detail Cropped Hoodie,Blue,£19.99,https://cdn.pixiegirl.com/Images/ProductImages/Big/d8d9f7f9-b1b0-40_224898_A.jpg,https://cdn.pixiegirl.com/Images/ProductImages/Small/d351df65-2790-45_224900_X.jpg,https://cdn.pixiegirl.com/Images/ProductImages/Small/fde045d7-6b29-4b_224892_X.jpg,https://cdn.pixiegirl.com/Images/ProductImages/Small/aad19095-0873-49_224894_X.jpg,,
Pixie Girl,Nightwear & Loungewear,https://www.pixiegirl.com/blue-seam-detail-wide-leg-joggers-p,https://cdn.pixiegirl.com/Images/ProductImages/Big/4809c8b0-9758-47_224899_A.jpg,Blue Seam Detail Wide Leg Joggers,Blue,£22.99,https://cdn.pixiegirl.com/Images/ProductImages/Big/4809c8b0-9758-47_224899_A.jpg,https://cdn.pixiegirl.com/Images/ProductImages/Small/825a20fe-3734-45_224901_X.jpg,https://cdn.pixiegirl.com/Images/ProductImages/Small/7334d959-b3fc-4c_224895_X.jpg,https://cdn.pixiegirl.com/Images/ProductImages/Small/3aa736fc-d286-4b_224897_X.jpg,,
Pixie Girl,Shorts,https://www.pixiegirl.com/blue-drawstring-waist-jogger-shorts-p,https://cdn.pixiegirl.com/Images/ProductImages/Big/ae567e1f-2179-42_224888_A.jpg,Blue Drawstring Waist Jogger Shorts,Blue,£10,https://cdn.pixiegirl.com/Images/ProductImages/Big/ae567e1f-2179-42_224888_A.jpg,https://cdn.pixiegirl.com/Images/ProductImages/Small/2430cbb2-c365-4a_224886_X.jpg,,,(33% OFF),£14.99
Pixie Girl,Tops,https://www.pixiegirl.com/navy-colorado-sweatshirt-p,https://cdn.pixiegirl.com/Images/ProductImages/Big/0bcc1e34-1e8f-46_225286_72.jpg,PixieGirl Navy Blue 'Colorado' Slogan Sweatshirt,Blue,£22.99,https://cdn.pixiegirl.com/Images/ProductImages/Big/0bcc1e34-1e8f-46_225286_72.jpg,,,,,
Pixie Girl,Skirts,https://www.pixiegirl.com/pixiegirl-blue-denim-ripped-hem-midi-skirt-p,https://cdn.pixiegirl.com/Images/ProductImages/Big/f7320c4c-8ced-4d_224221_L1.jpg,PixieGirl Blue Denim Ripped Hem Midi Skirt,Blue,£32.99,https://cdn.pixiegirl.com/Images/ProductImages/Big/f7320c4c-8ced-4d_224221_L1.jpg,,,,,
Pixie Girl,Dresses,https://www.pixiegirl.com/blue-floral-mesh-wrap-dress-p,https://cdn.pixiegirl.com/Images/ProductImages/Big/77600be3-53cf-47_224619_A.jpg,PixieGirl Light Blue Floral Print Mesh Wrap Dress,Blue,£10,https://cdn.pixiegirl.com/Images/ProductImages/Big/77600be3-53cf-47_224619_A.jpg,,,,(71% OFF),£35
Pixie Girl,Dresses,https://www.pixiegirl.com/blue-ss-tie-back-dress-p,https://cdn.pixiegirl.com/Images/ProductImages/Big/4689c3d5-4951-47_224801_A.jpg,PixieGirl Blue Tie Back T-Shirt Dress,Blue,£19.99,https://cdn.pixiegirl.com/Images/ProductImages/Big/4689c3d5-4951-47_224801_A.jpg,https://cdn.pixiegirl.com/Images/ProductImages/Small/d8391871-5ba0-40_224800_X.jpg,,,,
Pixie Girl,Dresses,https://www.pixiegirl.com/pixiegirl-blue-floral-print-puff-sleeve-midi-dress-p,https://cdn.pixiegirl.com/Images/ProductImages/Big/0fa7353c-2b7f-48_224564_A.jpg,PixieGirl Blue Floral Print Puff Sleeve Midi Dress,Blue,£29.99,https://cdn.pixiegirl.com/Images/ProductImages/Big/0fa7353c-2b7f-48_224564_A.jpg,,,,,
Pixie Girl,Knitwear,https://www.pixiegirl.com/blue-crochet-slash-nk-jumper-p,https://cdn.pixiegirl.com/Images/ProductImages/Big/1d0eb21f-0725-46_224264_A.jpg,PixieGirl Light Blue Crochet Slash Neck Jumper,Blue,£24.99,https://cdn.pixiegirl.com/Images/ProductImages/Big/1d0eb21f-0725-46_224264_A.jpg,,,,,
Pixie Girl,Trousers,https://www.pixiegirl.com/blue-abstract-harem-trouser-p,https://cdn.pixiegirl.com/Images/ProductImages/Big/f590052f-35b5-41_224973_A.jpg,PixieGirl Navy Blue Abstract Print Harem Trousers,Blue,£22.99,https://cdn.pixiegirl.com/Images/ProductImages/Big/f590052f-35b5-41_224973_A.jpg,,,,,
Pixie Girl,Trousers,https://www.pixiegirl.com/blue-tie-dye-wide-leg-trs-p,https://cdn.pixiegirl.com/Images/ProductImages/Big/62b18c78-f6dd-4d_224865_A.jpg,PixieGirl Black & Blue Tie Dye Wide Leg Trousers,Blue,£10,https://cdn.pixiegirl.com/Images/ProductImages/Big/62b18c78-f6dd-4d_224865_A.jpg,https://cdn.pixiegirl.com/Images/ProductImages/Small/5f7ec560-9cd3-4a_224864_X.jpg,,,(50% OFF),£19.99
Pixie Girl,Dresses,https://www.pixiegirl.com/pixiegirl-blue-floral-print-tie-front-mini-dress-p,https://cdn.pixiegirl.com/Images/ProductImages/Big/1b88d82e-c921-4f_224721_A.jpg,PixieGirl Blue Floral Print Tie Front Mini Dress,Blue,£26.99,https://cdn.pixiegirl.com/Images/ProductImages/Big/1b88d82e-c921-4f_224721_A.jpg,https://cdn.pixiegirl.com/Images/ProductImages/Small/828ccc84-334d-47_224747_X.jpg,,,,
Pixie Girl,Dresses,https://www.pixiegirl.com/blu-folk-floral-tiered-midi-dres-p,https://cdn.pixiegirl.com/Images/ProductImages/Big/c77e1c58-d2de-4a_224593_A.jpg,PixieGirl Blue Floral Print Tiered Midi Dress,Blue,£10,https://cdn.pixiegirl.com/Images/ProductImages/Big/c77e1c58-d2de-4a_224593_A.jpg,,,,(67% OFF),£29.99
Pixie Girl,Jumpsuits & Playsuits,https://www.pixiegirl.com/blu-contrast-leaf-jumpsuit-p,https://cdn.pixiegirl.com/Images/ProductImages/Big/a3f94912-5295-4f_224940_L3.jpg,PixieGirl Blue Leaf Print Wide Leg Jumpsuit,Blue,£34.99,https://cdn.pixiegirl.com/Images/ProductImages/Big/a3f94912-5295-4f_224940_L3.jpg,https://cdn.pixiegirl.com/Images/ProductImages/Small/c7bcd8ac-48bc-44_224939_X.jpg,,,,
Pixie Girl,Tops,https://www.pixiegirl.com/pixiegirl-blue-ribbed-popper-vest-top-p,https://cdn.pixiegirl.com/Images/ProductImages/Big/6cac579d-2aa1-41_224441_A.jpg,PixieGirl Blue Ribbed Popper Vest Top,Blue,£5,https://cdn.pixiegirl.com/Images/ProductImages/Big/6cac579d-2aa1-41_224441_A.jpg,https://cdn.pixiegirl.com/Images/ProductImages/Small/4fb4f42b-09f1-4c_224442_X.jpg,,,(55% OFF),£10.99
Pixie Girl,Skirts,https://www.pixiegirl.com/pixiegirl-cobalt-blue-satin-midaxi-skirt-p,https://cdn.pixiegirl.com/Images/ProductImages/Big/0306d29b-231e-41_224407_224573_L1.jpg,PixieGirl Cobalt Blue Satin Midaxi Skirt,Blue,£22.99,https://cdn.pixiegirl.com/Images/ProductImages/Big/0306d29b-231e-41_224407_224573_L1.jpg,https://cdn.pixiegirl.com/Images/ProductImages/Small/7fab8381-592a-4a_223867_X.jpg,https://cdn.pixiegirl.com/Images/ProductImages/Small/500eaa93-e83e-41_224492_X.jpg,https://cdn.pixiegirl.com/Images/ProductImages/Small/d002d6a1-99af-45_224567_X.jpg,,
Pixie Girl,Dresses,https://www.pixiegirl.com/blue-ditsy-buttn-maxi-tea-dress-p,https://cdn.pixiegirl.com/Images/ProductImages/Big/1e51925c-00b2-48_224574_A.jpg,PixieGirl Blue Ditsy Floral Print Button Front Midi Dress,Blue,£10,https://cdn.pixiegirl.com/Images/ProductImages/Big/1e51925c-00b2-48_224574_A.jpg,,,,(67% OFF),£29.99
Pixie Girl,Dresses,https://www.pixiegirl.com/pixiegirl-blue-ditsy-floral-print-mini-dress-p,https://cdn.pixiegirl.com/Images/ProductImages/Big/9fb70de1-3c4c-42_224749_A.jpg,PixieGirl Blue Ditsy Floral Print Mini Dress,Blue,£26.99,https://cdn.pixiegirl.com/Images/ProductImages/Big/9fb70de1-3c4c-42_224749_A.jpg,https://cdn.pixiegirl.com/Images/ProductImages/Small/a710c7b8-7a83-4a_224748_X.jpg,,,,
Pixie Girl,Jeans,https://www.pixiegirl.com/belt-detail-denim-jean-p,https://cdn.pixiegirl.com/Images/ProductImages/Big/381e7fbf-b569-44_225320_48.jpg,PixieGirl Light Blue Cross Over Belt Jeans,Blue,£34.99,https://cdn.pixiegirl.com/Images/ProductImages/Big/381e7fbf-b569-44_225320_48.jpg,,,,,
Pixie Girl,Tops,https://www.pixiegirl.com/shirred-chambray-top-p,https://cdn.pixiegirl.com/Images/ProductImages/Big/0c2d7620-18f7-43_224356_A.jpg,PixieGirl Blue Chambray Shirred Bandeau Top,Blue,£17.99,https://cdn.pixiegirl.com/Images/ProductImages/Big/0c2d7620-18f7-43_224356_A.jpg,,,,,
Pixie Girl,Jeans,https://www.pixiegirl.com/blue-paneled-wide-leg-jean-p,https://cdn.pixiegirl.com/Images/ProductImages/Big/1cbcee61-96c9-43_millycorbettx_1718210789_3388920186552872737_512756370.jpg,PixieGirl Blue Seam Front Wide Leg Jeans,Blue,£35,https://cdn.pixiegirl.com/Images/ProductImages/Big/1cbcee61-96c9-43_millycorbettx_1718210789_3388920186552872737_512756370.jpg,,,,,
Pixie Girl,Tops,https://www.pixiegirl.com/pixiegirl-2-pack-blue-black-short-sleeve-t-shirts-p,https://cdn.pixiegirl.com/Images/ProductImages/Big/79205a67-5c60-4e_224470_MS.jpg,PixieGirl 2 PACK Blue & Black Short Sleeve T-Shirts,Blue,£18.99,https://cdn.pixiegirl.com/Images/ProductImages/Big/79205a67-5c60-4e_224470_MS.jpg,,,,,
Pixie Girl,Tops,https://www.pixiegirl.com/stripe-waist-coat-p,https://cdn.pixiegirl.com/Images/ProductImages/Big/cce73a0b-c52b-47_224538_A.jpg,PixieGirl Navy Blue Stripe Waistcoat,Blue,£10,https://cdn.pixiegirl.com/Images/ProductImages/Big/cce73a0b-c52b-47_224538_A.jpg,,,,(44% OFF),£17.99
Pixie Girl,Trousers,https://www.pixiegirl.com/pixiegirl-blue-cropped-wide-leg-trousers-p,https://cdn.pixiegirl.com/Images/ProductImages/Big/95518297-c66b-40_224642_A.jpg,PixieGirl Blue Cropped Wide Leg Trousers,Blue,£22.99,https://cdn.pixiegirl.com/Images/ProductImages/Big/95518297-c66b-40_224642_A.jpg,https://cdn.pixiegirl.com/Images/ProductImages/Small/1cded092-a030-4e_224645_X.jpg,,,,
Pixie Girl,Tops,https://www.pixiegirl.com/pixiegirl-blue-floral-print-cropped-vest-top-p,https://cdn.pixiegirl.com/Images/ProductImages/Big/e2cde843-6029-42_224520_A.jpg,PixieGirl Blue Floral Print Cropped Vest Top,Blue,£14.99,https://cdn.pixiegirl.com/Images/ProductImages/Big/e2cde843-6029-42_224520_A.jpg,,,,,
Pixie Girl,Trousers,https://www.pixiegirl.com/pixiegirl-blue-drawstring-wide-leg-trousers-p,https://cdn.pixiegirl.com/Images/ProductImages/Big/61a987df-93c8-4d_224643_224401_L6.jpg,PixieGirl Blue Drawstring Wide Leg Trousers,Blue,£27.99,https://cdn.pixiegirl.com/Images/ProductImages/Big/61a987df-93c8-4d_224643_224401_L6.jpg,https://cdn.pixiegirl.com/Images/ProductImages/Small/18d4ee43-409f-4e_224641_X.jpg,,,,
Pixie Girl,Trousers,https://www.pixiegirl.com/pixiegirl-blue-floral-print-wide-leg-trousers-p,https://cdn.pixiegirl.com/Images/ProductImages/Big/bc4b9d70-f913-47_224521_A.jpg,PixieGirl Blue Floral Print Wide Leg Trousers,Blue,£10,https://cdn.pixiegirl.com/Images/ProductImages/Big/bc4b9d70-f913-47_224521_A.jpg,,,,(60% OFF),£24.99
Pixie Girl,Dresses,https://www.pixiegirl.com/pixiegirl-blue-paisley-print-maxi-dress-p,https://cdn.pixiegirl.com/Images/ProductImages/Big/d9ebbe18-a32e-4c_224936_A.jpg,PixieGirl Blue Paisley Print Maxi Dress,Blue,£29.99,https://cdn.pixiegirl.com/Images/ProductImages/Big/d9ebbe18-a32e-4c_224936_A.jpg,https://cdn.pixiegirl.com/Images/ProductImages/Small/6601fbc6-e828-44_224937_X.jpg,,,,
Pixie Girl,Tops,https://www.pixiegirl.com/pixiegirl-light-blue-brodeire-anglaise-shirt-p,https://cdn.pixiegirl.com/Images/ProductImages/Big/e042e479-5376-45_224509_A.jpg,PixieGirl Light Blue Brodeire Anglaise Shirt,Blue,£26.99,https://cdn.pixiegirl.com/Images/ProductImages/Big/e042e479-5376-45_224509_A.jpg,https://cdn.pixiegirl.com/Images/ProductImages/Small/db4b7564-327f-40_224401_X.jpg,,,,
Pixie Girl,Dresses,https://www.pixiegirl.com/pixiegirl-blue-ditsy-floral-midi-dress-225255-p,https://cdn.pixiegirl.com/Images/ProductImages/Big/7c86b9b0-156d-44_225255_A.jpg,PixieGirl Blue Ditsy Floral Midi Dress,Blue,£26.99,https://cdn.pixiegirl.com/Images/ProductImages/Big/7c86b9b0-156d-44_225255_A.jpg,https://cdn.pixiegirl.com/Images/ProductImages/Small/384e16db-c5fa-48_225256_X.jpg,,,,
Pixie Girl,Skirts,https://www.pixiegirl.com/pixiegirl-blue-denim-zip-front-midi-skirt-p,https://cdn.pixiegirl.com/Images/ProductImages/Big/05403ee9-b9a8-47_224381_A.jpg,PixieGirl Blue Denim Zip Front Midi Skirt,Blue,£32.99,https://cdn.pixiegirl.com/Images/ProductImages/Big/05403ee9-b9a8-47_224381_A.jpg,,,,,
Pixie Girl,Dresses,https://www.pixiegirl.com/blue-crochet-trim-maxi-p,https://cdn.pixiegirl.com/Images/ProductImages/Big/526abf73-17ea-47_224550_A.jpg,PixieGirl Blue Crochet Trim Tiered Maxi Dress,Blue,£35,https://cdn.pixiegirl.com/Images/ProductImages/Big/526abf73-17ea-47_224550_A.jpg,,,,,
Pixie Girl,Skirts,https://www.pixiegirl.com/blue-ditsy-belted-midi-skirt-p,https://cdn.pixiegirl.com/Images/ProductImages/Big/3d7f99c0-2bc5-43_225290_A.jpg,PixieGirl Blue Ditsy Floral Print Midi Skirt,Blue,£22.99,https://cdn.pixiegirl.com/Images/ProductImages/Big/3d7f99c0-2bc5-43_225290_A.jpg,https://cdn.pixiegirl.com/Images/ProductImages/Small/c5f8ec22-306e-4a_225289_X.jpg,,,,
Pixie Girl,Leggings & Jeggings,https://www.pixiegirl.com/navy-fold-over-legging-p,https://cdn.pixiegirl.com/Images/ProductImages/Big/cd7aca3e-e696-41_225287_A.jpg,PixieGirl Navy Blue Fold Over Waistband Leggings,Blue,£17.99,https://cdn.pixiegirl.com/Images/ProductImages/Big/cd7aca3e-e696-41_225287_A.jpg,https://cdn.pixiegirl.com/Images/ProductImages/Small/2e06f113-0956-48_225288_X.jpg,,,,
Pixie Girl,Dresses,https://www.pixiegirl.com/pixiegirl-blue-tie-sleeve-broderie-mini-dress-p,https://cdn.pixiegirl.com/Images/ProductImages/Big/ba7ea49e-f4ee-48_224511_A.jpg,PixieGirl Blue Tie Sleeve Broderie Mini Dress,Blue,£35,https://cdn.pixiegirl.com/Images/ProductImages/Big/ba7ea49e-f4ee-48_224511_A.jpg,https://cdn.pixiegirl.com/Images/ProductImages/Small/02535c5d-117d-4a_224512_X.jpg,,,,
Pixie Girl,Dungarees,https://www.pixiegirl.com/pixiegirl-blue-short-dungarees-p,https://cdn.pixiegirl.com/Images/ProductImages/Big/d52242e1-8f0e-48_224545_A.jpg,PixieGirl Blue Short Dungarees,Blue,£24.99,https://cdn.pixiegirl.com/Images/ProductImages/Big/d52242e1-8f0e-48_224545_A.jpg,https://cdn.pixiegirl.com/Images/ProductImages/Small/0c1a1642-d746-4e_224828_X.jpg,,,,
Pixie Girl,Trousers,https://www.pixiegirl.com/pixiegirl-navy-blue-ribbed-wide-leg-trousers-p,https://cdn.pixiegirl.com/Images/ProductImages/Big/a9a07f42-7adc-42_225425_A.jpg,PixieGirl Navy Blue Ribbed Wide Leg Trousers,Blue,£19.99,https://cdn.pixiegirl.com/Images/ProductImages/Big/a9a07f42-7adc-42_225425_A.jpg,https://cdn.pixiegirl.com/Images/ProductImages/Small/8cb558ec-81a8-47_224658_X.jpg,https://cdn.pixiegirl.com/Images/ProductImages/Small/d48a7d9d-40ba-46_224659_X.jpg,https://cdn.pixiegirl.com/Images/ProductImages/Small/3338b896-1eb2-48_224660_X.jpg,,
Pixie Girl,Skirts,https://www.pixiegirl.com/blue-button-front-midi-skirt-p,https://cdn.pixiegirl.com/Images/ProductImages/Big/704465bf-dfda-47_224638_A.jpg,PixieGirl Denim Blue Button Front Midi Skirt,Blue,£10,https://cdn.pixiegirl.com/Images/ProductImages/Big/704465bf-dfda-47_224638_A.jpg,,,,(57% OFF),£22.99
Pixie Girl,Dresses,https://www.pixiegirl.com/blue-floral-frill-midi-dress-p,https://cdn.pixiegirl.com/Images/ProductImages/Big/d110089c-323a-41_224648_A.jpg,PixieGirl Navy Blue Floral Print Frill Midi Dress,Blue,£35,https://cdn.pixiegirl.com/Images/ProductImages/Big/d110089c-323a-41_224648_A.jpg,,,,,
Pixie Girl,Tops,https://www.pixiegirl.com/navy-paisley-bardot-top-p,https://cdn.pixiegirl.com/Images/ProductImages/Big/fd2eb8a5-ca05-4a_225294_A.jpg,PixieGirl Navy Blue Paisley Print Bardot Top,Blue,£22.99,https://cdn.pixiegirl.com/Images/ProductImages/Big/fd2eb8a5-ca05-4a_225294_A.jpg,https://cdn.pixiegirl.com/Images/ProductImages/Small/daa8af07-d1e4-4f_224330_X.jpg,,,,
Pixie Girl,Skirts,https://www.pixiegirl.com/navy-blue-dbl-bonded-maxi-skirt-p,https://cdn.pixiegirl.com/Images/ProductImages/Big/e3ec1076-f2a6-40_224790_224160_L1.jpg,PixieGirl Navy Blue Crinkle Maxi Skirt,Blue,£25,https://cdn.pixiegirl.com/Images/ProductImages/Big/e3ec1076-f2a6-40_224790_224160_L1.jpg,,,,,
Pixie Girl,Dresses,https://www.pixiegirl.com/blu-flower-swirl-strappy-maxi-dr-p,https://cdn.pixiegirl.com/Images/ProductImages/Big/3c4a2a01-c138-43_225376_A.jpg,PixieGirl Blue Floral Swirl Print Strappy Maxi Dress,Blue,£26.99,https://cdn.pixiegirl.com/Images/ProductImages/Big/3c4a2a01-c138-43_225376_A.jpg,https://cdn.pixiegirl.com/Images/ProductImages/Small/6f50d0d5-694f-40_225375_X.jpg,https://cdn.pixiegirl.com/Images/ProductImages/Small/87dd2824-ee40-41_225378_X.jpg,,,
Pixie Girl,Tops,https://www.pixiegirl.com/pixiegirl-blue-the-great-wave-slogan-printed-t-shirt-p,https://cdn.pixiegirl.com/Images/ProductImages/Big/8522b61a-8f1f-44_224948_A.jpg,PixieGirl Blue 'The Great Wave' Slogan Printed T-Shirt,Blue,£12.99,https://cdn.pixiegirl.com/Images/ProductImages/Big/8522b61a-8f1f-44_224948_A.jpg,https://cdn.pixiegirl.com/Images/ProductImages/Small/d357399b-2e65-4a_224949_X.jpg,,,,
Pixie Girl,Trousers,https://www.pixiegirl.com/blue-tile-print-wide-leg-trs-p,https://cdn.pixiegirl.com/Images/ProductImages/Big/559e6fef-08c9-49_225487_A.jpg,PixieGirl Blue Tile Print Wide Leg Trousers,Blue,£29.99,https://cdn.pixiegirl.com/Images/ProductImages/Big/559e6fef-08c9-49_225487_A.jpg,https://cdn.pixiegirl.com/Images/ProductImages/Small/513ac4a6-c33f-44_225482_X.jpg,https://cdn.pixiegirl.com/Images/ProductImages/Small/42e05813-6b8a-48_225485_X.jpg,https://cdn.pixiegirl.com/Images/ProductImages/Small/c167d3f3-2a04-4d_225489_X.jpg,,
Pixie Girl,Skirts,https://www.pixiegirl.com/pixiegirl-blue-floral-print-tiered-maxi-skirt-p,https://cdn.pixiegirl.com/Images/ProductImages/Big/2508fbe6-8eb0-48_225239_A.jpg,PixieGirl Blue Floral Print Tiered Maxi Skirt,Blue,£29.99,https://cdn.pixiegirl.com/Images/ProductImages/Big/2508fbe6-8eb0-48_225239_A.jpg,,,,,
Pixie Girl,Jeans,https://www.pixiegirl.com/pixiegirl-blue-extreme-washed-straight-leg-jeans-p,https://cdn.pixiegirl.com/Images/ProductImages/Big/e5c65812-77f3-45_224855_A.jpg,PixieGirl Blue Extreme Washed Straight Leg Jeans,Blue,£35,https://cdn.pixiegirl.com/Images/ProductImages/Big/e5c65812-77f3-45_224855_A.jpg,,,,,
Pixie Girl,Nightwear & Loungewear,https://www.pixiegirl.com/pixiegirl-navy-blue-wide-leg-hem-detail-jogger-p,https://cdn.pixiegirl.com/Images/ProductImages/Big/c62beb43-66b9-4f_IMG_1824.jpg,PixieGirl Navy Blue Wide Leg Hem Detail Jogger,Blue,£19.99,https://cdn.pixiegirl.com/Images/ProductImages/Big/c62beb43-66b9-4f_IMG_1824.jpg,https://cdn.pixiegirl.com/Images/ProductImages/Small/9a6193f6-2ca1-4e_224271_XR.jpg,https://cdn.pixiegirl.com/Images/ProductImages/Small/615067b8-b61f-4b_225099_X.jpg,https://cdn.pixiegirl.com/Images/ProductImages/Small/a799c58c-4e70-48_225109_X.jpg,,
Pixie Girl,Dresses,https://www.pixiegirl.com/blu-ss-acid-wash-bttn-smock-drs-p,https://cdn.pixiegirl.com/Images/ProductImages/Big/3cf7f01d-821d-49_225063_A.jpg,PixieGirl Blue Acid Wash Tiered Smock Dress,Blue,£32,https://cdn.pixiegirl.com/Images/ProductImages/Big/3cf7f01d-821d-49_225063_A.jpg,https://cdn.pixiegirl.com/Images/ProductImages/Small/fa172b4c-8d7a-4e_225064_X.jpg,,,,
Pixie Girl,Trousers,https://www.pixiegirl.com/pixiegirl-navy-blue-utility-style-wide-leg-trousers-p,https://cdn.pixiegirl.com/Images/ProductImages/Big/0524e195-4dee-41_225285_A.jpg,PixieGirl Navy Blue Utility Style Wide Leg Trousers,Blue,£34.99,https://cdn.pixiegirl.com/Images/ProductImages/Big/0524e195-4dee-41_225285_A.jpg,https://cdn.pixiegirl.com/Images/ProductImages/Small/bf259831-b941-4b_225283_X.jpg,https://cdn.pixiegirl.com/Images/ProductImages/Small/14f45a4b-48a6-49_225286_X.jpg,,,
Pixie Girl,Coats & Jackets,https://www.pixiegirl.com/pixiegirl-blue-denim-bomber-jacket-p,https://cdn.pixiegirl.com/Images/ProductImages/Big/d35f270f-053a-4e_224785%20__13.jpg,PixieGirl Blue Denim Bomber Jacket,Blue,£45,https://cdn.pixiegirl.com/Images/ProductImages/Big/d35f270f-053a-4e_224785%20__13.jpg,,,,,
Pixie Girl,Tops,https://www.pixiegirl.com/2-pk-grown-on-slv-tee-p,https://cdn.pixiegirl.com/Images/ProductImages/Big/fcdcfd32-4e3a-48_225671_MS.jpg,PixieGirl 2 PACK Blue & Cream Short Sleeve T-Shirt,Blue,£18.99,https://cdn.pixiegirl.com/Images/ProductImages/Big/fcdcfd32-4e3a-48_225671_MS.jpg,https://cdn.pixiegirl.com/Images/ProductImages/Small/9734a154-cfbc-4a_225668_XS.jpg,,,,
Pixie Girl,Dresses,https://www.pixiegirl.com/pixiegirl-blue-ditsy-floral-tie-neck-dress-p,https://cdn.pixiegirl.com/Images/ProductImages/Big/3fb70831-6c10-4e_225618_A.jpg,PixieGirl Blue Ditsy Floral Tie Neck Dress,Blue,£35,https://cdn.pixiegirl.com/Images/ProductImages/Big/3fb70831-6c10-4e_225618_A.jpg,,,,,
Pixie Girl,Jeans,https://www.pixiegirl.com/pixiegirl-dark-blue-cargo-wide-leg-jeans-p,https://cdn.pixiegirl.com/Images/ProductImages/Big/c833043f-4d8f-4c_225225_Edit.jpg,PixieGirl Dark Blue Cargo Wide Leg Jeans,Blue,£34.99,https://cdn.pixiegirl.com/Images/ProductImages/Big/c833043f-4d8f-4c_225225_Edit.jpg,https://cdn.pixiegirl.com/Images/ProductImages/Small/e540b190-212c-47_225226_X.jpg,,,,
Pixie Girl,Trousers,https://www.pixiegirl.com/pixiegirl-navy-blue-side-stripe-parachute-wide-leg-trousers-p,https://cdn.pixiegirl.com/Images/ProductImages/Big/69d16ef2-889a-45_225319_31.jpg,PixieGirl Navy Blue Side Stripe Parachute Wide Leg Trousers,Blue,£32.99,https://cdn.pixiegirl.com/Images/ProductImages/Big/69d16ef2-889a-45_225319_31.jpg,,,,,
Pixie Girl,Coats & Jackets,https://www.pixiegirl.com/pixiegirl-dark-grey-denim-belted-trench-coat-p,https://cdn.pixiegirl.com/Images/ProductImages/Big/9842100b-c9c1-48_225181_A.jpg,PixieGirl Indigo Blue Denim Belted Trench Coat,Blue,£54.99,https://cdn.pixiegirl.com/Images/ProductImages/Big/9842100b-c9c1-48_225181_A.jpg,,,,,
Pixie Girl,Trousers,https://www.pixiegirl.com/pixiegirl-navy-blue-sequin-embellished-wide-leg-trousers-p,https://cdn.pixiegirl.com/Images/ProductImages/Big/6fb49af8-9a11-40_225629_1.jpg,PixieGirl Navy Blue Sequin Embellished Wide Leg Trousers,Blue,£39.99,https://cdn.pixiegirl.com/Images/ProductImages/Big/6fb49af8-9a11-40_225629_1.jpg,https://cdn.pixiegirl.com/Images/ProductImages/Small/310c26b1-0061-4c_225603_X.jpg,https://cdn.pixiegirl.com/Images/ProductImages/Small/5e727be0-7ef6-4a_225604_X.jpg,,,
Pixie Girl,Tops,https://www.pixiegirl.com/pixiegirl-navy-blue-sequin-embellished-short-sleeve-shirt-p,https://cdn.pixiegirl.com/Images/ProductImages/Big/86ae78ef-ee4e-47_225629_2.jpg,PixieGirl Navy Blue Sequin Embellished Short Sleeve Shirt,Blue,£29.99,https://cdn.pixiegirl.com/Images/ProductImages/Big/86ae78ef-ee4e-47_225629_2.jpg,https://cdn.pixiegirl.com/Images/ProductImages/Small/73e32571-728b-44_225630_X.jpg,,,,
Pixie Girl,Jeans,https://www.pixiegirl.com/pixiegirl-light-blue-twisted-seam-flared-jeans-p,https://cdn.pixiegirl.com/Images/ProductImages/Big/ec53760b-c1f8-44_225339_A.jpg,PixieGirl Light Blue Twisted Seam Flared Jeans,Blue,£35,https://cdn.pixiegirl.com/Images/ProductImages/Big/ec53760b-c1f8-44_225339_A.jpg,,,,,
Pixie Girl,Tops,https://www.pixiegirl.com/star-royal-blue-diamante-sleeve-top-p,https://cdn.pixiegirl.com/Images/ProductImages/Big/c6d4b1f4-6dcd-4c_110694_D.jpg,STAR Royal Blue Diamante Sleeve Top,Blue,£39.50,https://cdn.pixiegirl.com/Images/ProductImages/Big/c6d4b1f4-6dcd-4c_110694_D.jpg,https://cdn.pixiegirl.com/Images/ProductImages/Small/22383f3e-1a0d-41_110693_X.jpg,,,,
Pixie Girl,Dresses,https://www.pixiegirl.com/pixiegirl-navy-blue-floral-tiered-midaxi-dress-p,https://cdn.pixiegirl.com/Images/ProductImages/Big/100d3ebb-a2f5-42_225496_A.jpg,PixieGirl Navy Blue Floral Tiered Midaxi Dress,Blue,£29.99,https://cdn.pixiegirl.com/Images/ProductImages/Big/100d3ebb-a2f5-42_225496_A.jpg,,,,,
Pixie Girl,Tops,https://www.pixiegirl.com/star-teal-blue-animal-print-satin-jacquard-shirt-p,https://cdn.pixiegirl.com/Images/ProductImages/Big/06333399-8d58-48_110670_B.jpg,STAR Teal Blue Animal Print Satin Jacquard Shirt,Blue,£45,https://cdn.pixiegirl.com/Images/ProductImages/Big/06333399-8d58-48_110670_B.jpg,https://cdn.pixiegirl.com/Images/ProductImages/Small/efe95da1-4529-4b_110671_X.jpg,,,,
Pixie Girl,Jeans,https://www.pixiegirl.com/star-blue-eyelet-detail-boyfriend-jeans-p,https://cdn.pixiegirl.com/Images/ProductImages/Big/0d4c7644-6ad4-44_110643_A.jpg,STAR Blue Eyelet Detail Boyfriend Jeans,Blue,£49.50,https://cdn.pixiegirl.com/Images/ProductImages/Big/0d4c7644-6ad4-44_110643_A.jpg,https://cdn.pixiegirl.com/Images/ProductImages/Small/77cf049c-96f7-4c_110642_X.jpg,,,,
Pixie Girl,Skirts,https://www.pixiegirl.com/star-blue-eyelet-midi-denim-skirt-p,https://cdn.pixiegirl.com/Images/ProductImages/Big/303ea6fe-f55a-40_110654_D.jpg,STAR Blue Eyelet Midi Denim Skirt,Blue,£45,https://cdn.pixiegirl.com/Images/ProductImages/Big/303ea6fe-f55a-40_110654_D.jpg,,,,,
Pixie Girl,Coats & Jackets,https://www.pixiegirl.com/star-cobalt-blue-zip-detail-tailored-coat-p,https://cdn.pixiegirl.com/Images/ProductImages/Big/961c8e7e-7b12-40_110630_A.jpg,STAR Cobalt Blue Zip Detail Tailored Coat,Blue,£119,https://cdn.pixiegirl.com/Images/ProductImages/Big/961c8e7e-7b12-40_110630_A.jpg,,,,,
Pixie Girl,Dresses,https://www.pixiegirl.com/pixiegirl-indigo-blue-zip-denim-midi-dress-p,https://cdn.pixiegirl.com/Images/ProductImages/Big/f70290ce-8a33-41_225230_A.jpg,PixieGirl Indigo Blue Zip Denim Midi Dress,Blue,£39.99,https://cdn.pixiegirl.com/Images/ProductImages/Big/f70290ce-8a33-41_225230_A.jpg,,,,,
Pixie Girl,Tops,https://www.pixiegirl.com/pixiegirl-navy-blue-graphic-short-sleeve-t-shirt-p,https://cdn.pixiegirl.com/Images/ProductImages/Big/e9aa85f1-d21c-44_225480_A.jpg,PixieGirl Navy Blue Graphic Short Sleeve T-Shirt,Blue,£12.99,https://cdn.pixiegirl.com/Images/ProductImages/Big/e9aa85f1-d21c-44_225480_A.jpg,,,,,
Pixie Girl,Knitwear,https://www.pixiegirl.com/pixiegirl-blue-fluffy-knitted-high-neck-jumper-p,https://cdn.pixiegirl.com/Images/ProductImages/Big/282ee013-1085-4d_225074_A.jpg,PixieGirl Blue Fluffy Knitted High Neck Jumper,Blue,£29.99,https://cdn.pixiegirl.com/Images/ProductImages/Big/282ee013-1085-4d_225074_A.jpg,https://cdn.pixiegirl.com/Images/ProductImages/Small/9c93e7e0-bb54-47_225075_X.jpg,https://cdn.pixiegirl.com/Images/ProductImages/Small/fba7aee4-0d4d-45_225076_X.jpg,,,
Pixie Girl,Tops,https://www.pixiegirl.com/pixiegirl-navy-blue-rolled-sleeve-shirt-p,https://cdn.pixiegirl.com/Images/ProductImages/Big/30be5941-f468-42_225465_A.jpg,PixieGirl Navy Blue Rolled Sleeve Shirt,Blue,£19.99,https://cdn.pixiegirl.com/Images/ProductImages/Big/30be5941-f468-42_225465_A.jpg,https://cdn.pixiegirl.com/Images/ProductImages/Small/b1244f66-c683-4b_225466_X.jpg,https://cdn.pixiegirl.com/Images/ProductImages/Small/14bc04aa-e925-4e_225467_X.jpg,,,
Pixie Girl,Jeans,https://www.pixiegirl.com/mid-blue-wide-leg-puddle-jean-p,https://cdn.pixiegirl.com/Images/ProductImages/Big/6c2f479d-4929-40_225428_A.jpg,PixieGirl Blue Denim Puddle Jeans,Blue,£34.99,https://cdn.pixiegirl.com/Images/ProductImages/Big/6c2f479d-4929-40_225428_A.jpg,https://cdn.pixiegirl.com/Images/ProductImages/Small/bdf0d1ae-4910-4b_225427_X.jpg,,,,
Pixie Girl,Jeans,https://www.pixiegirl.com/dk-blue-zip-pkt-skinny-jean-p,https://cdn.pixiegirl.com/Images/ProductImages/Big/bcec9157-550c-42_225222_A.jpg,PixieGirl Dark Blue Zip Pocket Skinny Jeans,Blue,£32.99,https://cdn.pixiegirl.com/Images/ProductImages/Big/bcec9157-550c-42_225222_A.jpg,https://cdn.pixiegirl.com/Images/ProductImages/Small/93274e14-57c8-47_225298_X.jpg,https://cdn.pixiegirl.com/Images/ProductImages/Small/05417c57-c287-4c_225223_X.jpg,https://cdn.pixiegirl.com/Images/ProductImages/Small/fb9046d1-cd2f-41_225224_X.jpg,,
Pixie Girl,Tops,https://www.pixiegirl.com/pixiegirl-navy-blue-slogan-rugby-sweatshirt-p,https://cdn.pixiegirl.com/Images/ProductImages/Big/546bcfd8-2180-4d_225595_A.jpg,PixieGirl Navy Blue Slogan Rugby Sweatshirt,Blue,£24.99,https://cdn.pixiegirl.com/Images/ProductImages/Big/546bcfd8-2180-4d_225595_A.jpg,,,,,
Pixie Girl,Hoodies,https://www.pixiegirl.com/pixiegirl-navy-blue-ribbed-cargo-pocket-hoodie-p,https://cdn.pixiegirl.com/Images/ProductImages/Big/928c4697-b705-42_225573_A.jpg,PixieGirl Navy Blue Ribbed Cargo Pocket Hoodie,Blue,£22.99,https://cdn.pixiegirl.com/Images/ProductImages/Big/928c4697-b705-42_225573_A.jpg,https://cdn.pixiegirl.com/Images/ProductImages/Small/0c0b3738-7302-42_225572_X.jpg,,,,
Pixie Girl,Nightwear & Loungewear,https://www.pixiegirl.com/pixiegirl-navy-blue-ribbed-cargo-joggers-p,https://cdn.pixiegirl.com/Images/ProductImages/Big/87436d62-3dc3-44_225575_A.jpg,PixieGirl Navy Blue Ribbed Cargo Joggers,Blue,£22.99,https://cdn.pixiegirl.com/Images/ProductImages/Big/87436d62-3dc3-44_225575_A.jpg,https://cdn.pixiegirl.com/Images/ProductImages/Small/e6aa7f19-c753-45_225574_X.jpg,,,,
Pixie Girl,Tops,https://www.pixiegirl.com/pixiegirl-blue-woven-abstract-twist-front-top-p,https://cdn.pixiegirl.com/Images/ProductImages/Big/cdbd92f7-296c-4a_225749_B.jpg,PixieGirl Blue Woven Abstract Twist Front Top,Blue,£24.99,https://cdn.pixiegirl.com/Images/ProductImages/Big/cdbd92f7-296c-4a_225749_B.jpg,https://cdn.pixiegirl.com/Images/ProductImages/Small/759c2ee4-83b0-42_225750_X.jpg,,,,
Pixie Girl,Trousers,https://www.pixiegirl.com/pixiegirl-light-blue-contrast-side-stripe-wide-leg-trousers-p,https://cdn.pixiegirl.com/Images/ProductImages/Big/d9e0b4f6-8777-45_225853_A.jpg,PixieGirl Light Blue Contrast Side Stripe Wide Leg Trousers,Blue,£34,https://cdn.pixiegirl.com/Images/ProductImages/Big/d9e0b4f6-8777-45_225853_A.jpg,https://cdn.pixiegirl.com/Images/ProductImages/Small/95027a4f-b856-4a_225341_Z.jpg,https://cdn.pixiegirl.com/Images/ProductImages/Small/17a4f2e6-cfd3-48_225342_Z.jpg,https://cdn.pixiegirl.com/Images/ProductImages/Small/14f7879a-d900-4d_225274_Z.jpg,,
Pixie Girl,Trousers,https://www.pixiegirl.com/pixiegirl-navy-blue-tailored-tab-wide-leg-trousers-p,https://cdn.pixiegirl.com/Images/ProductImages/Big/d3486b01-aa16-40_225696_A.jpg,PixieGirl Navy Blue Tailored Tab Wide Leg Trousers,Blue,£34.99,https://cdn.pixiegirl.com/Images/ProductImages/Big/d3486b01-aa16-40_225696_A.jpg,,,,,
Pixie Girl,Blazers,https://www.pixiegirl.com/pixiegirl-navy-blue-tailored-cropped-blazer-p,https://cdn.pixiegirl.com/Images/ProductImages/Big/06963c64-5d65-4e_225694_A.jpg,PixieGirl Navy Blue Tailored Cropped Blazer,Blue,£39.99,https://cdn.pixiegirl.com/Images/ProductImages/Big/06963c64-5d65-4e_225694_A.jpg,,,,,
Pixie Girl,Dresses,https://www.pixiegirl.com/pixiegirl-blue-woven-abstract-tie-waist-midaxi-dress-p,https://cdn.pixiegirl.com/Images/ProductImages/Big/9398303d-5d1f-4f_225701_A.jpg,PixieGirl Blue Woven Abstract Tie Waist Midaxi Dress,Blue,£34.99,https://cdn.pixiegirl.com/Images/ProductImages/Big/9398303d-5d1f-4f_225701_A.jpg,,,,,
Pixie Girl,Skirts,https://www.pixiegirl.com/pixiegirl-light-blue-denim-seam-midi-skirt-p,https://cdn.pixiegirl.com/Images/ProductImages/Big/283cee8b-4fcb-41_225337_A.jpg,PixieGirl Light Blue Denim Seam Midi Skirt,Blue,£29.99,https://cdn.pixiegirl.com/Images/ProductImages/Big/283cee8b-4fcb-41_225337_A.jpg,,,,,
Pixie Girl,Tops,https://www.pixiegirl.com/pixiegirl-blue-acid-wash-slogan-t-shirt-p,https://cdn.pixiegirl.com/Images/ProductImages/Big/ffe7b8c7-5e9f-4e_225713_A.jpg,PixieGirl Blue Acid Wash Slogan T-Shirt,Blue,£12.99,https://cdn.pixiegirl.com/Images/ProductImages/Big/ffe7b8c7-5e9f-4e_225713_A.jpg,,,,,
Pixie Girl,Tops,https://www.pixiegirl.com/pixiegirl-blue-acid-wash-t-shirt-cycling-short-set-p,https://cdn.pixiegirl.com/Images/ProductImages/Big/c64d7573-001e-45_225715_A.jpg,PixieGirl Blue Acid Wash T-Shirt & Cycling Short Set,Blue,£24.99,https://cdn.pixiegirl.com/Images/ProductImages/Big/c64d7573-001e-45_225715_A.jpg,https://cdn.pixiegirl.com/Images/ProductImages/Small/a29a2060-e777-4f_225716_X.jpg,,,,
