Position,Category,Brand,Colour,Product Name,Current Price,Original Price,Discount,Product Link,Main Image,Main Image Alt,Swatch Image 1,Swatch Alt 1,Swatch Image 2,Swatch Alt 2
1,Trousers,River Island,Black,Petite Black Sequin Tailored Fringe Trousers,£49.00,,,https://www.riverisland.com/p/petite-black-sequin-tailored-fringe-trousers-914665,https://images.riverisland.com/image/upload/t_plp_portraitSmall/f_auto/q_auto/914665_main?_a=BATAV5fi0,Petite Black Sequin Tailored Fringe Trousers,,,,
2,Leggings Or Jeggings,River Island,Black,Petite Black Faux Leather Leggings,£28.00,,,https://www.riverisland.com/p/petite-black-faux-leather-leggings-913725,https://images.riverisland.com/image/upload/t_plp_portraitSmall/f_auto/q_auto/913725_main?_a=BATAV5fi0,Petite Black Faux Leather Leggings,,,,
3,Dresses,River Island,Brown,Petite Brown Leopard Mini Sweatshirt Dress,£28.00,,,https://www.riverisland.com/p/petite-brown-leopard-mini-sweatshirt-dress-919202,https://images.riverisland.com/image/upload/t_plp_portraitSmall/f_auto/q_auto/919202_main?_a=BATAV5fi0,Petite Brown Leopard Mini Sweatshirt Dress,https://images.riverisland.com/is/image/RiverIsland/919202_swatch,,https://images.riverisland.com/is/image/RiverIsland/919203_swatch,
4,Tops,River Island,Black,Petite Black Longline Waistcoat Jumpsuit,£55.00,,,https://www.riverisland.com/p/petite-black-longline-waistcoat-jumpsuit-918505,https://images.riverisland.com/image/upload/t_plp_portraitSmall/f_auto/q_auto/918505_main?_a=BATAV5fi0,Petite Black Longline Waistcoat Jumpsuit,,,,
5,Coats & Jackets,River Island,Black,Petite Black Wool Midi Military Coat,£85.00,,,https://www.riverisland.com/p/petite-black-wool-midi-military--coat-914221,https://images.riverisland.com/image/upload/t_plp_portraitSmall/f_auto/q_auto/914221_main?_a=BATAV5AA0,Petite Black Wool Midi Military Coat,,,,
6,Jeans,River Island,Blue,Petite Blue Denim Relaxed Straight Jeans,£42.00,,,https://www.riverisland.com/p/petite-blue-denim-relaxed-straight-jeans-912156,https://images.riverisland.com/image/upload/t_plp_portraitSmall/f_auto/q_auto/912156_main?_a=BATAV5AA0,Petite Blue Denim Relaxed Straight Jeans,,,,
7,Tops,River Island,Black,Petite Black Fitted Tuxedo Waistcoat,£32.00,,,https://www.riverisland.com/p/petite-black-fitted-tuxedo-waistcoat-913962,https://images.riverisland.com/image/upload/t_plp_portraitSmall/f_auto/q_auto/913962_main?_a=BATAV5AA0,Petite Black Fitted Tuxedo Waistcoat,,,,
8,Tops,River Island,Black,Petite Black Sequin Fringe Shirt,£49.00,,,https://www.riverisland.com/p/petite-black-sequin-fringe-shirt-914664,https://images.riverisland.com/image/upload/t_plp_portraitSmall/f_auto/q_auto/914664_main?_a=BATAV5AA0,Petite Black Sequin Fringe Shirt,,,,
9,Jeans,River Island,,Petite High Waisted Relaxed Straight Jeans,£42.00,,,https://www.riverisland.com/p/petite-high-waisted-relaxed-straight-jeans-912453,https://images.riverisland.com/image/upload/t_plp_portraitSmall/f_auto/q_auto/912453_main?_a=BATAV5AA0,Petite High Waisted Relaxed Straight Jeans,,,,
10,Skirts,River Island,Cream,Petite Cream 3D Texture Pencil Skirt,£49.00,,,https://www.riverisland.com/p/petite-cream-3d-texture-pencil-skirt-914666,https://images.riverisland.com/image/upload/t_plp_portraitSmall/f_auto/q_auto/914666_main?_a=BATAV5AA0,Petite Cream 3D Texture Pencil Skirt,,,,
11,Leggings Or Jeggings,River Island,Black,Petite Black Mid Rise Sculpt Molly Jeggings,£48.00,,,https://www.riverisland.com/p/petite-black-mid-rise-sculpt-molly-jeggings-913105,https://images.riverisland.com/image/upload/t_plp_portraitSmall/f_auto/q_auto/913105_main?_a=BATAV5AA0,Petite Black Mid Rise Sculpt Molly Jeggings,,,,
12,Jeans,River Island,Red,Petite Red Relaxed Straight Snake Print Jeans,£60.00,,,https://www.riverisland.com/p/petite-red-relaxed-straight-snake-print-jeans-916873,https://images.riverisland.com/image/upload/t_plp_portraitSmall/f_auto/q_auto/916873_main?_a=BATAV5AA0,Petite Red Relaxed Straight Snake Print Jeans,,,,
13,Coats & Jackets,River Island,Khaki,Petite Khaki Waxed Collar Jacket,£40.00,,,https://www.riverisland.com/p/petite-khaki-waxed-collar-jacket-919017,https://images.riverisland.com/image/upload/t_plp_portraitSmall/f_auto/q_auto/919017_main?_a=BATAV5AA0,Petite Khaki Waxed Collar Jacket,,,,
14,Nightwear,River Island,Black,Petite Black Satin Toile Print Pyjamas Set,£40.00,,,https://www.riverisland.com/p/petite-black-satin-toile-print-pyjamas-set-913724,https://images.riverisland.com/image/upload/t_plp_portraitSmall/f_auto/q_auto/913724_main?_a=BATAV5AA0,Petite Black Satin Toile Print Pyjamas Set,,,,
15,Jeans,River Island,Brown,Petite Brown Relaxed Straight Jeans,£42.00,,,https://www.riverisland.com/p/petite-brown-relaxed-straight-jeans-913800,https://images.riverisland.com/image/upload/t_plp_portraitSmall/f_auto/q_auto/913800_main?_a=BATAV5AA0,Petite Brown Relaxed Straight Jeans,,,,
16,Tops,River Island,Black,Petite Black Embellished Shoulder Top,£42.00,,,https://www.riverisland.com/p/petite-black-embellished-shoulder-top-915034,https://images.riverisland.com/image/upload/t_plp_portraitSmall/f_auto/q_auto/915034_main?_a=BATAV5AA0,Petite Black Embellished Shoulder Top,,,,
17,Dresses,River Island,Khaki,Petite Khaki Camouflage Mini Sweatshirt Dress,£28.00,,,https://www.riverisland.com/p/petite-khaki-camouflage-mini-sweatshirt-dress-919203,https://images.riverisland.com/image/upload/t_plp_portraitSmall/f_auto/q_auto/919203_main?_a=BATAV5AA0,Petite Khaki Camouflage Mini Sweatshirt Dress,https://images.riverisland.com/is/image/RiverIsland/919203_swatch,,https://images.riverisland.com/is/image/RiverIsland/919202_swatch,
18,Jeans,River Island,Grey,Petite Grey Denim Super Wide Jeans,£48.00,,,https://www.riverisland.com/p/petite-grey-denim-super-wide-jeans-916705,https://images.riverisland.com/image/upload/t_plp_portraitSmall/f_auto/q_auto/916705_main?_a=BATAV5AA0,Petite Grey Denim Super Wide Jeans,,,,
19,Trousers,River Island,Black,Petite Black Metallic Snake Plisse Trousers,£35.00,,,https://www.riverisland.com/p/petite-black-metallic-snake-plisse-trousers-917948,https://images.riverisland.com/image/upload/t_plp_portraitSmall/f_auto/q_auto/917948_main?_a=BATAV5AA0,Petite Black Metallic Snake Plisse Trousers,,,,
20,Jeans,River Island,Blue,Petite Blue Denim Super Wide Leg Jeans,£48.00,,,https://www.riverisland.com/p/petite-blue-denim-super-wide-leg-jeans-917466,https://images.riverisland.com/image/upload/t_plp_portraitSmall/f_auto/q_auto/917466_main?_a=BATAV5AA0,Petite Blue Denim Super Wide Leg Jeans,,,,
21,Tops,River Island,Green,Petite Green Camouflage Sweatshirt,£28.00,,,https://www.riverisland.com/p/petite-green-camouflage-sweatshirt-919055,https://images.riverisland.com/image/upload/t_plp_portraitSmall/f_auto/q_auto/919055_main?_a=BATAV5AA0,Petite Green Camouflage Sweatshirt,,,,
22,Skirts,River Island,White,Petite White Sequin Pull On Midi Skirt,£42.00,,,https://www.riverisland.com/p/petite-white-sequin-pull-on-midi-skirt-913860,https://images.riverisland.com/image/upload/t_plp_portraitSmall/f_auto/q_auto/913860_main?_a=BATAV5AA0,Petite White Sequin Pull On Midi Skirt,,,,
23,Tops,River Island,Black,Petite Black Metallic Snake Plisse Waistcoat,£32.00,,,https://www.riverisland.com/p/petite-black-metallic-snake-plisse-waistcoat-917947,https://images.riverisland.com/image/upload/t_plp_portraitSmall/f_auto/q_auto/917947_main?_a=BATAV5AA0,Petite Black Metallic Snake Plisse Waistcoat,,,,
24,Tops,River Island,Black,Petite Black Denim Asymmetric Waistcoat,£40.00,,,https://www.riverisland.com/p/petite-black-denim-asymmetric-waistcoat-917016,https://images.riverisland.com/image/upload/t_plp_portraitSmall/f_auto/q_auto/917016_main?_a=BATAV5AA0,Petite Black Denim Asymmetric Waistcoat,,,,
25,Tops,River Island,Khaki,Petite Khaki Button Down Polo Top,£35.00,,,https://www.riverisland.com/p/petite-khaki-button-down-polo-top-914718,https://images.riverisland.com/image/upload/t_plp_portraitSmall/f_auto/q_auto/914718_main?_a=BATAV5AA0,Petite Khaki Button Down Polo Top,,,,
26,Skirts,River Island,Black,Petite Black Belted Crepe Pleated Mini Skirt,£39.00,,,https://www.riverisland.com/p/petite-black-belted-crepe-pleated-mini-skirt-913251,https://images.riverisland.com/image/upload/t_plp_portraitSmall/f_auto/q_auto/913251_main?_a=BATAV5AA0,Petite Black Belted Crepe Pleated Mini Skirt,,,,
27,Trousers,River Island,Black,Petite Black Tailored Trousers,£39.00,,,https://www.riverisland.com/p/petite-black-tailored-trousers-913959,https://images.riverisland.com/image/upload/t_plp_portraitSmall/f_auto/q_auto/913959_main?_a=BATAV5AA0,Petite Black Tailored Trousers,,,,
28,Skirts,River Island,Khaki,Petite Khaki Knit Button Detail Midi Skirt,£35.00,,,https://www.riverisland.com/p/petite-khaki-knit-button-detail-midi-skirt-914719,https://images.riverisland.com/image/upload/t_plp_portraitSmall/f_auto/q_auto/914719_main?_a=BATAV5AA0,Petite Khaki Knit Button Detail Midi Skirt,,,,
29,Jeans,River Island,Blue,Petite Blue Denim Relaxed Straight Jeans,£42.00,,,https://www.riverisland.com/p/petite-blue-denim-relaxed-straight-jeans-916867,https://images.riverisland.com/image/upload/t_plp_portraitSmall/f_auto/q_auto/916867_main?_a=BATAV5AA0,Petite Blue Denim Relaxed Straight Jeans,https://images.riverisland.com/is/image/RiverIsland/916867_swatch,,https://images.riverisland.com/is/image/RiverIsland/913801_swatch,
30,Tops,River Island,White,Petite White Sequin Tie Side Top,£38.00,,,https://www.riverisland.com/p/petite-white-sequin-tie-side-top-913858,https://images.riverisland.com/image/upload/t_plp_portraitSmall/f_auto/q_auto/913858_main?_a=BATAV5AA0,Petite White Sequin Tie Side Top,,,,
31,Tops,River Island,Black,Petite Black Long Sleeve Lace Shirt,£38.00,,,https://www.riverisland.com/p/petite-black-long-sleeve-lace-shirt-917463,https://images.riverisland.com/image/upload/t_plp_portraitSmall/f_auto/q_auto/917463_main?_a=BATAV5AA0,Petite Black Long Sleeve Lace Shirt,,,,
32,Dresses,River Island,Cream,Petite Cream Floral Lace Maxi Dress,£65.00,,,https://www.riverisland.com/p/petite-cream-floral-lace-maxi-dress-915706,https://images.riverisland.com/image/upload/t_plp_portraitSmall/f_auto/q_auto/915706_main?_a=BATAV5AA0,Petite Cream Floral Lace Maxi Dress,,,,
33,Tops,River Island,Black,Petite Black Beaded Bubble Hem Cami Top,£28.00,,,https://www.riverisland.com/p/petite-black-beaded-bubble-hem-cami-top-914633,https://images.riverisland.com/image/upload/t_plp_portraitSmall/f_auto/q_auto/914633_main?_a=BATAV5AA0,Petite Black Beaded Bubble Hem Cami Top,,,,
34,Dresses,River Island,Black,Petite Black Velvet Feather Hem Shift Dress,£66.00,,,https://www.riverisland.com/p/petite-black-velvet-feather-hem-shift-dress-917189,https://images.riverisland.com/image/upload/t_plp_portraitSmall/f_auto/q_auto/917189_main?_a=BATAV5AA0,Petite Black Velvet Feather Hem Shift Dress,,,,
35,Cardigan,River Island,Pink,Petite Pink Sequin Bow Cardigan,£45.00,,,https://www.riverisland.com/p/petite-pink-sequin-bow-cardigan-914672,https://images.riverisland.com/image/upload/t_plp_portraitSmall/f_auto/q_auto/914672_main?_a=BATAV5AA0,Petite Pink Sequin Bow Cardigan,,,,
36,Skirts,River Island,Black,Petite Black Satin Beaded Midi Skirt,£55.00,,,https://www.riverisland.com/p/petite-black-satin-beaded-midi-skirt-915604,https://images.riverisland.com/image/upload/t_plp_portraitSmall/f_auto/q_auto/915604_main?_a=BATAV5AA0,Petite Black Satin Beaded Midi Skirt,,,,
37,Dresses,River Island,Black,Petite Black Devore Floral Maxi Dress,£45.00,,,https://www.riverisland.com/p/petite-black-devore-floral-maxi-dress-916702,https://images.riverisland.com/image/upload/t_plp_portraitSmall/f_auto/q_auto/916702_main?_a=BATAV5AA0,Petite Black Devore Floral Maxi Dress,,,,
38,Jeans,River Island,Grey,Petite Grey Relaxed Straight Jeans,£42.00,,,https://www.riverisland.com/p/petite-grey-relaxed-straight-jeans-913801,https://images.riverisland.com/image/upload/t_plp_portraitSmall/f_auto/q_auto/913801_main?_a=BATAV5AA0,Petite Grey Relaxed Straight Jeans,https://images.riverisland.com/is/image/RiverIsland/913801_swatch,,https://images.riverisland.com/is/image/RiverIsland/916867_swatch,
39,Jumpsuits,River Island,Cream,Petite Cream Tuxedo Playsuit,£65.00,,,https://www.riverisland.com/p/petite-cream-tuxedo-playsuit-913963,https://images.riverisland.com/image/upload/t_plp_portraitSmall/f_auto/q_auto/913963_main?_a=BATAV5AA0,Petite Cream Tuxedo Playsuit,,,,
40,Trousers,River Island,Black,Petite Black Pleated Wide Leg Trousers,£40.00,,,https://www.riverisland.com/p/petite-black-pleated-wide-leg-trousers-913647,https://images.riverisland.com/image/upload/t_plp_portraitSmall/f_auto/q_auto/913647_main?_a=BATAV5AA0,Petite Black Pleated Wide Leg Trousers,,,,
41,Trousers,River Island,Brown,Petite Brown Faux Leather Wide Leg Trousers,£45.00,,,https://www.riverisland.com/p/petite-brown-faux-leather-wide-leg-trousers-912472,https://images.riverisland.com/image/upload/t_plp_portraitSmall/f_auto/q_auto/912472_main?_a=BATAV5AA0,Petite Brown Faux Leather Wide Leg Trousers,,,,
42,Jeans,River Island,Blue,Petite Blue High Waisted Pocket Wide Leg Jean,£50.00,,,https://www.riverisland.com/p/petite-blue-high-waisted-pocket-wide-leg-jean-915863,https://images.riverisland.com/image/upload/t_plp_portraitSmall/f_auto/q_auto/915863_main?_a=BATAV5AA0,Petite Blue High Waisted Pocket Wide Leg Jean,https://images.riverisland.com/is/image/RiverIsland/915863_swatch,,https://images.riverisland.com/is/image/RiverIsland/914571_swatch,
43,Coats & Jackets,River Island,Black,Petite Black Faux Fur Collar Coat,£99.00,,,https://www.riverisland.com/p/petite-black-faux-fur-collar-coat-913773,https://images.riverisland.com/image/upload/t_plp_portraitSmall/f_auto/q_auto/913773_main?_a=BATAV5AA0,Petite Black Faux Fur Collar Coat,,,,
44,Jeans,River Island,Blue,Petite Blue Denim Double Waistband Jeans,£45.00,,,https://www.riverisland.com/p/petite-blue-denim-double-waistband-jeans-916267,https://images.riverisland.com/image/upload/t_plp_portraitSmall/f_auto/q_auto/916267_main?_a=BATAV5AA0,Petite Blue Denim Double Waistband Jeans,,,,
45,Dresses,River Island,Cream,Petite Cream Sequin Slip Dress,£66.00,,,https://www.riverisland.com/p/petite-cream-sequin-slip-dress-916078,https://images.riverisland.com/image/upload/t_plp_portraitSmall/f_auto/q_auto/916078_main?_a=BATAV5AA0,Petite Cream Sequin Slip Dress,,,,
46,Jeans,River Island,Black,Petite Black Relaxed Straight Jeans,£42.00,,,https://www.riverisland.com/p/petite-black-relaxed-straight-jeans-912150,https://images.riverisland.com/image/upload/t_plp_portraitSmall/f_auto/q_auto/912150_main?_a=BATAV5AA0,Petite Black Relaxed Straight Jeans,,,,
47,Trousers,River Island,Black,Petite Black Belted Wide Leg Trousers,£45.00,,,https://www.riverisland.com/p/petite-black-belted-wide-leg-trousers-917034,https://images.riverisland.com/image/upload/t_plp_portraitSmall/f_auto/q_auto/917034_main?_a=BATAV5AA0,Petite Black Belted Wide Leg Trousers,https://images.riverisland.com/is/image/RiverIsland/917034_swatch,,https://images.riverisland.com/is/image/RiverIsland/916443_swatch,
48,Trousers,River Island,Black,Petite Black Slim Tailored Flare Trousers,£39.00,,,https://www.riverisland.com/p/petite-black-slim-tailored-flare-trousers-916643,https://images.riverisland.com/image/upload/t_plp_portraitSmall/f_auto/q_auto/916643_main?_a=BATAV5AA0,Petite Black Slim Tailored Flare Trousers,,,,
49,Jeans,River Island,Black,Petite Black High Rise Wide Leg Jeans,£48.00,,,https://www.riverisland.com/p/petite-black-high-rise-wide-leg-jeans-916879,https://images.riverisland.com/image/upload/t_plp_portraitSmall/f_auto/q_auto/916879_main?_a=BATAV5AA0,Petite Black High Rise Wide Leg Jeans,,,,
50,Coats & Jackets,River Island,Black,Petite Black Belted Longline Military Coat,£99.00,,,https://www.riverisland.com/p/petite-black-belted-longline-military-coat-913513,https://images.riverisland.com/image/upload/t_plp_portraitSmall/f_auto/q_auto/913513_main?_a=BATAV5AA0,Petite Black Belted Longline Military Coat,,,,
51,Jeans,River Island,Red,Petite Red Corduroy Flared Jeans,£45.00,,,https://www.riverisland.com/p/petite-red-corduroy-flared-jeans-913542,https://images.riverisland.com/image/upload/t_plp_portraitSmall/f_auto/q_auto/913542_main?_a=BATAV5AA0,Petite Red Corduroy Flared Jeans,,,,
52,Coats & Jackets,River Island,Brown,Petite Brown Faux Fur Coat,£89.00,,,https://www.riverisland.com/p/petite-brown-faux-fur-coat-913093,https://images.riverisland.com/image/upload/t_plp_portraitSmall/f_auto/q_auto/913093_main?_a=BATAV5AA0,Petite Brown Faux Fur Coat,,,,
53,Cardigan,River Island,Cream,Petite Cream Embellished Faux Fur Cardigan,£60.00,,,https://www.riverisland.com/p/petite-cream-embellished-faux-fur-cardigan-914824,https://images.riverisland.com/image/upload/t_plp_portraitSmall/f_auto/q_auto/914824_main?_a=BATAV5AA0,Petite Cream Embellished Faux Fur Cardigan,,,,
54,Tops,River Island,Red,Petite Red Long Sleeved Velvet Shirt,£36.00,,,https://www.riverisland.com/p/petite-red-long-sleeved-velvet-shirt-917743,https://images.riverisland.com/image/upload/t_plp_portraitSmall/f_auto/q_auto/917743_main?_a=BATAV5AA0,Petite Red Long Sleeved Velvet Shirt,,,,
55,Trousers,River Island,Black,Petite Black Cropped Pull On Trousers,£25.00,,,https://www.riverisland.com/p/petite-black-cropped-pull-on-trousers-918484,https://images.riverisland.com/image/upload/t_plp_portraitSmall/f_auto/q_auto/918484_main?_a=BATAV5AA0,Petite Black Cropped Pull On Trousers,,,,
56,Jeans,River Island,Black,Petite Black Double Waistband Jeans,£45.00,,,https://www.riverisland.com/p/petite-black-double-waistband-jeans-916264,https://images.riverisland.com/image/upload/t_plp_portraitSmall/f_auto/q_auto/916264_main?_a=BATAV5AA0,Petite Black Double Waistband Jeans,,,,
57,Skirts,River Island,Red,Petite Red Mesh Ombre Print Midi Skirt,£30.00,,,https://www.riverisland.com/p/petite-red-mesh-ombre-print-midi-skirt-918491,https://images.riverisland.com/image/upload/t_plp_portraitSmall/f_auto/q_auto/918491_main?_a=BATAV5AA0,Petite Red Mesh Ombre Print Midi Skirt,,,,
58,Trousers,River Island,Cream,Petite Cream Belted Wide Leg Trousers,£45.00,,,https://www.riverisland.com/p/petite-cream-belted-wide-leg-trousers-917120,https://images.riverisland.com/image/upload/t_plp_portraitSmall/f_auto/q_auto/917120_main?_a=BATAV5AA0,Petite Cream Belted Wide Leg Trousers,,,,
59,Coats & Jackets,River Island,Cream,Petite Cream Collarless Sequin Button Jacket,£55.00,,,https://www.riverisland.com/p/petite-cream-collarless-sequin-button-jacket-914716,https://images.riverisland.com/image/upload/t_plp_portraitSmall/f_auto/q_auto/914716_main?_a=BATAV5AA0,Petite Cream Collarless Sequin Button Jacket,,,,
60,Jeans,River Island,Black,Petite Black High Rise Wide Leg Jeans,£50.00,,,https://www.riverisland.com/p/petite-black-high-rise-wide-leg-jeans-913130,https://images.riverisland.com/image/upload/t_plp_portraitSmall/f_auto/q_auto/913130_main?_a=BATAV5AA0,Petite Black High Rise Wide Leg Jeans,https://images.riverisland.com/is/image/RiverIsland/913130_swatch,,https://images.riverisland.com/is/image/RiverIsland/913101_swatch,
61,Coats & Jackets,River Island,Black,Petite Black Slim Fit Longline Padded Coat,£95.00,,,https://www.riverisland.com/p/petite-black-slim-fit-longline-padded-coat-908750,https://images.riverisland.com/image/upload/t_plp_portraitSmall/f_auto/q_auto/908750_main?_a=BATAV5AA0,Petite Black Slim Fit Longline Padded Coat,,,,
62,Coats & Jackets,River Island,Cream,Petite Cream Faux Fur Trim Padded Jacket,£89.00,,,https://www.riverisland.com/p/petite-cream-faux-fur-trim-padded-jacket-913902,https://images.riverisland.com/image/upload/t_plp_portraitSmall/f_auto/q_auto/913902_main?_a=BATAV5AA0,Petite Cream Faux Fur Trim Padded Jacket,,,,
63,Skirts,River Island,Beige,Petite Beige Floral Mesh Midi Skirt,£30.00,,,https://www.riverisland.com/p/petite-beige-floral-mesh-midi-skirt-917645,https://images.riverisland.com/image/upload/t_plp_portraitSmall/f_auto/q_auto/917645_main?_a=BATAV5AA0,Petite Beige Floral Mesh Midi Skirt,,,,
64,Jeans,River Island,Blue,Petite Blue High Rise Sculpted Mom Jeans,£45.00,,,https://www.riverisland.com/p/petite-blue-high-rise-sculpted-mom-jeans-916116,https://images.riverisland.com/image/upload/t_plp_portraitSmall/f_auto/q_auto/916116_main?_a=BATAV5AA0,Petite Blue High Rise Sculpted Mom Jeans,,,,
65,Jeans,River Island,Blue,Petite Blue Bum Sculpt Molly Skinny Jeans,£48.00,,,https://www.riverisland.com/p/petite-blue-bum-sculpt-molly-skinny-jeans-914355,https://images.riverisland.com/image/upload/t_plp_portraitSmall/f_auto/q_auto/914355_main?_a=BATAV5AA0,Petite Blue Bum Sculpt Molly Skinny Jeans,,,,
66,Dresses,River Island,Red,Petite Red Floral Tie Front Mini Dress,£46.00,,,https://www.riverisland.com/p/petite-red-floral-tie-front-mini-dress-917190,https://images.riverisland.com/image/upload/t_plp_portraitSmall/f_auto/q_auto/917190_main?_a=BATAV5AA0,Petite Red Floral Tie Front Mini Dress,,,,
67,Tops,River Island,Brown,Petite Brown Faux Leather Bandeau Top,£32.00,,,https://www.riverisland.com/p/petite-brown-faux-leather-bandeau-top-912473,https://images.riverisland.com/image/upload/t_plp_portraitSmall/f_auto/q_auto/912473_main?_a=BATAV5AA0,Petite Brown Faux Leather Bandeau Top,,,,
68,Tops,River Island,Beige,Petite Beige Mesh Floral Ruched Top,£28.00,,,https://www.riverisland.com/p/petite-beige-mesh-floral-ruched-top-917641,https://images.riverisland.com/image/upload/t_plp_portraitSmall/f_auto/q_auto/917641_main?_a=BATAV5AA0,Petite Beige Mesh Floral Ruched Top,,,,
69,Jeans,River Island,Blue,Petite Blue High Rise Relaxed Straight Jeans,£42.00,,,https://www.riverisland.com/p/petite-blue-high-rise-relaxed-straight-jeans-912151,https://images.riverisland.com/image/upload/t_plp_portraitSmall/f_auto/q_auto/912151_main?_a=BATAV5AA0,Petite Blue High Rise Relaxed Straight Jeans,,,,
70,Jeans,River Island,Black,Petite Black Denim Sculpt Molly Jeans,£48.00,,,https://www.riverisland.com/p/petite-black-denim-sculpt-molly-jeans-915420,https://images.riverisland.com/image/upload/t_plp_portraitSmall/f_auto/q_auto/915420_main?_a=BATAV5AA0,Petite Black Denim Sculpt Molly Jeans,,,,
71,Trousers,River Island,Red,Petite Red Bootcut Cropped Pull On Trousers,£25.00,,,https://www.riverisland.com/p/petite-red-bootcut-cropped-pull-on-trousers-918485,https://images.riverisland.com/image/upload/t_plp_portraitSmall/f_auto/q_auto/918485_main?_a=BATAV5AA0,Petite Red Bootcut Cropped Pull On Trousers,,,,
72,Trousers,River Island,Khaki,Petite Khaki Faux Leather Straight Trousers,£40.00,,,https://www.riverisland.com/p/petite-khaki-faux-leather-straight-trousers-913889,https://images.riverisland.com/image/upload/t_plp_portraitSmall/f_auto/q_auto/913889_main?_a=BATAV5AA0,Petite Khaki Faux Leather Straight Trousers,,,,
73,Skirts,River Island,Black,Petite Black Faux Leather Pocket Mini Skirt,£25.00,,,https://www.riverisland.com/p/petite-black-faux-leather-pocket-mini-skirt-914273,https://images.riverisland.com/image/upload/t_plp_portraitSmall/f_auto/q_auto/914273_main?_a=BATAV5AA0,Petite Black Faux Leather Pocket Mini Skirt,,,,
74,Tops,River Island,Red,Petite Red Mesh Ombre Print Top,£28.00,,,https://www.riverisland.com/p/petite-red-mesh-ombre-print-top-918486,https://images.riverisland.com/image/upload/t_plp_portraitSmall/f_auto/q_auto/918486_main?_a=BATAV5AA0,Petite Red Mesh Ombre Print Top,,,,
75,Jumpsuits,River Island,Black,Petite Black Velvet Bubble Bandeau Jumpsuit,£45.00,,,https://www.riverisland.com/p/petite-black-velvet-bubble-bandeau-jumpsuit-916924,https://images.riverisland.com/image/upload/t_plp_portraitSmall/f_auto/q_auto/916924_main?_a=BATAV5AA0,Petite Black Velvet Bubble Bandeau Jumpsuit,,,,
76,Jeans,River Island,Blue,Petite Blue Slim Fit High Waisted Jeans,£45.00,,,https://www.riverisland.com/p/petite-blue-slim-fit-high-waisted-jeans-916880,https://images.riverisland.com/image/upload/t_plp_portraitSmall/f_auto/q_auto/916880_main?_a=BATAV5AA0,Petite Blue Slim Fit High Waisted Jeans,,,,
77,Trousers,River Island,Beige,Petite Beige Leopard Print Sequin Trousers,£42.00,,,https://www.riverisland.com/p/petite-beige-leopard-print-sequin-trousers-914060,https://images.riverisland.com/image/upload/t_plp_portraitSmall/f_auto/q_auto/914060_main?_a=BATAV5AA0,Petite Beige Leopard Print Sequin Trousers,,,,
78,Tops,River Island,Red,Petite Red Draped Plunged Neck Bodysuit,£35.00,,,https://www.riverisland.com/p/petite-red-draped-plunged-neck-bodysuit-917748,https://images.riverisland.com/image/upload/t_plp_portraitSmall/f_auto/q_auto/917748_main?_a=BATAV5AA0,Petite Red Draped Plunged Neck Bodysuit,,,,
79,Swimwear,River Island,Pink,Petite Pink Textured Ring Detail Swimsuit,£38.00,,,https://www.riverisland.com/p/petite-pink-textured-ring-detail-swimsuit-915717,https://images.riverisland.com/image/upload/t_plp_portraitSmall/f_auto/q_auto/915717_main?_a=BATAV5AA0,Petite Pink Textured Ring Detail Swimsuit,,,,
80,Trousers,River Island,Black,Petite Black Slim Fit Ponte Trousers,£30.00,,,https://www.riverisland.com/p/petite-black-slim-fit-ponte-trousers-914316,https://images.riverisland.com/image/upload/t_plp_portraitSmall/f_auto/q_auto/914316_main?_a=BATAV5AA0,Petite Black Slim Fit Ponte Trousers,,,,
81,Jeans,River Island,Blue,Petite Blue Mid Rise Molly Skinny Jeans,£48.00,,,https://www.riverisland.com/p/petite-blue-mid-rise-molly-skinny-jeans-914399,https://images.riverisland.com/image/upload/t_plp_portraitSmall/f_auto/q_auto/914399_main?_a=BATAV5AA0,Petite Blue Mid Rise Molly Skinny Jeans,,,,
82,Shorts,River Island,Black,Petite Black Faux Leather Military Shorts,£35.00,,,https://www.riverisland.com/p/petite-black-faux-leather-military-shorts-912471,https://images.riverisland.com/image/upload/t_plp_portraitSmall/f_auto/q_auto/912471_main?_a=BATAV5AA0,Petite Black Faux Leather Military Shorts,,,,
83,Trousers,River Island,Red,Petite Red Velvet Bootcut Trousers,£35.00,,,https://www.riverisland.com/p/petite-red-velvet-bootcut-trousers-917747,https://images.riverisland.com/image/upload/t_plp_portraitSmall/f_auto/q_auto/917747_main?_a=BATAV5AA0,Petite Red Velvet Bootcut Trousers,,,,
84,Cardigan,River Island,Black,Petite Black Sequin Feather Cuff Cardigan,£45.00,,,https://www.riverisland.com/p/petite-black-sequin-feather-cuff-cardigan-914826,https://images.riverisland.com/image/upload/t_plp_portraitSmall/f_auto/q_auto/914826_main?_a=BATAV5AA0,Petite Black Sequin Feather Cuff Cardigan,,,,
85,Knitwear,River Island,Cream,Petite Cream Sequin Overlay High Neck Jumper,£48.00,,,https://www.riverisland.com/p/petite-cream-sequin-overlay-high-neck-jumper-914828,https://images.riverisland.com/image/upload/t_plp_portraitSmall/f_auto/q_auto/914828_main?_a=BATAV5AA0,Petite Cream Sequin Overlay High Neck Jumper,,,,
86,Jeans,River Island,Blue,Petite Blue High Waist Wide Leg Pocket Jeans,£50.00,,,https://www.riverisland.com/p/petite-blue-high-waist-wide-leg-pocket-jeans-914571,https://images.riverisland.com/image/upload/t_plp_portraitSmall/f_auto/q_auto/914571_main?_a=BATAV5AA0,Petite Blue High Waist Wide Leg Pocket Jeans,https://images.riverisland.com/is/image/RiverIsland/914571_swatch,,https://images.riverisland.com/is/image/RiverIsland/910513_swatch,
87,Trousers,River Island,Cream,Petite Cream Textured Flared Trousers,£35.00,,,https://www.riverisland.com/p/petite-cream-textured-flared-trousers-916822,https://images.riverisland.com/image/upload/t_plp_portraitSmall/f_auto/q_auto/916822_main?_a=BATAV5AA0,Petite Cream Textured Flared Trousers,,,,
88,Knitwear,River Island,Pink,Petite Pink Fluffy Jumper,£45.00,,,https://www.riverisland.com/p/petite-pink-fluffy-jumper-914198,https://images.riverisland.com/image/upload/t_plp_portraitSmall/f_auto/q_auto/914198_main?_a=BATAV5AA0,Petite Pink Fluffy Jumper,,,,
89,Coats & Jackets,River Island,Beige,Petite Beige Slim Padded Jacket,£69.00,,,https://www.riverisland.com/p/petite-beige-slim-padded-jacket-908884,https://images.riverisland.com/image/upload/t_plp_portraitSmall/f_auto/q_auto/908884_main?_a=BATAV5AA0,Petite Beige Slim Padded Jacket,,,,
90,Trousers,River Island,Black,Petite Black Faux Leather Wide Leg Trousers,£40.00,,,https://www.riverisland.com/p/petite-black-faux-leather-wide-leg-trousers-913730,https://images.riverisland.com/image/upload/t_plp_portraitSmall/f_auto/q_auto/913730_main?_a=BATAV5AA0,Petite Black Faux Leather Wide Leg Trousers,,,,
91,Tops,River Island,Black,Petite Black Chiffon Floral Ruffle Blouse,£36.00,,,https://www.riverisland.com/p/petite-black-chiffon-floral-ruffle-blouse-916228,https://images.riverisland.com/image/upload/t_plp_portraitSmall/f_auto/q_auto/916228_main?_a=BATAV5AA0,Petite Black Chiffon Floral Ruffle Blouse,,,,
92,Swimwear,River Island,Black,Petite Black Textured Plunged Neck Swimsuit,£45.00,,,https://www.riverisland.com/p/petite-black-textured-plunged-neck-swimsuit-916476,https://images.riverisland.com/image/upload/t_plp_portraitSmall/f_auto/q_auto/916476_main?_a=BATAV5AA0,Petite Black Textured Plunged Neck Swimsuit,,,,
93,Trousers,River Island,Black,Petite Black Faux Leather Straight Trousers,£40.00,,,https://www.riverisland.com/p/petite-black-faux-leather-straight-trousers-912465,https://images.riverisland.com/image/upload/t_plp_portraitSmall/f_auto/q_auto/912465_main?_a=BATAV5AA0,Petite Black Faux Leather Straight Trousers,,,,
94,Jeans,River Island,Blue,Petite Blue Relaxed Straight Fit Jeans,£42.00,,,https://www.riverisland.com/p/petite-blue-relaxed-straight-fit-jeans-911663,https://images.riverisland.com/image/upload/t_plp_portraitSmall/f_auto/q_auto/911663_main?_a=BATAV5AA0,Petite Blue Relaxed Straight Fit Jeans,https://images.riverisland.com/is/image/RiverIsland/911663_swatch,,https://images.riverisland.com/is/image/RiverIsland/905710_swatch,
95,Leggings Or Jeggings,River Island,Brown,Petite Brown Leopard Ribbed Flare Leggings,£22.00,,,https://www.riverisland.com/p/petite-brown-leopard-ribbed-flare-leggings-914689,https://images.riverisland.com/image/upload/t_plp_portraitSmall/f_auto/q_auto/914689_main?_a=BATAV5AA0,Petite Brown Leopard Ribbed Flare Leggings,,,,
96,Jeans,River Island,Black,Petite Black Tummy Hold Flared Jeans,£48.00,,,https://www.riverisland.com/p/petite-black-tummy-hold-flared-jeans-913103,https://images.riverisland.com/image/upload/t_plp_portraitSmall/f_auto/q_auto/913103_main?_a=BATAV5AA0,Petite Black Tummy Hold Flared Jeans,,,,
97,Tops,River Island,Cream,Petite Cream Textured Long Sleeve Shirt,£36.00,,,https://www.riverisland.com/p/petite-cream-textured-long-sleeve-shirt-916821,https://images.riverisland.com/image/upload/t_plp_portraitSmall/f_auto/q_auto/916821_main?_a=BATAV5AA0,Petite Cream Textured Long Sleeve Shirt,,,,
98,Tops,River Island,Cream,Petite Cream Sort Sleeve Tipped Waistcoat,£45.00,,,https://www.riverisland.com/p/petite-cream-sort-sleeve-tipped-waistcoat-912543,https://images.riverisland.com/image/upload/t_plp_portraitSmall/f_auto/q_auto/912543_main?_a=BATAV5AA0,Petite Cream Sort Sleeve Tipped Waistcoat,,,,
99,Jeans,River Island,Blue,Petite Blue Pocket Flared Jeans,£48.00,,,https://www.riverisland.com/p/petite-blue-pocket-flared-jeans-913527,https://images.riverisland.com/image/upload/t_plp_portraitSmall/f_auto/q_auto/913527_main?_a=BATAV5AA0,Petite Blue Pocket Flared Jeans,,,,
100,Jeans,River Island,,Petite Snakeskin Relaxed Straight Leg Jeans,£60.00,,,https://www.riverisland.com/p/petite-snakeskin-relaxed-straight-leg-jeans-913857,https://images.riverisland.com/image/upload/t_plp_portraitSmall/f_auto/q_auto/913857_main?_a=BATAV5AA0,Petite Snakeskin Relaxed Straight Leg Jeans,,,,
101,Trousers,River Island,Yellow,Petite Yellow Printed Broderie Trousers,£45.00,,,https://www.riverisland.com/p/petite-yellow-printed-broderie-trousers-915708,https://images.riverisland.com/image/upload/t_plp_portraitSmall/f_auto/q_auto/915708_main?_a=BATAV5AA0,Petite Yellow Printed Broderie Trousers,https://images.riverisland.com/is/image/RiverIsland/915708_swatch,,https://images.riverisland.com/is/image/RiverIsland/915269_swatch,
102,Swimwear,River Island,Yellow,Petite Yellow Floral Halterneck Swimsuit,£28.00,,,https://www.riverisland.com/p/petite-yellow-floral-halterneck-swimsuit-916727,https://images.riverisland.com/image/upload/t_plp_portraitSmall/f_auto/q_auto/916727_main?_a=BATAV5AA0,Petite Yellow Floral Halterneck Swimsuit,,,,
103,Skirts,River Island,Pink,Petite Pink Fluffy Knit Maxi Skirt,£35.00,,,https://www.riverisland.com/p/petite-pink-fluffy-knit-maxi-skirt-914197,https://images.riverisland.com/image/upload/t_plp_portraitSmall/f_auto/q_auto/914197_main?_a=BATAV5AA0,Petite Pink Fluffy Knit Maxi Skirt,,,,
104,Dresses,River Island,Yellow,Petite Yellow Ditsy Print Tiered Maxi Dress,£38.00,,,https://www.riverisland.com/p/petite-yellow-ditsy-print-tiered-maxi-dress-916421,https://images.riverisland.com/image/upload/t_plp_portraitSmall/f_auto/q_auto/916421_main?_a=BATAV5AA0,Petite Yellow Ditsy Print Tiered Maxi Dress,,,,
105,Tops,River Island,Brown,Petite Brown Mesh Leopard Asymmetric Bodysuit,£35.00,,,https://www.riverisland.com/p/petite-brown-mesh-leopard-asymmetric-bodysuit-914435,https://images.riverisland.com/image/upload/t_plp_portraitSmall/f_auto/q_auto/914435_main?_a=BATAV5AA0,Petite Brown Mesh Leopard Asymmetric Bodysuit,,,,
106,Trousers,River Island,Cream,Petite Cream Side Stripe Knit Trousers,£35.00,,,https://www.riverisland.com/p/petite-cream-side-stripe-knit-trousers-912550,https://images.riverisland.com/image/upload/t_plp_portraitSmall/f_auto/q_auto/912550_main?_a=BATAV5AA0,Petite Cream Side Stripe Knit Trousers,,,,
107,Trousers,River Island,Black,Petite Black Stitched Wide Leg Trousers,£30.00,,,https://www.riverisland.com/p/petite-black-stitched-wide-leg-trousers-907201,https://images.riverisland.com/image/upload/t_plp_portraitSmall/f_auto/q_auto/907201_main?_a=BATAV5AA0,Petite Black Stitched Wide Leg Trousers,,,,
108,Dresses,River Island,Brown,Petite Brown Abstract Print Maxi Dress,£59.00,,,https://www.riverisland.com/p/petite-brown-abstract-print-maxi-dress-916059,https://images.riverisland.com/image/upload/t_plp_portraitSmall/f_auto/q_auto/916059_main?_a=BATAV5AA0,Petite Brown Abstract Print Maxi Dress,,,,
109,Trousers,River Island,Grey,Petite Grey Boucle Wide Leg Trousers,£38.00,,,https://www.riverisland.com/p/petite-grey-boucle-wide-leg-trousers-916720,https://images.riverisland.com/image/upload/t_plp_portraitSmall/f_auto/q_auto/916720_main?_a=BATAV5AA0,Petite Grey Boucle Wide Leg Trousers,,,,
110,Jeans,River Island,Black,Petite Black Relaxed Straight Floral Jeans,£50.00,,,https://www.riverisland.com/p/petite-black-relaxed-straight-floral-jeans-915674,https://images.riverisland.com/image/upload/t_plp_portraitSmall/f_auto/q_auto/915674_main?_a=BATAV5AA0,Petite Black Relaxed Straight Floral Jeans,,,,
111,Trousers,River Island,Black,Petite Black Pleated Wide Leg Culottes,£32.00,,,https://www.riverisland.com/p/petite-black-pleated-wide-leg-culottes-918037,https://images.riverisland.com/image/upload/t_plp_portraitSmall/f_auto/q_auto/918037_main?_a=BATAV5AA0,Petite Black Pleated Wide Leg Culottes,,,,
112,Blazers,River Island,Black,Petite Black Crepe Rolled Sleeve Blazer,£49.00,,,https://www.riverisland.com/p/petite-black-crepe-rolled-sleeve-blazer-914096,https://images.riverisland.com/image/upload/t_plp_portraitSmall/f_auto/q_auto/914096_main?_a=BATAV5AA0,Petite Black Crepe Rolled Sleeve Blazer,,,,
113,Shorts,River Island,Cream,Petite Cream Embroidered Drawstring Shorts,£28.00,,,https://www.riverisland.com/p/petite-cream-embroidered-drawstring-shorts-915712,https://images.riverisland.com/image/upload/t_plp_portraitSmall/f_auto/q_auto/915712_main?_a=BATAV5AA0,Petite Cream Embroidered Drawstring Shorts,,,,
114,Jeans,River Island,Black,Petite Black Zebra Relaxed Straight Jeans,£48.00,,,https://www.riverisland.com/p/petite-black-zebra-relaxed-straight-jeans-914390,https://images.riverisland.com/image/upload/t_plp_portraitSmall/f_auto/q_auto/914390_main?_a=BATAV5AA0,Petite Black Zebra Relaxed Straight Jeans,,,,
115,Tops,River Island,Yellow,Petite Yellow Broderie Shirt,£45.00,,,https://www.riverisland.com/p/petite-yellow-broderie-shirt-915707,https://images.riverisland.com/image/upload/t_plp_portraitSmall/f_auto/q_auto/915707_main?_a=BATAV5AA0,Petite Yellow Broderie Shirt,,,,
116,Tops,River Island,Cream,Petite Cream Embroidered Crop Top,£25.00,,,https://www.riverisland.com/p/petite-cream-embroidered-crop-top-915709,https://images.riverisland.com/image/upload/t_plp_portraitSmall/f_auto/q_auto/915709_main?_a=BATAV5AA0,Petite Cream Embroidered Crop Top,,,,
117,Jeans,River Island,Blue,Petite Blue Denim High Rise Slim Leg Jeans,£45.00,,,https://www.riverisland.com/p/petite-blue-denim-high-rise-slim-leg-jeans-914405,https://images.riverisland.com/image/upload/t_plp_portraitSmall/f_auto/q_auto/914405_main?_a=BATAV5AA0,Petite Blue Denim High Rise Slim Leg Jeans,,,,
118,Trousers,River Island,Black,Petite Black Metallic Wide Leg Trousers,£35.00,,,https://www.riverisland.com/p/petite-black-metallic-wide-leg-trousers-916824,https://images.riverisland.com/image/upload/t_plp_portraitSmall/f_auto/q_auto/916824_main?_a=BATAV5AA0,Petite Black Metallic Wide Leg Trousers,,,,
119,Tops,River Island,Brown,Petite Brown Leopard Print Sequin T-Shirt,£38.00,,,https://www.riverisland.com/p/petite-brown-leopard-print-sequin-t-shirt-914057,https://images.riverisland.com/image/upload/t_plp_portraitSmall/f_auto/q_auto/914057_main?_a=BATAV5AA0,Petite Brown Leopard Print Sequin T-Shirt,,,,
120,Trousers,River Island,Black,Petite Black Bootcut Trousers,£30.00,,,https://www.riverisland.com/p/petite-black-bootcut-trousers-915435,https://images.riverisland.com/image/upload/t_plp_portraitSmall/f_auto/q_auto/915435_main?_a=BATAV5AA0,Petite Black Bootcut Trousers,,,,
121,Jeans,River Island,Blue,Petite Blue Mid Rise Flared Jeans,£48.00,,,https://www.riverisland.com/p/petite-blue-mid-rise-flared-jeans-907125,https://images.riverisland.com/image/upload/t_plp_portraitSmall/f_auto/q_auto/907125_main?_a=BATAV5AA0,Petite Blue Mid Rise Flared Jeans,,,,
122,Dresses,River Island,Grey,Petite Grey Bodycon Jersey Dress,£28.00,,,https://www.riverisland.com/p/petite-grey-bodycon-jersey-dress-914888,https://images.riverisland.com/image/upload/t_plp_portraitSmall/f_auto/q_auto/914888_main?_a=BATAV5AA0,Petite Grey Bodycon Jersey Dress,https://images.riverisland.com/is/image/RiverIsland/914888_swatch,,https://images.riverisland.com/is/image/RiverIsland/914887_swatch,
123,Skirts,River Island,Black,Petite Black Satin Lace Midi Skirt,£45.00,,,https://www.riverisland.com/p/petite-black-satin-lace-midi-skirt-915690,https://images.riverisland.com/image/upload/t_plp_portraitSmall/f_auto/q_auto/915690_main?_a=BATAV5AA0,Petite Black Satin Lace Midi Skirt,,,,
124,Coats & Jackets,River Island,Brown,Petite Brown Leopard Print Sculpted Jacket,£69.00,,,https://www.riverisland.com/p/petite-brown-leopard-print-sculpted-jacket-912742,https://images.riverisland.com/image/upload/t_plp_portraitSmall/f_auto/q_auto/912742_main?_a=BATAV5AA0,Petite Brown Leopard Print Sculpted Jacket,,,,
125,Jeans,River Island,Grey,Petite Grey High Waisted Wide Leg Jeans,£50.00,,,https://www.riverisland.com/p/petite-grey-high-waisted-wide-leg-jeans-913101,https://images.riverisland.com/image/upload/t_plp_portraitSmall/f_auto/q_auto/913101_main?_a=BATAV5AA0,Petite Grey High Waisted Wide Leg Jeans,https://images.riverisland.com/is/image/RiverIsland/913101_swatch,,https://images.riverisland.com/is/image/RiverIsland/913130_swatch,
126,Dresses,River Island,Beige,Petite Beige Paisley Print Smock Mini Dress,£55.00,,,https://www.riverisland.com/p/petite-beige-paisley-print-smock-mini-dress-911474,https://images.riverisland.com/image/upload/t_plp_portraitSmall/f_auto/q_auto/911474_main?_a=BATAV5AA0,Petite Beige Paisley Print Smock Mini Dress,,,,
127,Trousers,River Island,Cream,Petite Cream High Waisted Wide Leg Trousers,£45.00,,,https://www.riverisland.com/p/petite-cream-high-waisted-wide-leg-trousers-914207,https://images.riverisland.com/image/upload/t_plp_portraitSmall/f_auto/q_auto/914207_main?_a=BATAV5AA0,Petite Cream High Waisted Wide Leg Trousers,,,,
128,Dresses,River Island,Black,Petite Black Bubble Hem Bodycon Mini Dress,£45.00,,,https://www.riverisland.com/p/petite-black-bubble-hem-bodycon-mini-dress-914930,https://images.riverisland.com/image/upload/t_plp_portraitSmall/f_auto/q_auto/914930_main?_a=BATAV5AA0,Petite Black Bubble Hem Bodycon Mini Dress,,,,
129,Tops,River Island,Brown,Petite Brown Leopard Ribbed Long Sleeve Top,£16.00,,,https://www.riverisland.com/p/petite-brown-leopard-ribbed-long-sleeve-top-914688,https://images.riverisland.com/image/upload/t_plp_portraitSmall/f_auto/q_auto/914688_main?_a=BATAV5AA0,Petite Brown Leopard Ribbed Long Sleeve Top,,,,
130,Blazers,River Island,Cream,Petite Cream Pocket Military Blazer,£59.00,,,https://www.riverisland.com/p/petite-cream-pocket-military-blazer-915564,https://images.riverisland.com/image/upload/t_plp_portraitSmall/f_auto/q_auto/915564_main?_a=BATAV5AA0,Petite Cream Pocket Military Blazer,,,,
131,Tops,River Island,Grey,Petite Grey Check Boucle Sweatshirt,£38.00,,,https://www.riverisland.com/p/petite-grey-check-boucle-sweatshirt-916719,https://images.riverisland.com/image/upload/t_plp_portraitSmall/f_auto/q_auto/916719_main?_a=BATAV5AA0,Petite Grey Check Boucle Sweatshirt,,,,
132,Tops,River Island,Khaki,Petite Khaki Textured Off Shoulder Drape Top,£28.00,,,https://www.riverisland.com/p/petite-khaki-textured-off-shoulder-drape-top-916818,https://images.riverisland.com/image/upload/t_plp_portraitSmall/f_auto/q_auto/916818_main?_a=BATAV5AA0,Petite Khaki Textured Off Shoulder Drape Top,,,,
133,Skirts,River Island,Black,Petite Black Chiffon Floral Ruffle Maxi Skirt,£36.00,,,https://www.riverisland.com/p/petite-black-chiffon-floral-ruffle-maxi-skirt-916225,https://images.riverisland.com/image/upload/t_plp_portraitSmall/f_auto/q_auto/916225_main?_a=BATAV5AA0,Petite Black Chiffon Floral Ruffle Maxi Skirt,,,,
134,Trousers,River Island,Black,Petite Black Plisse Ombre Wide Leg Trousers,£35.00,,,https://www.riverisland.com/p/petite-black-plisse-ombre-wide-leg-trousers-914126,https://images.riverisland.com/image/upload/t_plp_portraitSmall/f_auto/q_auto/914126_main?_a=BATAV5AA0,Petite Black Plisse Ombre Wide Leg Trousers,,,,
135,Jeans,River Island,Blue,Petite Blue High Rise Wide Leg Jeans,£48.00,,,https://www.riverisland.com/p/petite-blue-high-rise-wide-leg-jeans-914393,https://images.riverisland.com/image/upload/t_plp_portraitSmall/f_auto/q_auto/914393_main?_a=BATAV5AA0,Petite Blue High Rise Wide Leg Jeans,,,,
136,Tops,River Island,Khaki,Petite Khaki Washed Sweatshirt T-Shirt,£26.00,,,https://www.riverisland.com/p/petite-khaki-washed-sweatshirt-t-shirt-914485,https://images.riverisland.com/image/upload/t_plp_portraitSmall/f_auto/q_auto/914485_main?_a=BATAV5AA0,Petite Khaki Washed Sweatshirt T-Shirt,,,,
137,Dresses,River Island,Black,Petite Black Bandeau Bow Mini Dress,£69.00,,,https://www.riverisland.com/p/petite-black-bandeau-bow-mini-dress-914667,https://images.riverisland.com/image/upload/t_plp_portraitSmall/f_auto/q_auto/914667_main?_a=BATAV5AA0,Petite Black Bandeau Bow Mini Dress,,,,
138,Jeans,River Island,Grey,Petite Grey Light High Rise Flare Jeans,£48.00,,,https://www.riverisland.com/p/petite-grey-light-high-rise-flare-jeans-914573,https://images.riverisland.com/image/upload/t_plp_portraitSmall/f_auto/q_auto/914573_main?_a=BATAV5AA0,Petite Grey Light High Rise Flare Jeans,,,,
139,Tops,River Island,Black,Petite Black Long Sleeve Ribbed T-Shirt,£14.00,,,https://www.riverisland.com/p/petite-black-long-sleeve-ribbed-t-shirt-914685,https://images.riverisland.com/image/upload/t_plp_portraitSmall/f_auto/q_auto/914685_main?_a=BATAV5AA0,Petite Black Long Sleeve Ribbed T-Shirt,,,,
140,Tops,River Island,Grey,Petite Grey Snake Print Sweatshirt,£28.00,,,https://www.riverisland.com/p/petite-grey-snake-print-sweatshirt-916269,https://images.riverisland.com/image/upload/t_plp_portraitSmall/f_auto/q_auto/916269_main?_a=BATAV5AA0,Petite Grey Snake Print Sweatshirt,,,,
141,Dresses,River Island,Brown,Petite Brown Metallic Fringe Midi Dress,£60.00,,,https://www.riverisland.com/p/petite-brown-metallic-fringe-midi-dress-911383,https://images.riverisland.com/image/upload/t_plp_portraitSmall/f_auto/q_auto/911383_main?_a=BATAV5AA0,Petite Brown Metallic Fringe Midi Dress,,,,
142,Jeans,River Island,Black,Petite Black High Waisted Mom Jeans,£45.00,,,https://www.riverisland.com/p/petite-black-high-waisted-mom-jeans-913849,https://images.riverisland.com/image/upload/t_plp_portraitSmall/f_auto/q_auto/913849_main?_a=BATAV5AA0,Petite Black High Waisted Mom Jeans,,,,
143,Trousers,River Island,Grey,Petite Grey Snake Print Wide Leg Joggers,£32.00,,,https://www.riverisland.com/p/petite-grey-snake-print-wide-leg-joggers-916273,https://images.riverisland.com/image/upload/t_plp_portraitSmall/f_auto/q_auto/916273_main?_a=BATAV5AA0,Petite Grey Snake Print Wide Leg Joggers,,,,
144,Trousers,River Island,Khaki,Petite Khaki Wide Leg Joggers,£30.00,,,https://www.riverisland.com/p/petite-khaki-wide-leg-joggers-914491,https://images.riverisland.com/image/upload/t_plp_portraitSmall/f_auto/q_auto/914491_main?_a=BATAV5AA0,Petite Khaki Wide Leg Joggers,,,,
145,Tops,River Island,Black,Petite Black Metallic Off Shoulder Drape Top,£30.00,,,https://www.riverisland.com/p/petite-black-metallic-off-shoulder-drape-top-916823,https://images.riverisland.com/image/upload/t_plp_portraitSmall/f_auto/q_auto/916823_main?_a=BATAV5AA0,Petite Black Metallic Off Shoulder Drape Top,,,,
146,Tops,River Island,Blue,Petite Blue Denim Crop Shirt,£35.00,,,https://www.riverisland.com/p/petite-blue-denim-crop-shirt-914684,https://images.riverisland.com/image/upload/t_plp_portraitSmall/f_auto/q_auto/914684_main?_a=BATAV5AA0,Petite Blue Denim Crop Shirt,,,,
147,Jeans,River Island,Blue,Petite Blue Tummy Hold Flared Jeans,£48.00,,,https://www.riverisland.com/p/petite-blue-tummy-hold-flared-jeans-913272,https://images.riverisland.com/image/upload/t_plp_portraitSmall/f_auto/q_auto/913272_main?_a=BATAV5AA0,Petite Blue Tummy Hold Flared Jeans,,,,
148,Trousers,River Island,Grey,Petite Grey Double Belted Wide Leg Trousers,£55.00,,,https://www.riverisland.com/p/petite-grey-double-belted-wide-leg-trousers-914886,https://images.riverisland.com/image/upload/t_plp_portraitSmall/f_auto/q_auto/914886_main?_a=BATAV5AA0,Petite Grey Double Belted Wide Leg Trousers,,,,
149,Coats & Jackets,River Island,Blue,Petite Blue Peplum Denim Jacket,£69.00,,,https://www.riverisland.com/p/petite-blue-peplum-denim-jacket-913848,https://images.riverisland.com/image/upload/t_plp_portraitSmall/f_auto/q_auto/913848_main?_a=BATAV5AA0,Petite Blue Peplum Denim Jacket,,,,
150,Trousers,River Island,Khaki,Petite Khaki Textured Wide Leg Trousers,£30.00,,,https://www.riverisland.com/p/petite-khaki-textured-wide-leg-trousers-916819,https://images.riverisland.com/image/upload/t_plp_portraitSmall/f_auto/q_auto/916819_main?_a=BATAV5AA0,Petite Khaki Textured Wide Leg Trousers,,,,
151,Tops,River Island,Black,Petite Black Ombre Plisse Sleeveless Top,£32.00,,,https://www.riverisland.com/p/petite-black-ombre-plisse-sleeveless-top-914125,https://images.riverisland.com/image/upload/t_plp_portraitSmall/f_auto/q_auto/914125_main?_a=BATAV5AA0,Petite Black Ombre Plisse Sleeveless Top,,,,
152,Tops,River Island,Red,Petite Red Long Sleeve Lace Insert Blouse,£36.00,,,https://www.riverisland.com/p/petite-red-long-sleeve-lace-insert-blouse-913734,https://images.riverisland.com/image/upload/t_plp_portraitSmall/f_auto/q_auto/913734_main?_a=BATAV5AA0,Petite Red Long Sleeve Lace Insert Blouse,,,,
153,Dresses,River Island,Grey,Petite Grey Hybrid Lace T-Shirt Midi Dress,£40.00,,,https://www.riverisland.com/p/petite-grey-hybrid-lace-t-shirt-midi-dress-915323,https://images.riverisland.com/image/upload/t_plp_portraitSmall/f_auto/q_auto/915323_main?_a=BATAV5AA0,Petite Grey Hybrid Lace T-Shirt Midi Dress,,,,
154,Skirts,River Island,Brown,Petite Brown Leopard Structured Mini Skirt,£29.00,,,https://www.riverisland.com/p/petite-brown-leopard-structured-mini-skirt-912743,https://images.riverisland.com/image/upload/t_plp_portraitSmall/f_auto/q_auto/912743_main?_a=BATAV5AA0,Petite Brown Leopard Structured Mini Skirt,,,,
155,Tops,River Island,Cream,Petite Cream Lace Frill Long Sleeve Blouse,£42.00,,,https://www.riverisland.com/p/petite-cream-lace-frill-long-sleeve-blouse-913261,https://images.riverisland.com/image/upload/t_plp_portraitSmall/f_auto/q_auto/913261_main?_a=BATAV5AA0,Petite Cream Lace Frill Long Sleeve Blouse,,,,
156,Skirts,River Island,Red,Petite Red Boucle Button Mini Skirt,£29.00,,,https://www.riverisland.com/p/petite-red-boucle-button-mini-skirt-912376,https://images.riverisland.com/image/upload/t_plp_portraitSmall/f_auto/q_auto/912376_main?_a=BATAV5AA0,Petite Red Boucle Button Mini Skirt,,,,
157,Dresses,River Island,Pink,Petite Pink Mesh Ombre Bodycon Midi Dress,£45.00,,,https://www.riverisland.com/p/petite-pink-mesh-ombre-bodycon-midi-dress-914726,https://images.riverisland.com/image/upload/t_plp_portraitSmall/f_auto/q_auto/914726_main?_a=BATAV5AA0,Petite Pink Mesh Ombre Bodycon Midi Dress,,,,
158,Tops,River Island,Pink,Petite Pink Chiffon Frill Blouse,£42.00,,,https://www.riverisland.com/p/petite-pink-chiffon-frill-blouse-913932,https://images.riverisland.com/image/upload/t_plp_portraitSmall/f_auto/q_auto/913932_main?_a=BATAV5AA0,Petite Pink Chiffon Frill Blouse,,,,
159,Tops,River Island,Denim,Petite Denim Button Up Waistcoat,£49.00,,,https://www.riverisland.com/p/petite-denim-button-up-waistcoat-913844,https://images.riverisland.com/image/upload/t_plp_portraitSmall/f_auto/q_auto/913844_main?_a=BATAV5AA0,Petite Denim Button Up Waistcoat,,,,
160,Tops,River Island,Beige,Petite Beige Ribbed Long Sleeve T-Shirt,£14.00,,,https://www.riverisland.com/p/petite-beige-ribbed-long-sleeve-t-shirt-914690,https://images.riverisland.com/image/upload/t_plp_portraitSmall/f_auto/q_auto/914690_main?_a=BATAV5AA0,Petite Beige Ribbed Long Sleeve T-Shirt,,,,
161,Dresses,River Island,Black,Petite Black Studded Broderie Shirt Dress,£60.00,,,https://www.riverisland.com/p/petite-black-studded-broderie-shirt-dress-912829,https://images.riverisland.com/image/upload/t_plp_portraitSmall/f_auto/q_auto/912829_main?_a=BATAV5AA0,Petite Black Studded Broderie Shirt Dress,,,,
162,Dresses,River Island,Brown,Petite Brown Leopard Print T-Shirt Midi Dress,£26.00,,,https://www.riverisland.com/p/petite-brown-leopard-print-t-shirt-midi-dress-915568,https://images.riverisland.com/image/upload/t_plp_portraitSmall/f_auto/q_auto/915568_main?_a=BATAV5AA0,Petite Brown Leopard Print T-Shirt Midi Dress,,,,
163,Trousers,River Island,Beige,Petite Beige Belted Wide Leg Trousers,£45.00,,,https://www.riverisland.com/p/petite-beige-belted-wide-leg-trousers-916443,https://images.riverisland.com/image/upload/t_plp_portraitSmall/f_auto/q_auto/916443_main?_a=BATAV5AA0,Petite Beige Belted Wide Leg Trousers,,,,
164,Skirts,River Island,Beige,Petite Beige Pencil Rib Maxi Skirt,£18.00,,,https://www.riverisland.com/p/petite-beige-pencil-rib-maxi-skirt-914691,https://images.riverisland.com/image/upload/t_plp_portraitSmall/f_auto/q_auto/914691_main?_a=BATAV5AA0,Petite Beige Pencil Rib Maxi Skirt,,,,
165,Jeans,River Island,Blue,Petite Blue High Waisted Flared Jeans,£48.00,,,https://www.riverisland.com/p/petite-blue-high-waisted-flared-jeans-907567,https://images.riverisland.com/image/upload/t_plp_portraitSmall/f_auto/q_auto/907567_main?_a=BATAV5AA0,Petite Blue High Waisted Flared Jeans,,,,
166,Leggings Or Jeggings,River Island,Black,Petite Black High Waisted Leggings,£12.00,,,https://www.riverisland.com/p/petite-black-high-waisted-leggings-785408,https://images.riverisland.com/image/upload/t_plp_portraitSmall/f_auto/q_auto/785408_main?_a=BATAV5AA0,Petite Black High Waisted Leggings,,,,
167,Trousers,River Island,Black,Petite Black Textured Trousers,£35.00,,,https://www.riverisland.com/p/petite-black-textured-trousers-906365,https://images.riverisland.com/image/upload/t_plp_portraitSmall/f_auto/q_auto/906365_main?_a=BATAV5AA0,Petite Black Textured Trousers,,,,
168,Trousers,River Island,Cream,Petite Cream High Waisted Straight Trousers,£40.00,,,https://www.riverisland.com/p/petite-cream-high-waisted-straight-trousers-915353,https://images.riverisland.com/image/upload/t_plp_portraitSmall/f_auto/q_auto/915353_main?_a=BATAV5AA0,Petite Cream High Waisted Straight Trousers,,,,
169,Blazers,River Island,Black,Petite Black Double Breasted Blazer,£59.00,,,https://www.riverisland.com/p/petite-black-double-breasted-blazer-915479,https://images.riverisland.com/image/upload/t_plp_portraitSmall/f_auto/q_auto/915479_main?_a=BATAV5AA0,Petite Black Double Breasted Blazer,,,,
170,Dresses,River Island,Khaki,Petite Khaki Ribbed Bodycon Midi Dress,£28.00,,,https://www.riverisland.com/p/petite-khaki-ribbed-bodycon-midi-dress-914887,https://images.riverisland.com/image/upload/t_plp_portraitSmall/f_auto/q_auto/914887_main?_a=BATAV5AA0,Petite Khaki Ribbed Bodycon Midi Dress,https://images.riverisland.com/is/image/RiverIsland/914887_swatch,,https://images.riverisland.com/is/image/RiverIsland/914888_swatch,
171,Dresses,River Island,Black,Petite Black Layered Ruffle Mini Dress,£59.00,,,https://www.riverisland.com/p/petite-black-layered-ruffle-mini-dress-914721,https://images.riverisland.com/image/upload/t_plp_portraitSmall/f_auto/q_auto/914721_main?_a=BATAV5AA0,Petite Black Layered Ruffle Mini Dress,,,,
172,Jeans,River Island,Blue,Petite Blue High Waisted Skinny Jeans,£48.00,,,https://www.riverisland.com/p/petite-blue-high-waisted-skinny-jeans-908485,https://images.riverisland.com/image/upload/t_plp_portraitSmall/f_auto/q_auto/908485_main?_a=BATAV5AA0,Petite Blue High Waisted Skinny Jeans,,,,
173,Trousers,River Island,Blue,Petite Blue Wide Leg Denim Trousers,£55.00,,,https://www.riverisland.com/p/petite-blue-wide-leg-denim-trousers-913850,https://images.riverisland.com/image/upload/t_plp_portraitSmall/f_auto/q_auto/913850_main?_a=BATAV5AA0,Petite Blue Wide Leg Denim Trousers,,,,
174,Jeans,River Island,Grey,Petite Grey Mid Rise Sculpt Jeans,£48.00,,,https://www.riverisland.com/p/petite-grey-mid-rise-sculpt-jeans-914400,https://images.riverisland.com/image/upload/t_plp_portraitSmall/f_auto/q_auto/914400_main?_a=BATAV5AA0,Petite Grey Mid Rise Sculpt Jeans,,,,
175,Dresses,River Island,Green,Petite Green Asymmetric Drape Wrap Midi Dress,£45.00,,,https://www.riverisland.com/p/petite-green-asymmetric-drape-wrap-midi-dress-916138,https://images.riverisland.com/image/upload/t_plp_portraitSmall/f_auto/q_auto/916138_main?_a=BATAV5AA0,Petite Green Asymmetric Drape Wrap Midi Dress,,,,
176,Coats & Jackets,River Island,Red,Petite Red Crop Collarless Jacket,£45.00,,,https://www.riverisland.com/p/petite-red-crop-collarless-jacket-912375,https://images.riverisland.com/image/upload/t_plp_portraitSmall/f_auto/q_auto/912375_main?_a=BATAV5AA0,Petite Red Crop Collarless Jacket,,,,
177,Jeans,River Island,Blue,Petite Blue Molly Bum Sculpt Skinny Jeans,£48.00,,,https://www.riverisland.com/p/petite-blue-molly-bum-sculpt-skinny-jeans-914398,https://images.riverisland.com/image/upload/t_plp_portraitSmall/f_auto/q_auto/914398_main?_a=BATAV5AA0,Petite Blue Molly Bum Sculpt Skinny Jeans,,,,
178,Dresses,River Island,Blue,Petite Blue Denim Bardot Stretch Midi Dress,£55.00,,,https://www.riverisland.com/p/petite-blue-denim-bardot-stretch-midi-dress-913587,https://images.riverisland.com/image/upload/t_plp_portraitSmall/f_auto/q_auto/913587_main?_a=BATAV5AA0,Petite Blue Denim Bardot Stretch Midi Dress,,,,
179,Trousers,River Island,Gold,Petite Gold Wide Leg Knit Trousers,£30.00,,,https://www.riverisland.com/p/petite-gold-wide-leg-knit-trousers-915036,https://images.riverisland.com/image/upload/t_plp_portraitSmall/f_auto/q_auto/915036_main?_a=BATAV5AA0,Petite Gold Wide Leg Knit Trousers,,,,
180,Coats & Jackets,River Island,Black,Petite Black Faux Leather Zip Biker Jacket,£49.00,,,https://www.riverisland.com/p/petite-black-faux-leather-zip-biker-jacket-912969,https://images.riverisland.com/image/upload/t_plp_portraitSmall/f_auto/q_auto/912969_main?_a=BATAV5AA0,Petite Black Faux Leather Zip Biker Jacket,,,,
181,Jeans,River Island,Blue,Petite Blue High Waisted Slim Fit Jeans,£45.00,,,https://www.riverisland.com/p/petite-blue-high-waisted-slim-fit-jeans-914594,https://images.riverisland.com/image/upload/t_plp_portraitSmall/f_auto/q_auto/914594_main?_a=BATAV5AA0,Petite Blue High Waisted Slim Fit Jeans,,,,
182,Dresses,River Island,Green,Petite Green Tulle Mini Dress,£75.00,,,https://www.riverisland.com/p/petite-green-tulle-mini-dress-918076,https://images.riverisland.com/image/upload/t_plp_portraitSmall/f_auto/q_auto/918076_main?_a=BATAV5AA0,Petite Green Tulle Mini Dress,,,,
183,Trousers,River Island,Black,Petite Black Wide Leg Trousers,£40.00,,,https://www.riverisland.com/p/petite-black-wide-leg-trousers-903810,https://images.riverisland.com/image/upload/t_plp_portraitSmall/f_auto/q_auto/903810_main?_a=BATAV5AA0,Petite Black Wide Leg Trousers,,,,
184,Trousers,River Island,Black,Petite Black Tailored Joggers,£35.00,,,https://www.riverisland.com/p/petite-black-tailored-joggers-913815,https://images.riverisland.com/image/upload/t_plp_portraitSmall/f_auto/q_auto/913815_main?_a=BATAV5AA0,Petite Black Tailored Joggers,,,,
185,Jeans,River Island,Blue,Petite Blue High Waisted Slim Straight Jeans,£45.00,,,https://www.riverisland.com/p/petite-blue-high-waisted-slim-straight-jeans-908699,https://images.riverisland.com/image/upload/t_plp_portraitSmall/f_auto/q_auto/908699_main?_a=BATAV5AA0,Petite Blue High Waisted Slim Straight Jeans,,,,
186,Trousers,River Island,Black,Petite Black High Waisted Wide Leg Trousers,£45.00,,,https://www.riverisland.com/p/petite-black-high-waisted-wide-leg-trousers-915796,https://images.riverisland.com/image/upload/t_plp_portraitSmall/f_auto/q_auto/915796_main?_a=BATAV5AA0,Petite Black High Waisted Wide Leg Trousers,https://images.riverisland.com/is/image/RiverIsland/915796_swatch,,https://images.riverisland.com/is/image/RiverIsland/914207_swatch,
187,Jeans,River Island,Blue,Petite Blue High Waisted Wide Leg Jeans,£50.00,,,https://www.riverisland.com/p/petite-blue-high-waisted-wide-leg-jeans-910513,https://images.riverisland.com/image/upload/t_plp_portraitSmall/f_auto/q_auto/910513_main?_a=BATAV5AA0,Petite Blue High Waisted Wide Leg Jeans,,,,
188,Jeans,River Island,Black,Petite Black Mid Rise Skinny Jeans,£40.00,,,https://www.riverisland.com/p/petite-black-mid-rise-skinny-jeans-914723,https://images.riverisland.com/image/upload/t_plp_portraitSmall/f_auto/q_auto/914723_main?_a=BATAV5AA0,Petite Black Mid Rise Skinny Jeans,,,,
189,Jeans,River Island,Black,Petite Black Barrel Jeans,£45.00,,,https://www.riverisland.com/p/petite-black-barrel-jeans-914357,https://images.riverisland.com/image/upload/t_plp_portraitSmall/f_auto/q_auto/914357_main?_a=BATAV5AA0,Petite Black Barrel Jeans,,,,
190,Coats & Jackets,River Island,Black,Petite Black Faux Leather Biker Jacket,£49.00,,,https://www.riverisland.com/p/petite-black-faux-leather-biker-jacket-904079,https://images.riverisland.com/image/upload/t_plp_portraitSmall/f_auto/q_auto/904079_main?_a=BATAV5AA0,Petite Black Faux Leather Biker Jacket,,,,
191,Tops,River Island,Black,Petite Black Button Front Waistcoat,£38.00,,,https://www.riverisland.com/p/petite-black-button-front-waistcoat-904791,https://images.riverisland.com/image/upload/t_plp_portraitSmall/f_auto/q_auto/904791_main?_a=BATAV5AA0,Petite Black Button Front Waistcoat,,,,
192,Jumpsuits,River Island,Khaki,Petite Khaki Waistcoat Wide Leg Jumpsuit,£45.00,,,https://www.riverisland.com/p/petite-khaki-waistcoat-wide-leg-jumpsuit-916141,https://images.riverisland.com/image/upload/t_plp_portraitSmall/f_auto/q_auto/916141_main?_a=BATAV5AA0,Petite Khaki Waistcoat Wide Leg Jumpsuit,,,,
193,Coats & Jackets,River Island,Beige,Petite Beige Oversized Bomber Jacket,£65.00,,,https://www.riverisland.com/p/petite-beige-oversized-bomber-jacket-904380,https://images.riverisland.com/image/upload/t_plp_portraitSmall/f_auto/q_auto/904380_main?_a=BATAV5AA0,Petite Beige Oversized Bomber Jacket,,,,
194,Dresses,River Island,Pink,Petite Pink Mesh Floral Bodycon Midi Dress,£40.00,,,https://www.riverisland.com/p/petite-pink-mesh-floral-bodycon-midi-dress-915185,https://images.riverisland.com/image/upload/t_plp_portraitSmall/f_auto/q_auto/915185_main?_a=BATAV5AA0,Petite Pink Mesh Floral Bodycon Midi Dress,,,,
195,Trousers,River Island,Black,Petite Black Faux Leather Cropped Trousers,£36.00,,,https://www.riverisland.com/p/petite-black-faux-leather-cropped-trousers-913890,https://images.riverisland.com/image/upload/t_plp_portraitSmall/f_auto/q_auto/913890_main?_a=BATAV5AA0,Petite Black Faux Leather Cropped Trousers,,,,
196,Jeans,River Island,Black,Petite Black Molly Coated Skinny Jeans,£49.00,,,https://www.riverisland.com/p/petite-black-molly-coated-skinny-jeans-765842,https://images.riverisland.com/image/upload/t_plp_portraitSmall/f_auto/q_auto/765842_main?_a=BATAV5AA0,Petite Black Molly Coated Skinny Jeans,,,,
197,Trousers,River Island,Black,Petite Black Faux Leather Flared Trousers,£29.00,,,https://www.riverisland.com/p/petite-black-faux-leather-flared-trousers-912703,https://images.riverisland.com/image/upload/t_plp_portraitSmall/f_auto/q_auto/912703_main?_a=BATAV5AA0,Petite Black Faux Leather Flared Trousers,,,,
198,Jeans,River Island,Brown,Petite Brown Leopard Relaxed Straight Jeans,£48.00,,,https://www.riverisland.com/p/petite-brown-leopard-relaxed-straight-jeans-913255,https://images.riverisland.com/image/upload/t_plp_portraitSmall/f_auto/q_auto/913255_main?_a=BATAV5AA0,Petite Brown Leopard Relaxed Straight Jeans,,,,
199,Coats & Jackets,River Island,Grey,Petite Grey Stitch Detail Jacket,£50.00,,,https://www.riverisland.com/p/petite-grey-stitch-detail-jacket-905970,https://images.riverisland.com/image/upload/t_plp_portraitSmall/f_auto/q_auto/905970_main?_a=BATAV5AA0,Petite Grey Stitch Detail Jacket,,,,
200,Jeans,River Island,Denim,Petite Denim Sequin Wide Leg Crop Jeans,£65.00,,,https://www.riverisland.com/p/petite-denim-sequin-wide-leg-crop-jeans-913867,https://images.riverisland.com/image/upload/t_plp_portraitSmall/f_auto/q_auto/913867_main?_a=BATAV5AA0,Petite Denim Sequin Wide Leg Crop Jeans,,,,
201,Coats & Jackets,River Island,Red,Petite Red Faux Leather Crop Trench Jacket,£60.00,,,https://www.riverisland.com/p/petite-red-faux-leather-crop-trench-jacket-912464,https://images.riverisland.com/image/upload/t_plp_portraitSmall/f_auto/q_auto/912464_main?_a=BATAV5AA0,Petite Red Faux Leather Crop Trench Jacket,,,,
202,Tops,River Island,Brown,Petite Brown Cropped Leopard Print T-Shirt,£18.00,,,https://www.riverisland.com/p/petite-brown-cropped-leopard-print-t-shirt-913024,https://images.riverisland.com/image/upload/t_plp_portraitSmall/f_auto/q_auto/913024_main?_a=BATAV5AA0,Petite Brown Cropped Leopard Print T-Shirt,,,,
203,Tops,River Island,Gold,Petite Gold Crochet T-Shirt,£28.00,,,https://www.riverisland.com/p/petite-gold-crochet-t-shirt-915035,https://images.riverisland.com/image/upload/t_plp_portraitSmall/f_auto/q_auto/915035_main?_a=BATAV5AA0,Petite Gold Crochet T-Shirt,,,,
204,Tops,River Island,White,Petite White Rib High Neck Tank Top,£10.00,,,https://www.riverisland.com/p/petite-white-rib-high-neck-tank-top-906460,https://images.riverisland.com/image/upload/t_plp_portraitSmall/f_auto/q_auto/906460_main?_a=BATAV5AA0,Petite White Rib High Neck Tank Top,https://images.riverisland.com/is/image/RiverIsland/906460_swatch,,https://images.riverisland.com/is/image/RiverIsland/906459_swatch,
205,Jeans,River Island,Black,Petite Black Coated Molly Skinny Jeans,£49.00,,,https://www.riverisland.com/p/petite-black-coated-molly-skinny-jeans-786283,https://images.riverisland.com/image/upload/t_plp_portraitSmall/f_auto/q_auto/786283_main?_a=BATAV5AA0,Petite Black Coated Molly Skinny Jeans,,,,
206,Jeans,River Island,Blue,Petite Blue Relaxed Straight Jeans,£42.00,,,https://www.riverisland.com/p/petite-blue-relaxed-straight-jeans-905710,https://images.riverisland.com/image/upload/t_plp_portraitSmall/f_auto/q_auto/905710_main?_a=BATAV5AA0,Petite Blue Relaxed Straight Jeans,https://images.riverisland.com/is/image/RiverIsland/905710_swatch,,https://images.riverisland.com/is/image/RiverIsland/911663_swatch,
207,Coats & Jackets,River Island,Brown,Petite Brown Leather Oversized Biker Jacket,£195.00,,,https://www.riverisland.com/p/petite-brown-leather-oversized-biker-jacket-904138,https://images.riverisland.com/image/upload/t_plp_portraitSmall/f_auto/q_auto/904138_main?_a=BATAV5AA0,Petite Brown Leather Oversized Biker Jacket,,,,
208,Trousers,River Island,Cream,Petite Cream Wide Leg Trousers,£30.00,,,https://www.riverisland.com/p/petite-cream-wide-leg-trousers-912099,https://images.riverisland.com/image/upload/t_plp_portraitSmall/f_auto/q_auto/912099_main?_a=BATAV5AA0,Petite Cream Wide Leg Trousers,,,,
209,Jeans,River Island,Black,Petite Black Bum Sculpt Skinny Jeans,£48.00,,,https://www.riverisland.com/p/petite-black-bum-sculpt-skinny-jeans-906477,https://images.riverisland.com/image/upload/t_plp_portraitSmall/f_auto/q_auto/906477_main?_a=BATAV5AA0,Petite Black Bum Sculpt Skinny Jeans,,,,
210,Jeans,River Island,Blue,Petite Blue High Waisted Straight Jeans,£40.00,,,https://www.riverisland.com/p/petite-blue-high-waisted-straight-jeans-906007,https://images.riverisland.com/image/upload/t_plp_portraitSmall/f_auto/q_auto/906007_main?_a=BATAV5AA0,Petite Blue High Waisted Straight Jeans,,,,
211,Jumpsuits,River Island,Black,Petite Black Halter Neck Waistcoat Jumpsuit,£45.00,,,https://www.riverisland.com/p/petite-black-halter-neck-waistcoat-jumpsuit-912772,https://images.riverisland.com/image/upload/t_plp_portraitSmall/f_auto/q_auto/912772_main?_a=BATAV5AA0,Petite Black Halter Neck Waistcoat Jumpsuit,,,,
212,Jeans,River Island,Black,Petite Black Molly Mid Rise Skinny Jeans,£43.00,,,https://www.riverisland.com/p/petite-black-molly-mid-rise-skinny-jeans-786020,https://images.riverisland.com/image/upload/t_plp_portraitSmall/f_auto/q_auto/786020_main?_a=BATAV5AA0,Petite Black Molly Mid Rise Skinny Jeans,,,,
213,Jeans,River Island,Blue,Petite Blue Ripped Relaxed Straight Jeans,£40.00,,,https://www.riverisland.com/p/petite-blue-ripped-relaxed-straight-jeans-908143,https://images.riverisland.com/image/upload/t_plp_portraitSmall/f_auto/q_auto/908143_main?_a=BATAV5AA0,Petite Blue Ripped Relaxed Straight Jeans,,,,
214,Dresses,River Island,White,Petite White Crochet Stripe Smock Maxi Dress,£40.00,,,https://www.riverisland.com/p/petite-white-crochet-stripe-smock-maxi-dress-912137,https://images.riverisland.com/image/upload/t_plp_portraitSmall/f_auto/q_auto/912137_main?_a=BATAV5AA0,Petite White Crochet Stripe Smock Maxi Dress,,,,
215,Jeans,River Island,Blue,Petite Blue High Waisted Straight Leg Jeans,£42.00,,,https://www.riverisland.com/p/petite-blue-high-waisted-straight-leg-jeans-752044,https://images.riverisland.com/image/upload/t_plp_portraitSmall/f_auto/q_auto/752044_main?_a=BATAV5AA0,Petite Blue High Waisted Straight Leg Jeans,,,,
216,Jeans,River Island,Black,Petite Black Molly Mid Rise Skinny Jeans,£43.00,,,https://www.riverisland.com/p/petite-black-molly-mid-rise-skinny-jeans-765867,https://images.riverisland.com/image/upload/t_plp_portraitSmall/f_auto/q_auto/765867_main?_a=BATAV5AA0,Petite Black Molly Mid Rise Skinny Jeans,,,,
