Brand,Colour,Category,Main Image,Product Link,Product Name,Current Price,Original Price
Ro&Zo,Purple,Dresses,https://roandzo.com/cdn/shop/files/21_RZ2492_H2.jpg?v=1735070587&width=1200,https://roandzo.com/collections/petite/products/petite-purple-multi-butterfly-print-button-through-dress,Petite Purple Multi Butterfly Print Button Through Dress,£139,
Ro&Zo,Green,Dresses,https://roandzo.com/cdn/shop/files/RZ2407_H.jpg?v=1733844790&width=1200,https://roandzo.com/collections/petite/products/petite-green-mono-check-mini-dress,Petite Green Mono Check Mini Dress,£89,
Ro&Zo,Khaki,Trousers,https://roandzo.com/cdn/shop/files/RZ2397_H.jpg?v=1735049032&width=1200,https://roandzo.com/collections/petite/products/petite-khaki-satin-side-stripe-trousers,Petite Khaki Satin Side Stripe Trousers,£99,
Ro&Zo,Black,Trousers,https://roandzo.com/cdn/shop/files/RZ2399_H.jpg?v=1734702243&width=1200,https://roandzo.com/collections/petite/products/petite-black-satin-side-stripe-trousers,Petite Black Satin Side Stripe Trousers,£99,
Ro&Zo,Pink,Dresses,https://roandzo.com/cdn/shop/files/16_RZ2401_H.jpg?v=1734706452&width=1200,https://roandzo.com/collections/petite/products/petite-elodie-pink-animal-high-neck-dress,Petite Elodie Pink Animal High Neck Dress,£159,
Ro&Zo,Gray,Trousers,https://roandzo.com/cdn/shop/files/RZ2411_H.jpg?v=1734456549&width=1200,https://roandzo.com/collections/petite/products/petite-grey-pinstripe-high-waist-trousers,Petite Grey Pinstripe High Waist Trousers,£99,
Ro&Zo,Burgundy,Trousers,https://roandzo.com/cdn/shop/files/RZ2389_H.jpg?v=1735070215&width=1200,https://roandzo.com/collections/petite/products/petite-burgundy-pinstripe-wide-leg-trousers,Petite Burgundy Pinstripe Wide Leg Trousers,£99,
Ro&Zo,Gray,Dresses,https://roandzo.com/cdn/shop/files/RZ2364.H.jpg?v=1730475412&width=1200,https://roandzo.com/collections/petite/products/petite-mono-boucle-mini-dress,Petite Grey Textured V-Neck Mini Dress,£89,
Ro&Zo,Black,Trousers,https://roandzo.com/cdn/shop/files/RZ2363_H.jpg?v=1730475361&width=1200,https://roandzo.com/collections/petite/products/petite-black-ponte-twill-culottes,Petite Black Ponte Twill Culottes,£89,
Ro&Zo,Pink,Dresses,https://roandzo.com/cdn/shop/files/RZ2366_H.jpg?v=1729081904&width=1200,https://roandzo.com/collections/petite/products/petite-pink-leopard-print-v-neck-midi-dress,Petite Pink Leopard Print V-Neck Midi Dress,£99,
Ro&Zo,Blue,Skirts,https://roandzo.com/cdn/shop/files/RZ2077-_-RZ2293_H_5157ab9f-02d9-4fea-95b7-10da7f807fc1.jpg?v=1728394379&width=1200,https://roandzo.com/collections/petite/products/petite-blue-dash-print-contrast-panel-skirt,Petite Blue Dash Print Contrast Panel Skirt,£79,
Ro&Zo,Gray,Trousers,https://roandzo.com/cdn/shop/files/RZ2211-H3.jpg?v=1723722762&width=1200,https://roandzo.com/collections/petite/products/petite-grey-herringbone-wide-leg-trousers,Petite Grey Herringbone Wide Leg Trousers,£99,
Ro&Zo,Blue,Dresses,https://roandzo.com/cdn/shop/files/RZ2295_H.jpg?v=1728395250&width=1200,https://roandzo.com/collections/petite/products/petite-blue-dash-print-godet-detail-dress,Petite Blue Dash Print Godet Detail Dress,£109,
Ro&Zo,Multicolour,Dresses,https://roandzo.com/cdn/shop/files/RZ2231-H3.jpg?v=1725534875&width=1200,https://roandzo.com/collections/petite/products/petite-multi-butterfly-print-button-through-dress,Petite Butterfly Print Button Through Dress,£139,
Ro&Zo,Khaki,Coats & Jackets,https://roandzo.com/cdn/shop/files/RZ1865.H4.jpg?v=1727443321&width=1200,https://roandzo.com/collections/petite/products/petite-khaki-belted-trench-coat,Petite Khaki Belted Trench Coat,£179,
Ro&Zo,Black,Dresses,https://roandzo.com/cdn/shop/files/RZ1851-H2_f50d5fb7-4ebc-4b35-8a17-610fe0a06993.jpg?v=1725372650&width=1200,https://roandzo.com/collections/petite/products/petite-camilla-black-jacquard-racer-dress,Petite Camilla Black Jacquard Racer Dress,£59,£149
Ro&Zo,Gray,Skirts,https://roandzo.com/cdn/shop/files/RZ2190-H_25497fa8-9161-403d-b70a-b55b97fef735.jpg?v=1724406597&width=1200,https://roandzo.com/collections/petite/products/petite-grey-denim-midi-skirt,Petite Grey Denim Midi Skirt,£79,
Ro&Zo,Black,Dresses,https://roandzo.com/cdn/shop/files/RZ2103-H_c8608991-c816-4fd7-a88c-0354072a4bad.jpg?v=1722511748&width=1200,https://roandzo.com/collections/petite/products/petite-black-lace-high-neck-midi-dress,Petite Black Lace High Neck Midi Dress,£129,
Ro&Zo,Blue,Dresses,https://roandzo.com/cdn/shop/files/RZ2040-1.jpg?v=1719405921&width=1200,https://roandzo.com/collections/petite/products/petite-blue-dash-print-ruched-front-midi-dress,Petite Blue Dash Print Ruched Front Midi Dress,£99,
Ro&Zo,Blue,Dresses,https://roandzo.com/cdn/shop/files/RZ2124-H2_66dcf8e9-5ec0-412a-afbd-10118e991f29.jpg?v=1726151555&width=1200,https://roandzo.com/collections/petite/products/petite-zara-navy-zebra-burnout-keyhole-front-dress,Petite Zara Navy Zebra Burnout Keyhole Front Dress,£99,£139
Ro&Zo,Blue,Dresses,https://roandzo.com/cdn/shop/files/RZ2153-H.jpg?v=1726500321&width=1200,https://roandzo.com/collections/petite/products/petite-harriet-teal-sparkle-jersey-high-neck-dress,Petite Harriet Teal Sparkle Jersey High Neck Dress,£99,£139
Ro&Zo,Black,Dresses,https://roandzo.com/cdn/shop/files/RZ2128-H.jpg?v=1726499413&width=1200,https://roandzo.com/collections/petite/products/petite-gabriela-black-sparkle-velvet-column-midi-dress,Petite Gabriela Black Sparkle Velvet Column Midi Dress,£69,£99
Ro&Zo,Black,Dresses,https://roandzo.com/cdn/shop/files/RZ2179_H_539795ae-14e1-4465-aae1-6f873b6ef8db.jpg?v=1727168934&width=1200,https://roandzo.com/collections/petite/products/petite-gina-black-fringe-sequin-puff-sleeve-midi-dress,Petite Gina Black Fringe Sequin Puff Sleeve Midi Dress,£109,£159
Ro&Zo,Blue,Dresses,https://roandzo.com/cdn/shop/files/RZ2071-H.jpg?v=1726571618&width=1200,https://roandzo.com/collections/petite/products/petite-navy-v-neck-textured-knit-dress,Petite Navy V-Neck Textured Knit Dress,£99,
Ro&Zo,Black,Dresses,https://roandzo.com/cdn/shop/files/RZ2217-H2_181049d0-45cb-4707-9e10-8a59305c3749.jpg?v=1726495479&width=1200,https://roandzo.com/collections/petite/products/petite-black-crepe-keyhole-midi-dress,Petite Black Crepe Keyhole Midi Dress,£65,£139
Ro&Zo,Black,Trousers,https://roandzo.com/cdn/shop/files/RZ2218_RZ2219-H2_1_051f932e-7544-465b-b1f2-aaf20b905c78.jpg?v=1726152433&width=1200,https://roandzo.com/collections/petite/products/petite-black-crepe-wide-leg-trouser,Petite Black Crepe Wide Leg Trouser,£59,£99
Ro&Zo,Black,Dresses,https://roandzo.com/cdn/shop/files/RZ2089-H_dd2f7f22-8862-4052-8d5a-017f53c89804.jpg?v=1727696565&width=1200,https://roandzo.com/collections/petite/products/petite-black-high-neck-plisse-dress,Petite Black High Neck Plisse Dress,£49,£129
Ro&Zo,Black,Jumpsuits & Playsuits,https://roandzo.com/cdn/shop/files/RZ2178-H_1.jpg?v=1720692942&width=1200,https://roandzo.com/collections/petite/products/petite-black-jersey-tie-belt-jumpsuit,Petite Black Jersey Tie Belt Jumpsuit,£49,£79
Ro&Zo,Black,Skirts,https://roandzo.com/cdn/shop/files/RZ2077_RZ2091-H2_556682b8-e36c-4c62-8954-65604911ceb2.jpg?v=1727268377&width=1200,https://roandzo.com/collections/petite/products/petite-black-plisse-full-skirt-1,Petite Black Plisse Full Skirt,£49,£89
Ro&Zo,Black,Dresses,https://roandzo.com/cdn/shop/files/RZ2209_H_c7e4f562-28d5-4518-b064-728f826ae2e8.jpg?v=1725294682&width=1200,https://roandzo.com/collections/petite/products/petite-black-ponte-corset-waist-dress,Petite Black Ponte Corset Waist Dress,£65,£99
Ro&Zo,Black,Dresses,https://roandzo.com/cdn/shop/files/RZ2073-H_2caa727e-8e0a-4926-9e31-be1071cde49a.jpg?v=1727697248&width=1200,https://roandzo.com/collections/petite/products/petite-black-zip-through-knitted-dress,Petite Black Zip Through Knitted Dress,£69,£109
Ro&Zo,Black,Trousers,https://roandzo.com/cdn/shop/files/RZ1936-H.jpg?v=1720689263&width=1200,https://roandzo.com/collections/petite/products/petite-black-straight-leg-trousers,Petite Black Straight Leg Trousers,£79,£129
Ro&Zo,Cream,Dresses,https://roandzo.com/cdn/shop/files/RZ2072-H_acb127f6-a5a6-423c-86d9-53cdf2c5165a.jpg?v=1727696400&width=1200,https://roandzo.com/collections/petite/products/petite-cream-zip-through-knitted-dress,Petite Cream Zip Through Knitted Dress,£49,£109
Ro&Zo,Green,Dresses,https://roandzo.com/cdn/shop/files/RZ2238-H.jpg?v=1723640510&width=1200,https://roandzo.com/collections/petite/products/petite-green-leopard-print-high-neck-dress,Petite Green Leopard Print High Neck Dress,£55,£99
Ro&Zo,Khaki,Trousers,https://roandzo.com/cdn/shop/files/RZ2059-H.jpg?v=1720625324&width=1200,https://roandzo.com/collections/petite/products/petite-khaki-cargo-trousers,Petite Khaki Cargo Trousers,£39,£99
Ro&Zo,Green,Skirts,https://roandzo.com/cdn/shop/files/RZ2256-H.jpg?v=1725377887&width=1200,https://roandzo.com/collections/petite/products/petite-khaki-zebra-print-bias-cut-maxi-skirt,Petite Green Zebra Print Bias Cut Maxi Skirt,£39,£79
Ro&Zo,Pink,Dresses,https://roandzo.com/cdn/shop/files/RZ2237-H3_a7d5ebd6-990e-4eb0-a409-1d5234b1cfa5.jpg?v=1721204482&width=1200,https://roandzo.com/collections/petite/products/petite-kira-pink-floral-satin-bandeau-dress,Petite Kira Pink Floral Satin Bandeau Dress,£89,£139
Ro&Zo,Brown,Dresses,https://roandzo.com/cdn/shop/files/RZ2136.jpg?v=1720717145&width=1200,https://roandzo.com/collections/petite/products/petite-leopard-print-button-through-shirt-dress,Petite Leopard Print Button Through Shirt Dress,£59,£99
Ro&Zo,Black,Dresses,https://roandzo.com/cdn/shop/files/RZ2041-H.jpg?v=1719406555&width=1200,https://roandzo.com/collections/petite/products/petite-mono-floral-print-shirred-midaxi-dress,Petite Mono Floral Print Shirred Midaxi Dress,£39,£99
Ro&Zo,Blue,Dresses,https://roandzo.com/cdn/shop/files/RZ2175-H2_6573f1d1-1298-43c6-b09b-fe9710521d7b.jpg?v=1723713525&width=1200,https://roandzo.com/collections/petite/products/petite-long-sleeve-denim-shirt-dress,Petite Long Sleeve Denim Shirt Dress,£69,£119
Ro&Zo,Cream,Knitwear,https://roandzo.com/cdn/shop/files/RZ2075-H.jpg?v=1726567989&width=1200,https://roandzo.com/collections/petite/products/petite-oatmeal-high-neck-jumper-dress,Petite Oatmeal High Neck Jumper Dress,£39,£99
Ro&Zo,Pink,Skirts,https://roandzo.com/cdn/shop/files/RZ2066-H2.jpg?v=1723722437&width=1200,https://roandzo.com/collections/petite/products/petite-pink-pleated-midi-skirt,Petite Pink Pleated Midi Skirt,£35,£89
Ro&Zo,Burgundy,Dresses,https://roandzo.com/cdn/shop/files/RZ2207-H2.jpg?v=1723723161&width=1200,https://roandzo.com/collections/petite/products/petite-pink-rib-knit-high-neck-dress,Petite Berry Rib Knit High Neck Dress,£49,£89
Ro&Zo,Red,Dresses,https://roandzo.com/cdn/shop/files/RZ2266-H_234ff3ca-9a16-4f81-a4ae-21daf0713e7c.jpg?v=1726501217&width=1200,https://roandzo.com/collections/petite/products/petite-red-crepe-keyhole-midi-dress,Petite Red Crepe Keyhole Midi Dress,£65,£139
Ro&Zo,Red,Trousers,https://roandzo.com/cdn/shop/files/RZ2268-H2.jpg?v=1725536391&width=1200,https://roandzo.com/collections/petite/products/petite-red-crepe-wide-leg-trouser,Petite Red Crepe Wide Leg Trouser,£59,£109
Ro&Zo,Red,Dresses,https://roandzo.com/cdn/shop/files/RZ2090-_Hjpg_2e40e72a-fe9b-4097-bafb-7b1c70cedd09.jpg?v=1727696734&width=1200,https://roandzo.com/collections/petite/products/petite-red-high-neck-plisse-dress,Petite Red High Neck Plisse Dress,£49,£129
Ro&Zo,Red,Dresses,https://roandzo.com/cdn/shop/files/RZ2303-H_24159649-9a99-4d1f-add8-a8833666c8a0.jpg?v=1728393926&width=1200,https://roandzo.com/collections/petite/products/petite-red-zebra-print-tie-back-midi-dress,Petite Red Zebra Print Tie Back Midi Dress,£89,£149
Ro&Zo,Green,Dresses,https://roandzo.com/cdn/shop/files/RZ2224-H.jpg?v=1720691858&width=1200,https://roandzo.com/collections/petite/products/petite-victoria-green-floral-print-flutter-sleeve-dress,Petite Victoria Green Floral Print Flutter Sleeve Dress,£69,£139
Ro&Zo,Gold,Dresses,https://roandzo.com/cdn/shop/files/RZ2162_H.jpg?v=1726656510&width=1200,https://roandzo.com/collections/petite/products/petite-zara-gold-sparkle-jersey-keyhole-front-dress,Petite Zara Gold Sparkle Jersey Keyhole Front Dress,£89,£139
Ro&Zo,Burrgundy,Dresses,https://roandzo.com/cdn/shop/files/RZ2119-H3_1.jpg?v=1729090859&width=1200,https://roandzo.com/collections/petite/products/petite-gabriela-pink-super-sparkle-column-midi-dress,Petite Gabriela Burgundy Super Sparkle Column Midi Dress,£59,£99
Ro&Zo,Black,Dresses,https://roandzo.com/cdn/shop/files/RZ2160-H_ce5cfb59-b0ad-4280-b01f-5dbfe1db1ae8.jpg?v=1725526367&width=1200,https://roandzo.com/collections/petite/products/petite-lucille-black-sequin-velvet-shift-dress,Petite Lucille Black Embellished Velvet Shift Dress,£65,£99
Ro&Zo,Green,Skirts,https://roandzo.com/cdn/shop/files/RZ2314.H.jpg?v=1730479076&width=1200,https://roandzo.com/collections/petite/products/petite-green-full-maxi-skirt,Petite Green Full Maxi Skirt,£59,£89
Ro&Zo,Black,Skirts,https://roandzo.com/cdn/shop/files/RZ2109-_-RZ2316_H_for_skirt_and_H2_for_top_2dee6dc2-8add-46c4-ae88-f698c0beaf92.jpg?v=1729174353&width=1200,https://roandzo.com/collections/petite/products/petite-black-full-maxi-skirt,Petite Black Full Maxi Skirt,£59,£89
Ro&Zo,Gray,Dresses,https://roandzo.com/cdn/shop/files/RZ2173_H.jpg?v=1727797599&width=1200,https://roandzo.com/collections/petite/products/petite-foil-keyhole-mini-dress,Petite Foil Keyhole Mini Dress,£75,£119
Ro&Zo,Green,Dresses,https://roandzo.com/cdn/shop/files/RZ2254-H.jpg?v=1725536698&width=1200,https://roandzo.com/collections/petite/products/petite-khaki-zebra-print-v-neck-midi-dress,Petite Green Zebra Print V-Neck Midi Dress,£59,£99
Ro&Zo,Gray,Jumpsuits & Playsuits,https://roandzo.com/cdn/shop/files/RZ2165._H.jpg?v=1727448146&width=1200,https://roandzo.com/collections/petite/products/petite-eliza-silver-sparkle-jersey-v-neck-jumpsuit,Petite Eliza Silver Sparkle Jersey V-Neck Jumpsuit,£79,£129
Ro&Zo,Blue,Dresses,https://roandzo.com/cdn/shop/files/RZ2126-H_397d2590-0e26-48dc-9f18-140bef95c5de.jpg?v=1725526527&width=1200,https://roandzo.com/collections/petite/products/petite-darcy-navy-sparkle-jersey-high-neck-mini-dress,Petite Darcy Navy Sparkle Jersey High Neck Mini Dress,£59,£89
Ro&Zo,Black,Dresses,https://roandzo.com/cdn/shop/files/RZ2156-H.jpg?v=1726741809&width=1200,https://roandzo.com/collections/petite/products/petite-black-bead-trim-halter-dress,Petite Black Bead Trim Halter Dress,£89,£139
Ro&Zo,Red,Dresses,https://roandzo.com/cdn/shop/files/RZ2308.H.jpg?v=1726659642&width=1200,https://roandzo.com/collections/petite/products/petite-red-floral-print-jersey-dress,Petite Red Floral Print Jersey Dress,£55,£89
Ro&Zo,Black,Dresses,https://roandzo.com/cdn/shop/files/RZ2225-H.jpg?v=1721661047&width=1200,https://roandzo.com/collections/petite/products/petite-charlotte-black-crepe-one-shoulder-maxi-dress,Petite Charlotte Black Crepe One Shoulder Maxi Dress,£99,£139
Ro&Zo,Red,Skirts,https://roandzo.com/cdn/shop/files/RZ2088-1.jpg?v=1718800316&width=1200,https://roandzo.com/collections/petite/products/petite-red-blurred-floral-print-bias-cut-maxi-skirt,Petite Red Blurred Floral Print Bias Cut Maxi Skirt,£39,£69
Ro&Zo,Red,Dresses,https://roandzo.com/cdn/shop/files/RZ2087-H.jpg?v=1717689985&width=1200,https://roandzo.com/collections/petite/products/petite-red-blurred-floral-print-puff-sleeve-midi-dress,Petite Red Blurred Floral Print Puff Sleeve Midi Dress,£59,£89
Ro&Zo,Red,Knitwear,https://roandzo.com/cdn/shop/files/RZ2074-H_c901a6fa-47c1-4467-bbca-602e3e4a3fd0.jpg?v=1727696982&width=1200,https://roandzo.com/collections/petite/products/petite-red-high-neck-jumper-dress,Petite Red High Neck Jumper Dress,£99,
Ro&Zo,Gold,Dresses,https://roandzo.com/cdn/shop/files/RZ2180_H.jpg?v=1729078921&width=1200,https://roandzo.com/collections/petite/products/petite-gold-foil-v-neck-midaxi-dress,Petite Gold Foil V-Neck Midaxi Dress,£109,£159
