Brand,Category,Colour,Product Link,Main Image,Product Name,Current Price,,,,,,,,,,,
Sosander,Coats & Jackets,"Black, Gray",https://www.sosandar.com/petite-grey-black-herringbone-wool-mix-longline-coat,https://cdn.sosandar.com/media/catalog/product/cache/0ad62aa88f50338ba969372be71afacb/w/e/web_2311_09_s24ow005bkgy01_09_012_2.jpg,Petite Grey & Black Herringbone Wool Mix Longline Coat,£155.00,,,,,,,,,,,petite grey & black herringbone wool mix longline coat
Sosander,Jeans,Cream,https://www.sosandar.com/petite-champagne-gold-metallic-wide-leg-jeans,https://cdn.sosandar.com/media/catalog/product/cache/0ad62aa88f50338ba969372be71afacb/w/e/web_2407_45_a24tk197nl0001_45_028_rt_1_1.jpg,Petite Champagne Gold Metallic Wide Leg Jeans,£65.00,,,,,,,,,,,petite champagne gold metallic wide leg jeans
Sosander,Leggings & Jeggings,Red,https://www.sosandar.com/petite-red-belted-sequin-fit-flare-dress,https://cdn.sosandar.com/media/catalog/product/cache/0ad62aa88f50338ba969372be71afacb/w/e/web_2410_19_a24dw042rd0017_19_0031_rt_1.jpg,Petite Red Belted Sequin Fit & Flare Dress,£99.00,,,,,,,,,,,petite red belted sequin fit & flare dress
Sosander,Leggings & Jeggings,Green,https://www.sosandar.com/petite-jade-green-sequin-fit-flare-dress,https://cdn.sosandar.com/media/catalog/product/cache/0ad62aa88f50338ba969372be71afacb/w/e/web_2408_45_a24dw044gn0016_45_10_rt_1.jpg,Petite Jade Green Sequin Fit & Flare Dress,£110.00,,,,,,,,,,,petite jade green sequin fit & flare dress
Sosander,Blazers,Green,https://www.sosandar.com/petite-emerald-green-luxe-velvet-blazer,https://cdn.sosandar.com/media/catalog/product/cache/0ad62aa88f50338ba969372be71afacb/w/e/web_2408_38_a24bw043gn0035_a24ow076gn0035_38_126_rt2_2.jpg,Petite Emerald Green Luxe Velvet Blazer,£95.00,,,,,,,,,,,petite emerald green luxe velvet blazer
Sosander,Jumpsuits & Playsuits,Cream,https://www.sosandar.com/petite-champagne-gold-sequin-wrap-front-jumpsuit,https://cdn.sosandar.com/media/catalog/product/cache/0ad62aa88f50338ba969372be71afacb/w/e/web_rt_109_a21jw001cm0002_048_1.jpg,Petite Champagne Gold Sequin Wrap Front Jumpsuit,£95.00,,,,,,,,,,,petite champagne gold sequin wrap front jumpsuit
Sosander,Tops,Brown,https://www.sosandar.com/petite-bronze-sequin-cowl-neck-top,https://cdn.sosandar.com/media/catalog/product/cache/0ad62aa88f50338ba969372be71afacb/w/e/web_2408_232_a24tw067mc0001_232_1745_1.jpg,Petite Bronze Sequin Cowl Neck Top,£59.00,,,,,,,,,,,petite bronze sequin cowl neck top
Sosander,Dresses,Cream,https://www.sosandar.com/petite-champagne-gold-premium-sequin-side-split-maxi-dress,https://cdn.sosandar.com/media/catalog/product/cache/0ad62aa88f50338ba969372be71afacb/w/e/web_rt_106_a22dw008cm0002_038_2.jpg,Petite Champagne Gold Premium Sequin Side Split Maxi Dress,£119.00,,,,,,,,,,,petite champagne gold premium sequin side split maxi dress
Sosander,Trousers,Green,https://www.sosandar.com/petite-emerald-green-luxe-velvet-wide-leg-trousers,https://cdn.sosandar.com/media/catalog/product/cache/0ad62aa88f50338ba969372be71afacb/w/e/web_2408_38_a24bw043gn0035_a24ow076gn0035_38_22_rt_rt2.jpg,Petite Emerald Green Luxe Velvet Wide Leg Trousers,£65.00,,,,,,,,,,,petite emerald green luxe velvet wide leg trousers
Sosander,Skirts,Gray,https://www.sosandar.com/petite-silver-metallic-midaxi-skirt,https://cdn.sosandar.com/media/catalog/product/cache/0ad62aa88f50338ba969372be71afacb/w/e/web_2409_21_a24sd001mc0005_21_116_2.jpg,Petite Silver Metallic Midaxi Skirt,£55.00,,,,,,,,,,,petite silver metallic midaxi skirt
Sosander,Leggings & Jeggings,Red,https://www.sosandar.com/petite-ruby-red-dazzling-fit-flare-dress,https://cdn.sosandar.com/media/catalog/product/cache/0ad62aa88f50338ba969372be71afacb/w/e/web_2408_04_a24dj046rd0003_04_9_1.jpg,Petite Ruby Red Dazzling Fit & Flare Dress,£85.00,,,,,,,,,,,petite ruby red dazzling fit & flare dress
Sosander,Trousers,White,https://www.sosandar.com/petite-ivory-wide-leg-trousers,https://cdn.sosandar.com/media/catalog/product/cache/0ad62aa88f50338ba969372be71afacb/w/e/web_2408_51_a24bw032we0001_a24ow066we0001_51_53_rt.jpg,Petite Winter White Premium Wide Leg Trousers,£59.00,,,,,,,,,,,petite winter white premium wide leg trousers
Sosander,Tops,Cream,https://www.sosandar.com/petite-champagne-gold-sequin-shirt,https://cdn.sosandar.com/media/catalog/product/cache/0ad62aa88f50338ba969372be71afacb/w/e/web-silvershirt_054_1.jpg,Petite Champagne Gold Sequin Shirt,£59.00,,,,,,,,,,,petite champagne gold sequin shirt
Sosander,Dresses,Blue,https://www.sosandar.com/petite-midnight-blue-luxe-velvet-embellished-halter-neck-dress,https://cdn.sosandar.com/media/catalog/product/cache/0ad62aa88f50338ba969372be71afacb/w/e/web_2408_22_a24dw095be0028_22_25_rt2_1.jpg,Petite Midnight Blue Luxe Velvet Embellished Halter Neck Dress,£125.00,,,,,,,,,,,petite midnight blue luxe velvet embellished halter neck dress
Sosander,Dresses,Yellow,https://www.sosandar.com/petite-antique-gold-sequin-cowl-neck-dress,https://cdn.sosandar.com/media/catalog/product/cache/0ad62aa88f50338ba969372be71afacb/w/e/web_2408_15_a24dw072mc0001_15_81_rt_rt_1.jpg,Petite Antique Gold Sequin Cowl Neck Dress,£89.00,,,,,,,,,,,petite antique gold sequin cowl neck dress
Sosander,Tops,Green,https://www.sosandar.com/petite-green-velvet-detail-fluted-cuff-top,https://cdn.sosandar.com/media/catalog/product/cache/0ad62aa88f50338ba969372be71afacb/w/e/web_2408_204_a24tj036gn0016_204_030_1.jpg,Petite Green Velvet Devoré Fluted Cuff Top,£49.00,,,,,,,,,,,petite green velvet devor� fluted cuff top
Sosander,Tops,Purple,https://www.sosandar.com/petite-amethyst-sequin-bardot-top,https://cdn.sosandar.com/media/catalog/product/cache/0ad62aa88f50338ba969372be71afacb/w/e/web_2408_54_a24tw059pe0015_54_51_rt_rt2_1.jpg,Petite Amethyst Sequin Bardot Top,£55.00,,,,,,,,,,,petite amethyst sequin bardot top
Sosander,Tops,Gray,https://www.sosandar.com/petite-silver-metallic-wrap-top,https://cdn.sosandar.com/media/catalog/product/cache/0ad62aa88f50338ba969372be71afacb/w/e/web_2409_46_a24tj044mc0005_46_087_1.jpg,Petite Silver Dazzling Metallic Wrap Top,£39.00,,,,,,,,,,,petite silver dazzling metallic wrap top
Sosander,Jumpsuits & Playsuits,Green,https://www.sosandar.com/petite-emerald-green-luxe-velvet-diamante-detail-belt-jumpsuit,https://cdn.sosandar.com/media/catalog/product/cache/0ad62aa88f50338ba969372be71afacb/w/e/web_2408_49_a24jv001gn0035_49_40_1.jpg,Petite Emerald Green Luxe Velvet Diamante Detail Belt Jumpsuit,£99.00,,,,,,,,,,,petite emerald green luxe velvet diamante detail belt jumpsuit
Sosander,Trousers,Red,https://www.sosandar.com/rich-pink-tapered-leg-trousers,https://cdn.sosandar.com/media/catalog/product/cache/0ad62aa88f50338ba969372be71afacb/w/e/web_2408_63_a24ow078rd0003_a24bw045rd0003_63_66_1_1.jpg,Petite Rich Pink Tapered Leg Trousers,£55.00,,,,,,,,,,,petite rich pink tapered leg trousers
Sosander,Jeans,Gray,https://www.sosandar.com/petite-silver-metallic-slim-wide-leg-jeans,https://cdn.sosandar.com/media/catalog/product/cache/0ad62aa88f50338ba969372be71afacb/w/e/web_2409_44_a24tj028bk0001_44_002_2.jpg,Petite Silver Metallic Slim Wide Leg Jeans,£59.00,,,,,,,,,,,petite silver metallic slim wide leg jeans
Sosander,Blazers,White,https://www.sosandar.com/petite-ivory-premium-sparkling-jewel-embellished-blazer,https://cdn.sosandar.com/media/catalog/product/cache/0ad62aa88f50338ba969372be71afacb/w/e/web_2408_51_a24bw032we0001_a24ow066we0001_51_147_1.jpg,Petite Winter White Premium Glittering Jewel Embellished Blazer,£119.00,,,,,,,,,,,petite winter white premium glittering jewel embellished blazer
Sosander,Tops,Red,https://www.sosandar.com/petite-silver-luxe-sequin-gathered-sleeve-top,https://cdn.sosandar.com/media/catalog/product/cache/0ad62aa88f50338ba969372be71afacb/w/e/web_2309_241_a23tw088mc0005_241_045_1.jpg,Petite Silver Luxe Sequin Gathered Sleeve Top,£59.00,,,,,,,,,,,petite silver luxe sequin gathered sleeve top
Sosander,Jeans,Gray,https://www.sosandar.com/petite-pewter-metallic-premium-kick-flare-jeans-1,https://cdn.sosandar.com/media/catalog/product/cache/0ad62aa88f50338ba969372be71afacb/w/e/web_163_a22tv002_a22bd020mc0004_008_rt_1_1_1_1.jpg,Petite Pewter Metallic Premium Kick Flare Jeans,£59.00,,,,,,,,,,,petite pewter metallic premium kick flare jeans
Sosander,Jumpsuits & Playsuits,Green,https://www.sosandar.com/petite-emerald-green-velvet-zip-detail-wrap-jumpsuit,https://cdn.sosandar.com/media/catalog/product/cache/0ad62aa88f50338ba969372be71afacb/w/e/web_38_a21jv001gn0035_099_1.jpg,Petite Emerald Green Velvet Zip Detail Wrap Jumpsuit,£99.00,,,,,,,,,,,petite emerald green velvet zip detail wrap jumpsuit
Sosander,Leggings & Jeggings,Gray,https://www.sosandar.com/petite-grey-fairisle-knitted-fit-flare-midaxi-dress,https://cdn.sosandar.com/media/catalog/product/cache/0ad62aa88f50338ba969372be71afacb/w/e/web_2408_173_a24dk220gy0016_173_011_1.jpg,Petite Grey Fairisle Knitted Fit & Flare Midaxi Dress,£85.00,,,,,,,,,,,petite grey fairisle knitted fit & flare midaxi dress
Sosander,Dresses,Cream,https://www.sosandar.com/petite-natural-floral-print-satin-midaxi-shirt-dress,https://cdn.sosandar.com/media/catalog/product/cache/0ad62aa88f50338ba969372be71afacb/w/e/web_2407_06_a24dw019ivfl01_06_033_1.jpg,Petite Coffee & Cream Floral Print Midaxi Shirt Dress,£89.00,,,,,,,,,,,petite coffee & cream floral print midaxi shirt dress
Sosander,Dresses,Red,https://www.sosandar.com/petite-red-figure-flattering-belted-pencil-dress,https://cdn.sosandar.com/media/catalog/product/cache/0ad62aa88f50338ba969372be71afacb/w/e/web_2408_165_a24dw005rd0017_165_110_1.jpg,Petite Red Figure Flattering Belted Pencil Dress,£89.00,,,,,,,,,,,petite red figure flattering belted pencil dress
Sosander,Skirts,Blue,https://www.sosandar.com/petite-mid-blue-figure-flattering-denim-skirt,https://cdn.sosandar.com/media/catalog/product/cache/0ad62aa88f50338ba969372be71afacb/w/e/web_2408_160_a24sd006be0010_160_022_1.jpg,Petite Mid Blue Figure-Flattering Denim Skirt,£55.00,,,,,,,,,,,petite mid blue figure-flattering denim skirt
Sosander,Jumpsuits & Playsuits,Blue,https://www.sosandar.com/petite-indigo-blue-western-bootcut-denim-jumpsuit,https://cdn.sosandar.com/media/catalog/product/cache/0ad62aa88f50338ba969372be71afacb/w/e/web_2408_125_a24jd002in0007_125_065_1.jpg,Petite Indigo Blue Bootcut Denim Jumpsuit,£89.00,,,,,,,,,,,petite indigo blue bootcut denim jumpsuit
Sosander,Blazers,Red,https://www.sosandar.com/petite-rich-pink-tailored-blazer,https://cdn.sosandar.com/media/catalog/product/cache/0ad62aa88f50338ba969372be71afacb/w/e/web_2408_63_a24ow078rd0003_a24bw045rd0003_63_31_2.jpg,Petite Rich Pink Tailored Blazer,£85.00,,,,,,,,,,,petite rich pink tailored blazer
Sosander,Leggings & Jeggings,Brown,https://www.sosandar.com/petite-natural-animal-print-mesh-ruched-waist-fit-flare-dress,https://cdn.sosandar.com/media/catalog/product/cache/0ad62aa88f50338ba969372be71afacb/w/e/web_2408_184_a24dj005nean01_184_037_1.jpg,Petite Animal Print Mesh Ruched Waist Fit & Flare Dress,£75.00,,,,,,,,,,,petite animal print mesh ruched waist fit & flare dress
Sosander,Dresses,Blue,https://www.sosandar.com/petite-denim-long-sleeve-midaxi-shirt-dress,https://cdn.sosandar.com/media/catalog/product/cache/0ad62aa88f50338ba969372be71afacb/w/e/web_2407_02_a24dd011be0010_02_055_1.jpg,Petite Mid Blue Midaxi Denim Dress,£79.00,,,,,,,,,,,petite mid blue midaxi denim dress
Sosander,Trousers,Orange,https://www.sosandar.com/petite-orange-plisse-wide-leg-trousers,https://cdn.sosandar.com/media/catalog/product/cache/0ad62aa88f50338ba969372be71afacb/w/e/web_2406_04_s24bw063oe0002_04_175_1.jpg,Petite Orange Plisse Wide Leg Trousers,£55.00,,,,,,,,,,,petite orange plisse wide leg trousers
Sosander,Tops,Cream,https://www.sosandar.com/petite-champagne-gold-premium-satin-one-shoulder-top,https://cdn.sosandar.com/media/catalog/product/cache/0ad62aa88f50338ba969372be71afacb/w/e/web_2404_27_s24tw096cm0002_27_0086_1.jpg,Petite Champagne Gold Premium Satin One Shoulder Top,£45.00,,,,,,,,,,,petite champagne gold premium satin one shoulder top
Sosander,Dresses,Blue,https://www.sosandar.com/petite-yellow-puff-sleeve-belted-denim-dress,https://cdn.sosandar.com/media/catalog/product/cache/0ad62aa88f50338ba969372be71afacb/w/e/web_2403_56_s24dd010le0001_56_113_1.jpg,Petite Yellow Puff Sleeve Belted Denim Dress,£75.00,,,,,,,,,,,petite yellow puff sleeve belted denim dress
Sosander,Trousers,Cream,https://www.sosandar.com/petite-ivory-faux-leather-wide-leg-trousers,https://cdn.sosandar.com/media/catalog/product/cache/0ad62aa88f50338ba969372be71afacb/w/e/web_2403_20_s23bp006we0001_s24tj160bk0001_20_018_2.jpg,Petite Ivory Faux Leather Wide Leg Trousers,£65.00,,,,,,,,,,,petite ivory faux leather wide leg trousers
Sosander,Dresses,Cream,https://www.sosandar.com/petite-champagne-gold-metallic-plisse-twist-front-maxi-dress,https://cdn.sosandar.com/media/catalog/product/cache/0ad62aa88f50338ba969372be71afacb/2/4/2404_28_s24dj115mc0003_28_149_swap_1.jpg,Petite Champagne Gold Metallic Plisse Twist Front Maxi Dress,£89.00,,,,,,,,,,,petite champagne gold metallic plisse twist front maxi dress
Sosander,Shorts,Red,https://www.sosandar.com/petite-pastel-blue-tailored-shorts,https://cdn.sosandar.com/media/catalog/product/cache/0ad62aa88f50338ba969372be71afacb/w/e/web_2406_28_s24tw173ivfl01_s24bw086be0002_28_025_1_1.jpg,Petite Pastel Blue Tailored Shorts,£49.00,,,,,,,,,,,petite pastel blue tailored shorts
Sosander,Jumpsuits & Playsuits,Blue,https://www.sosandar.com/petite-powder-blue-luxe-lace-belted-jumpsuit,https://cdn.sosandar.com/media/catalog/product/cache/0ad62aa88f50338ba969372be71afacb/w/e/web_2403_33_s24jw017be0002_33_033_rt_1.jpg,Petite Powder Blue Luxe Lace Belted Jumpsuit,£89.00,,,,,,,,,,,petite powder blue luxe lace belted jumpsuit
Sosander,Jumpsuits & Playsuits,Burgundy,https://www.sosandar.com/petite-burgundy-broderie-wrap-front-playsuit,https://cdn.sosandar.com/media/catalog/product/cache/0ad62aa88f50338ba969372be71afacb/2/4/2403_131_s24jw031rd0039_131_016_swap_1.jpg,Petite Burgundy Broderie Wrap Front Playsuit,£65.00,,,,,,,,,,,petite burgundy broderie wrap front playsuit
Sosander,Skirts,Cream,https://www.sosandar.com/petite-ivory-spot-print-satin-ruffle-hem-midi-skirt,https://cdn.sosandar.com/media/catalog/product/cache/0ad62aa88f50338ba969372be71afacb/w/e/web_2405_52_s24sw043bksp01_52_136_1.jpg,Petite Ivory Spot Print Satin Ruffle Hem Midi Skirt,£45.00,,,,,,,,,,,petite ivory spot print satin ruffle hem midi skirt
Sosander,Tops,Red,https://www.sosandar.com/petite-orange-embroidered-top-with-broderie-trim,https://cdn.sosandar.com/media/catalog/product/cache/0ad62aa88f50338ba969372be71afacb/w/e/web_2403_12_s24tw084cr0001_12_1012259_2.jpg,Petite Orange Embroidered Top With Broderie Trim,£55.00,,,,,,,,,,,petite orange embroidered top with broderie trim
Sosander,Skirts,Red,https://www.sosandar.com/petite-orange-embroidered-midi-skirt-with-broderie-trim,https://cdn.sosandar.com/media/catalog/product/cache/0ad62aa88f50338ba969372be71afacb/w/e/web_2403_12_s24tw084cr0001_s24sw018cr0001_12_003_2.jpg,Petite Orange Embroidered Midi Skirt With Broderie Trim,£59.00,,,,,,,,,,,petite orange embroidered midi skirt with broderie trim
Sosander,Tops,Cream,https://www.sosandar.com/petite-ivory-puff-sleeve-rib-jersey-top,https://cdn.sosandar.com/media/catalog/product/cache/0ad62aa88f50338ba969372be71afacb/w/e/web_2401_94_s24tj010we0001_94_095_1.jpg,Petite Ivory Puff Sleeve Rib Jersey Top,£49.00,,,,,,,,,,,petite ivory puff sleeve rib jersey top
Sosander,Skirts,Cream,https://www.sosandar.com/petite-ivory-split-hem-midi-skirt,https://cdn.sosandar.com/media/catalog/product/cache/0ad62aa88f50338ba969372be71afacb/w/e/web_2404_112_s24sw021we0001_112_051_1_1.jpg,Petite Ivory Split Hem Midi Skirt,£49.00,,,,,,,,,,,petite ivory split hem midi skirt
Sosander,Shorts,Red,https://www.sosandar.com/petite-white-tailored-longline-shorts,https://cdn.sosandar.com/media/catalog/product/cache/0ad62aa88f50338ba969372be71afacb/w/e/web_2406_31_s24tk603mc0015_s24tk604mc0015_31_067_1.jpg,Petite White Tailored Longline Shorts,£45.00,,,,,,,,,,,petite white tailored longline shorts
Sosander,Blazers,Pink,https://www.sosandar.com/petite-soft-pink-textured-double-breasted-longline-blazer,https://cdn.sosandar.com/media/catalog/product/cache/0ad62aa88f50338ba969372be71afacb/w/e/web_2405_34_s24ow058pk0003_34_lm_019_2.jpg,Petite Soft Pink Double Breasted Longline Blazer,£85.00,,,,,,,,,,,petite soft pink double breasted longline blazer
Sosander,Tops,Green,https://www.sosandar.com/petite-green-palm-print-tie-front-shirt,https://cdn.sosandar.com/media/catalog/product/cache/0ad62aa88f50338ba969372be71afacb/w/e/web_crop_2404_41_s24tw160gran01_41_127_1.jpg,Petite Green Palm Print Tie Front Shirt,£45.00,,,,,,,,,,,petite green palm print tie front shirt
Sosander,Tops,Green,https://www.sosandar.com/petite-green-floral-print-tie-detail-blouse,https://cdn.sosandar.com/media/catalog/product/cache/0ad62aa88f50338ba969372be71afacb/w/e/web_2403_165_s24tw098grfl01_16519944_1.jpg,Petite Green Floral Print Tie Detail Blouse,£49.00,,,,,,,,,,,petite green floral print tie detail blouse
Sosander,Dresses,Purple,https://www.sosandar.com/petite-purple-ruched-detail-angel-sleeve-maxi-dress,https://cdn.sosandar.com/media/catalog/product/cache/0ad62aa88f50338ba969372be71afacb/w/e/web_2403_102_s24dj068pe0015_102_038_2_rt2.jpg,Petite Purple Ruched Detail Angel Sleeve Maxi Dress,£75.00,,,,,,,,,,,petite purple ruched detail angel sleeve maxi dress
Sosander,Shorts,Blue,https://www.sosandar.com/petite-light-wash-utility-denim-shorts,https://cdn.sosandar.com/media/catalog/product/cache/0ad62aa88f50338ba969372be71afacb/w/e/web_2403_78__s24tj154we0001_s24bd026dm001w_78_489_1_1.jpg,Petite Light Wash Utility Denim Shorts,£45.00,,,,,,,,,,,petite light wash utility denim shorts
Sosander,Jumpsuits & Playsuits,Blue,https://www.sosandar.com/petite-cobalt-blue-halter-neck-jumpsuit-with-gold-chain-detail,https://cdn.sosandar.com/media/catalog/product/cache/0ad62aa88f50338ba969372be71afacb/w/e/web_2403_106_s24jj022be0001_106_103_rt_1_1.jpg,Petite Cobalt Blue Halter Neck Jumpsuit With Gold Chain Detail,£89.00,,,,,,,,,,,petite cobalt blue halter neck jumpsuit with gold chain detail
Sosander,Tops,Cream,https://www.sosandar.com/petite-cream-ribbed-sleeveless-bodysuit,https://cdn.sosandar.com/media/catalog/product/cache/0ad62aa88f50338ba969372be71afacb/w/e/web_2404_06_s24tj042nl0001_06_113_rt2_1_1.jpg,Petite Cream Ribbed Sleeveless Bodysuit,£35.00,,,,,,,,,,,petite cream ribbed sleeveless bodysuit
Sosander,Blazers,Red,https://www.sosandar.com/petite-stone-cropped-tailored-blazer,https://cdn.sosandar.com/media/catalog/product/cache/0ad62aa88f50338ba969372be71afacb/w/e/web_2402_62_-a23sw028eu0001_s24ow023eu0_003_1_1.jpg,Petite Stone Cropped Tailored Blazer,£65.00,,,,,,,,,,,petite stone cropped tailored blazer
Sosander,Trousers,Red,https://www.sosandar.com/petite-navy-blue-side-button-tapered-leg-trousers,https://cdn.sosandar.com/media/catalog/product/cache/0ad62aa88f50338ba969372be71afacb/w/e/web_2401_27_s24bw003be0003_s24ow060be0003_27_103_1.jpg,Petite Navy Blue Side Button Tapered Leg Trousers,£55.00,,,,,,,,,,,petite navy blue side button tapered leg trousers
Sosander,Dresses,Red,https://www.sosandar.com/petite-navy-blue-gold-metallic-spot-tiered-hem-bardot-maxi-dress,https://cdn.sosandar.com/media/catalog/product/cache/0ad62aa88f50338ba969372be71afacb/w/e/web_2403_26_s24dw090nv0001_26_077_1.jpg,Petite Navy Blue & Gold Metallic Spot Tiered Hem Bardot Maxi Dress,£85.00,,,,,,,,,,,petite navy blue & gold metallic spot tiered hem bardot maxi dress
Sosander,Trousers,Burgundy,https://www.sosandar.com/petite-burgundy-wide-leg-cargo-trousers,https://cdn.sosandar.com/media/catalog/product/cache/0ad62aa88f50338ba969372be71afacb/w/e/web_2402_46_s24bw045rd0004_s24tj140rd0004_46_044_2_1.jpg,Petite Burgundy Wide Leg Cargo Trousers,£55.00,,,,,,,,,,,petite burgundy wide leg cargo trousers
Sosander,Dresses,Red,https://www.sosandar.com/petite-red-paisley-print-belted-midi-shirt-dress,https://cdn.sosandar.com/media/catalog/product/cache/0ad62aa88f50338ba969372be71afacb/w/e/web_2401_68_s24dw042rdcv01_68_200_1.jpg,Petite Red Paisley Print Belted Midi Shirt Dress,£79.00,,,,,,,,,,,petite red paisley print belted midi shirt dress
Sosander,Tops,Red,https://www.sosandar.com/petite-ivory-textured-longline-utility-shirt,https://cdn.sosandar.com/media/catalog/product/cache/0ad62aa88f50338ba969372be71afacb/w/e/web_crop_2402_85_s24sl004bn0004_85_120_1.jpg,Petite Ivory Textured Longline Utility Shirt,£49.00,,,,,,,,,,,petite ivory textured longline utility shirt
Sosander,Leggings & Jeggings,Black,https://www.sosandar.com/petite-black-white-contrast-trim-two-part-fit-flare-dress,https://cdn.sosandar.com/media/catalog/product/cache/0ad62aa88f50338ba969372be71afacb/w/e/web_2408_116_a24dk246bkwe01_116_247_1.jpg,Petite Black & White Contrast Trim Two Part Fit & Flare Dress,£79.00,,,,,,,,,,,petite black & white contrast trim two part fit & flare dress
Sosander,Dresses,Cream,https://www.sosandar.com/petite-brown-abstract-animal-print-tiered-hem-wrap-dress,https://cdn.sosandar.com/media/catalog/product/cache/0ad62aa88f50338ba969372be71afacb/w/e/web_2401_83_s24dj032bran01_83_131_1.jpg,Petite Natural Animal Print Midi Wrap Dress,£65.00,,,,,,,,,,,petite natural animal print midi wrap dress
Sosander,Jeans,Blue,https://www.sosandar.com/petite-mid-blue-wide-leg-jeans,https://cdn.sosandar.com/media/catalog/product/cache/0ad62aa88f50338ba969372be71afacb/w/e/web_2402_25_s24od007be0007_s24bd013be0007_25_125_2.jpg,Petite Mid Blue Wide Leg Jeans,£59.00,,,,,,,,,,,petite mid blue wide leg jeans
Sosander,Trousers,Blue,https://www.sosandar.com/petite-azure-blue-kick-flare-trousers,https://cdn.sosandar.com/media/catalog/product/cache/0ad62aa88f50338ba969372be71afacb/w/e/web_2402_26_s24ow085be0007_s24bw048be0007_26_057_1_1.jpg,Petite Azure Blue Kick Flare Trousers,£59.00,,,,,,,,,,,petite azure blue kick flare trousers
Sosander,Trousers,Cream,https://www.sosandar.com/petite-ivory-relaxed-fit-wide-leg-trousers,https://cdn.sosandar.com/media/catalog/product/cache/0ad62aa88f50338ba969372be71afacb/w/e/web_2406_11_s24tj166grcv01_11_013_2.jpg,Petite Ivory Relaxed Fit Wide Leg Trousers,£55.00,,,,,,,,,,,petite ivory relaxed fit wide leg trousers
Sosander,Jumpsuits & Playsuits,Blue,https://www.sosandar.com/petite-mid-blue-zip-front-bootcut-denim-jumpsuit,https://cdn.sosandar.com/media/catalog/product/cache/0ad62aa88f50338ba969372be71afacb/w/e/web_2308_112_a23jd004be0038_112_039_rt_2_1.jpg,Petite Mid Blue Zip Front Bootcut Denim Jumpsuit,£89.00,,,,,,,,,,,petite mid blue zip front bootcut denim jumpsuit
Sosander,Skirts,Red,https://www.sosandar.com/petite-stone-tailored-pencil-skirt,https://cdn.sosandar.com/media/catalog/product/cache/0ad62aa88f50338ba969372be71afacb/w/e/web_2402_62_-a23sw028eu0001_s24ow023eu0_005.jpg,Petite Stone Tailored Pencil Skirt,£45.00,,,,,,,,,,,petite stone tailored pencil skirt
Sosander,Tops,Blue,https://www.sosandar.com/petite-blue-stripe-tie-side-shirt,https://cdn.sosandar.com/media/catalog/product/cache/0ad62aa88f50338ba969372be71afacb/w/e/web_2401_81_s24tw028best01_81_020_1.jpg,Petite Blue & White Stripe Tie Side Shirt,£55.00,,,,,,,,,,,petite blue & white stripe tie side shirt
Sosander,Dresses,Pink,https://www.sosandar.com/petite-pink-paisley-print-wrap-maxi-dress,https://cdn.sosandar.com/media/catalog/product/cache/0ad62aa88f50338ba969372be71afacb/w/e/web_2402_09_a23dw140pkcv01_09_226_rt_1.jpg,Petite Pink Paisley Print Wrap Maxi Dress,£79.00,,,,,,,,,,,petite pink paisley print wrap maxi dress
Sosander,Tops,Purple,https://www.sosandar.com/petite-purple-floral-print-sheer-sleeve-shirt,https://cdn.sosandar.com/media/catalog/product/cache/0ad62aa88f50338ba969372be71afacb/w/e/web_2402_07_s24tw068pefl01_07_086_1_1.jpg,Petite Purple Floral Print Sheer Sleeve Shirt,£49.00,,,,,,,,,,,petite purple floral print sheer sleeve shirt
Sosander,Jeans,Blue,https://www.sosandar.com/petite-mid-blue-wide-leg-pintuck-jeans,https://cdn.sosandar.com/media/catalog/product/cache/0ad62aa88f50338ba969372be71afacb/w/e/web_2401_105_s24tj142mc0003_a23bd005be0007_105_007_2.jpg,Petite Mid Blue Wide Leg Pintuck Jeans,£59.00,,,,,,,,,,,petite mid blue wide leg pintuck jeans
Sosander,Tops,Blue,https://www.sosandar.com/petite-pastel-blue-sequin-faux-wrap-top,https://cdn.sosandar.com/media/catalog/product/cache/0ad62aa88f50338ba969372be71afacb/w/e/web_rt_130_a22tw001be0002_023_1.jpg,Petite Pastel Blue Sequin Faux Wrap Top,£59.00,,,,,,,,,,,petite pastel blue sequin faux wrap top
Sosander,Jumpsuits & Playsuits,Blue,https://www.sosandar.com/petite-navy-blue-spot-print-straight-leg-jumpsuit,https://cdn.sosandar.com/media/catalog/product/cache/0ad62aa88f50338ba969372be71afacb/w/e/web_2402_92_s24jw014blsp01_92_017_rt_1.jpg,Petite Navy Blue Spot Print Straight Leg Jumpsuit,£75.00,,,,,,,,,,,petite navy blue spot print straight leg jumpsuit
Sosander,Dresses,Blue,https://www.sosandar.com/petite-light-wash-blue-blouson-sleeve-denim-midi-dress,https://cdn.sosandar.com/media/catalog/product/cache/0ad62aa88f50338ba969372be71afacb/w/e/web_2311_25_s24dd003dm001w_25_126_2.jpg,Petite Light Wash Blue Blouson Sleeve Denim Midi Dress,£79.00,,,,,,,,,,,petite light wash blue blouson sleeve denim midi dress
Sosander,Tops,Pink,https://www.sosandar.com/pink-tie-dye-satin-shirt-1,https://cdn.sosandar.com/media/catalog/product/cache/0ad62aa88f50338ba969372be71afacb/w/e/web_2401_95_s23tw128pkcv01_95_076.jpg,Petite Pink Floral Print Satin Shirt,£49.00,,,,,,,,,,,petite pink floral print satin shirt
Sosander,Blazers,Red,https://www.sosandar.com/petite-azure-blue-tailored-blazer,https://cdn.sosandar.com/media/catalog/product/cache/0ad62aa88f50338ba969372be71afacb/w/e/web_2402_26_s24ow085be0007_s24bw048be0007_26_099_1.jpg,Petite Azure Blue Tailored Blazer,£85.00,,,,,,,,,,,petite azure blue tailored blazer
Sosander,Leggings & Jeggings,Blue,https://www.sosandar.com/petite-cobalt-blue-ruffle-detail-fit-flare-dress,https://cdn.sosandar.com/media/catalog/product/cache/0ad62aa88f50338ba969372be71afacb/w/e/web_2401_82_s24dw040bl0001_82_101_1.jpg,Petite Cobalt Blue Ruffle Detail Fit & Flare Dress,£69.00,,,,,,,,,,,petite cobalt blue ruffle detail fit & flare dress
Sosander,Jumpsuits & Playsuits,Black,https://www.sosandar.com/petite-black-white-contrast-trim-wrap-front-jumpsuit,https://cdn.sosandar.com/media/catalog/product/cache/0ad62aa88f50338ba969372be71afacb/w/e/web_0124_51_s24jw010bk0001_51_061_1.jpg,Petite Black & White Contrast Trim Wrap Front Jumpsuit,£79.00,,,,,,,,,,,petite black & white contrast trim wrap front jumpsuit
Sosander,Dresses,Green,https://www.sosandar.com/petite-emerald-v-neck-velvet-ruched-detail-midi-dress,https://cdn.sosandar.com/media/catalog/product/cache/0ad62aa88f50338ba969372be71afacb/w/e/web-4_a21dv001_009_2_1_1.jpg,Petite Emerald Green V Neck Velvet Ruched Detail Midi Dress,£85.00,,,,,,,,,,,petite emerald green v neck velvet ruched detail midi dress
Sosander,Tops,Pink,https://www.sosandar.com/petite-rose-gold-sequin-v-neck-blouson-sleeve-top,https://cdn.sosandar.com/media/catalog/product/cache/0ad62aa88f50338ba969372be71afacb/w/e/web-16_s20tw100pk_079_2_1.jpg,Petite Rose Gold Sequin V Neck Blouson Sleeve Top,£59.00,,,,,,,,,,,petite rose gold sequin v neck blouson sleeve top
Sosander,Tops,Black,https://www.sosandar.com/black-gold-sheer-sleeve-bardot-top-1,https://cdn.sosandar.com/media/catalog/product/cache/0ad62aa88f50338ba969372be71afacb/2/0/2020_08_31_aynhoe_park_sosandar51747_1.jpg,Petite Black & Gold Geometric Print Sheer Sleeve Bardot Top,£55.00,,,,,,,,,,,petite black & gold geometric print sheer sleeve bardot top
Sosandar,Dresses,Black,https://www.sosandar.com/petite-black-sequin-embellished-keyhole-detail-pencil-dress,https://cdn.sosandar.com/media/catalog/product/cache/0ad62aa88f50338ba969372be71afacb/w/e/web_30_a22dw019bk0001_090_1.jpg,Petite Black Sequin Embellished Keyhole Detail Pencil Dress,£99.00,,,,,,,,,,,
Sosandar,Dresses,Black,https://www.sosandar.com/petite-black-dazzling-bardot-ruched-midi-dress,https://cdn.sosandar.com/media/catalog/product/cache/0ad62aa88f50338ba969372be71afacb/w/e/web_2408_18_a24dj083bk0001_18_116_1.jpg,Petite Black Dazzling Bardot Ruched Midi Dress,£85.00,,,,,,,,,,,
Sosandar,Dresses,Black,https://www.sosandar.com/black-velvet-premium-bow-sleeve-shift-dress-1,https://cdn.sosandar.com/media/catalog/product/cache/0ad62aa88f50338ba969372be71afacb/w/e/web_2309_35_a23dv011bk0001_35_049_1.jpg,Petite Black Velvet Premium Bow Sleeve Shift Dress,£95.00,,,,,,,,,,,
Sosandar,Trousers,Black,https://www.sosandar.com/petite-black-faux-leather-palazzo-trousers,https://cdn.sosandar.com/media/catalog/product/cache/0ad62aa88f50338ba969372be71afacb/w/e/web_2408_206_a24tj064bkfl01_a24bp002bk0001_206_027_2.jpg,Petite Black Faux Leather Palazzo Trousers,£65.00,,,,,,,,,,,
Sosandar,Tops,Black,https://www.sosandar.com/petite-black-velvet-tie-front-wrap-top,https://cdn.sosandar.com/media/catalog/product/cache/0ad62aa88f50338ba969372be71afacb/w/e/web_rt_163_a22tv002_a22bd020mc0004_068_1.jpg,Petite Black Velvet Tie Front Wrap Top,£55.00,,,,,,,,,,,
Sosandar,Trousers,Black,https://www.sosandar.com/petite-black-sparkle-diamante-tapered-trousers,https://cdn.sosandar.com/media/catalog/product/cache/0ad62aa88f50338ba969372be71afacb/w/e/web_2408_10_a24tw101bk0001_a24bw054bk0001_10_71_1_1.jpg,Petite Black Sparkle Diamante Tapered Trousers,£69.00,,,,,,,,,,,
Sosandar,Trousers,Black,https://www.sosandar.com/petite-black-faux-leather-button-front-kick-flare-trousers,https://cdn.sosandar.com/media/catalog/product/cache/0ad62aa88f50338ba969372be71afacb/w/e/web_2408_39_a24tw068bk0001_39_20_rt_1.jpg,Petite Black Faux Leather Button Front Kick Flare Trousers,£59.00,,,,,,,,,,,
Sosandar,Blazers,Black,https://www.sosandar.com/petite-black-luxury-sparkling-diamante-stud-blazer,https://cdn.sosandar.com/media/catalog/product/cache/0ad62aa88f50338ba969372be71afacb/w/e/web_2309_71_a23ow037bk0001_a23bw007bk0001_s23tw089bk0001_71_096_2_1_1.jpg,Petite Black Luxury Sparkling Diamante Stud Blazer,£110.00,,,,,,,,,,,
Sosandar,Leggings & Jeggings,Black,https://www.sosandar.com/petite-black-leather-look-seam-detail-premium-leggings,https://cdn.sosandar.com/media/catalog/product/cache/0ad62aa88f50338ba969372be71afacb/w/e/web_2408_53_a24tw063bk0001_53_9_1.jpg,Petite Black Leather Look Seam Detail Premium Leggings,£55.00,,,,,,,,,,,
Sosandar,Blazers,Black,https://www.sosandar.com/petite-black-relaxed-fit-double-breasted-blazer,https://cdn.sosandar.com/media/catalog/product/cache/0ad62aa88f50338ba969372be71afacb/w/e/web_2401_37_a23bp018bk0001_s24ow069bk0001_37_139rt_2.jpg,Petite Black Relaxed Fit Double Breasted Blazer,£85.00,,,,,,,,,,,
Sosandar,Leggings & Jeggings,Black,https://www.sosandar.com/petite-black-leather-look-premium-leggings,https://cdn.sosandar.com/media/catalog/product/cache/0ad62aa88f50338ba969372be71afacb/w/e/web-black-38_s20tk140bn_sa18tr01pt_230_1_1.jpg,Petite Black Leather Look Premium Leggings,£55.00,,,,,,,,,,,
Sosandar,Dresses,Black,https://www.sosandar.com/petite-black-metallic-boucle-dress-with-sheer-sleeves,https://cdn.sosandar.com/media/catalog/product/cache/0ad62aa88f50338ba969372be71afacb/w/e/web_2408_101_a24dw112bk0001_101_025_1.jpg,Petite Black Metallic Boucle Dress With Sheer Sleeves,£85.00,,,,,,,,,,,
Sosandar,Tops,Black,https://www.sosandar.com/petite-black-mesh-ruched-sleeve-top,https://cdn.sosandar.com/media/catalog/product/cache/0ad62aa88f50338ba969372be71afacb/w/e/web_2408_212_a24tj003bk0001_a24bl001bk0001_212_047_1.jpg,Petite Black Mesh Sleeve Sculpting Top,£39.00,,,,,,,,,,,
Sosandar,Tops,Black,https://www.sosandar.com/petite-black-contrast-trim-frill-detail-one-shoulder-top,https://cdn.sosandar.com/media/catalog/product/cache/0ad62aa88f50338ba969372be71afacb/w/e/web_2406_81_s24tj226bk0001_81_079_1.jpg,Petite Black Contrast Trim Frill Detail One Shoulder Top,£39.00,,,,,,,,,,,
Sosandar,Jumpsuits & Playsuits,Black,https://www.sosandar.com/petite-black-floral-print-ruffle-detail-bardot-playsuit,https://cdn.sosandar.com/media/catalog/product/cache/0ad62aa88f50338ba969372be71afacb/2/4/2404_47_s24jw038bkwe01_47_093_swap.jpg,Petite Black Floral Print Ruffle Detail Bardot Playsuit,£49.00,,,,,,,,,,,
Sosandar,Skirts,Black,https://www.sosandar.com/petite-ivory-spot-print-satin-ruffle-hem-midi-skirt,https://cdn.sosandar.com/media/catalog/product/cache/0ad62aa88f50338ba969372be71afacb/w/e/web_2405_52_s24sw043bksp01_52_136_1.jpg,Petite Ivory Spot Print Satin Ruffle Hem Midi Skirt,£45.00,,,,,,,,,,,
Sosandar,Tops,Black,https://www.sosandar.com/petite-black-white-contrast-trim-kimono-sleeve-top,https://cdn.sosandar.com/media/catalog/product/cache/0ad62aa88f50338ba969372be71afacb/w/e/web_2402_75_s24tj062bk0001_75_070_1.jpg,Petite Black & White Contrast Trim Kimono Sleeve Top,£45.00,,,,,,,,,,,
Sosandar,Leggings & Jeggings,Black,https://www.sosandar.com/petite-black-white-contrast-trim-two-part-fit-flare-dress,https://cdn.sosandar.com/media/catalog/product/cache/0ad62aa88f50338ba969372be71afacb/w/e/web_2408_116_a24dk246bkwe01_116_247_1.jpg,Petite Black & White Contrast Trim Two Part Fit & Flare Dress,£79.00,,,,,,,,,,,
Sosandar,Blazers,Black,https://www.sosandar.com/petite-black-tailored-blazer-with-leopard-print-lining,https://cdn.sosandar.com/media/catalog/product/cache/0ad62aa88f50338ba969372be71afacb/w/e/web_2407_55_a24ow062bk0001_55_17471_1.jpg,Petite Black Tailored Blazer With Leopard Print Lining,£85.00,,,,,,,,,,,
Sosandar,Dresses,Black,https://www.sosandar.com/petite-black-spot-print-ruffle-detail-fluted-sleeve-midi-dress,https://cdn.sosandar.com/media/catalog/product/cache/0ad62aa88f50338ba969372be71afacb/w/e/web_2401_71_s24dw041bkwe01_71_015_1.jpg,Petite Black Spot Print Ruffle Detail Fluted Sleeve Midi Dress,£79.00,,,,,,,,,,,
Sosandar,Leggings & Jeggings,Black,https://www.sosandar.com/petite-black-embellished-detail-fit-flare-dress,https://cdn.sosandar.com/media/catalog/product/cache/0ad62aa88f50338ba969372be71afacb/w/e/web_2408_228_a24dw105bk0001_228_012_2.jpg,Petite Black Luxe Embellished Detail Fit & Flare Dress,£95.00,,,,,,,,,,,
Sosandar,Trousers,Black,https://www.sosandar.com/petite-black-white-spot-print-wide-leg-trousers,https://cdn.sosandar.com/media/catalog/product/cache/0ad62aa88f50338ba969372be71afacb/w/e/web_2404_111_s24tw032bk0001_s24bw006bksp01_111_073_1_1.jpg,Petite Black & White Spot Print Wide Leg Trousers,£59.00,,,,,,,,,,,
Sosandar,Jumpsuits & Playsuits,Black,https://www.sosandar.com/petite-black-white-contrast-trim-wrap-front-jumpsuit,https://cdn.sosandar.com/media/catalog/product/cache/0ad62aa88f50338ba969372be71afacb/w/e/web_0124_51_s24jw010bk0001_51_061_1.jpg,Petite Black & White Contrast Trim Wrap Front Jumpsuit,£79.00,,,,,,,,,,,
Sosandar,Dresses,Black,https://www.sosandar.com/petite-black-luxe-lace-two-part-pencil-midi-dress,https://cdn.sosandar.com/media/catalog/product/cache/0ad62aa88f50338ba969372be71afacb/w/e/web_2308_15_s23dw110bk0001_15_031_1.jpg,Petite Black Luxe Lace Two Part Pencil Midi Dress,£85.00,,,,,,,,,,,
Sosandar,Skirts,Black,https://www.sosandar.com/petite-black-faux-leather-midaxi-skirt,https://cdn.sosandar.com/media/catalog/product/cache/0ad62aa88f50338ba969372be71afacb/w/e/web_2311_16_a23sp009bk0001_16_132_2.jpg,Petite Black Faux Leather Midaxi Skirt,£59.00,,,,,,,,,,,
Sosandar,Dresses,Black,https://www.sosandar.com/petite-black-feather-trim-shift-dress,https://cdn.sosandar.com/media/catalog/product/cache/0ad62aa88f50338ba969372be71afacb/w/e/web_rt_142_a22dw069bk0001_016_1.jpg,Petite Black Feather Trim Shift Dress,£85.00,,,,,,,,,,,
Sosandar,Dresses,Black,https://www.sosandar.com/petite-black-velvet-embellished-scoop-back-dress,https://cdn.sosandar.com/media/catalog/product/cache/0ad62aa88f50338ba969372be71afacb/2/0/2020_08_31_aynhoe_park_sosandar51924_1.jpg,Petite Black Velvet Embellished Scoop Back Dress,£95.00,,,,,,,,,,,
Sosandar,Tops,Black,https://www.sosandar.com/black-gold-sheer-sleeve-bardot-top-1,https://cdn.sosandar.com/media/catalog/product/cache/0ad62aa88f50338ba969372be71afacb/2/0/2020_08_31_aynhoe_park_sosandar51747_1.jpg,Petite Black & Gold Geometric Print Sheer Sleeve Bardot Top,£55.00,,,,,,,,,,,
Sosandar,Trousers,Black,https://www.sosandar.com/petite-black-high-waisted-wide-leg-trousers,https://cdn.sosandar.com/media/catalog/product/cache/0ad62aa88f50338ba969372be71afacb/w/e/web_2401_98_a23tj005whsp01_98_070_3.jpg,Petite Black High Waisted Wide Leg Trousers,£55.00,,,,,,,,,,,
