Position ,Brand,Category,Colour,Product Link,Main Image,Product Name,Current Price,Original Price,Discount
1,Whistles,Coats & Jackets,Black,https://www.whistles.com/product/morgan-funnel-neck-coat-39067.html#cgid=Petite_Clothing_WW&is=false&sz=60&start=0&isSecondPage=false&pid=morgan-funnel-neck-coat-39067&pos=0,"https://media.whistles.com/image/upload/f_auto,q_auto,dpr_auto/w_600/wh-catalog/images/02403906701/whistles-morgan-funnel-neck-coat-black-01?_i=AG",Black Petite Morgan Funnel Neck Coat,£263.20,£329,
2,Whistles,Dresses,Black,https://www.whistles.com/product/myla-velvet-mini-dress-39277.html#cgid=Petite_Clothing_WW&is=false&sz=60&start=0&isSecondPage=false&pid=myla-velvet-mini-dress-39277&pos=1,"https://media.whistles.com/image/upload/f_auto,q_auto,dpr_auto/w_600/wh-catalog/images/02403927701/whistles-velvet-drawstring-detail-dress-black-01?_i=AG",Black Petite Myla Velvet Mini Dress,£119.20,£149,
3,Whistles,Skirts,Black,https://www.whistles.com/product/leather-a-line-skirt-37502.html#cgid=Petite_Clothing_WW&is=false&sz=60&start=0&isSecondPage=false&pid=leather-a-line-skirt-37502&pos=2,"https://media.whistles.com/image/upload/f_auto,q_auto,dpr_auto/w_600/wh-catalog/images/02403750201/whistles-leather-a-line-skirt-black-01?_i=AG",Black Petite Leather A Line Skirt,£136,£170,
4,Whistles,Trousers,Black,https://www.whistles.com/product/ultimate-crepe-trouser-39476.html#cgid=Petite_Clothing_WW&is=false&sz=60&start=0&isSecondPage=false&pid=ultimate-crepe-trouser-39476&pos=3,"https://media.whistles.com/image/upload/f_auto,q_auto,dpr_auto/w_600/wh-catalog/images/00803932201/whistles-ultimate-crepe-trouser-black-01?_i=AG",Black Petite Ultimate Crepe Trouser,£87.20,£109,
5,Whistles,Jeans,Black,https://www.whistles.com/product/authentic-barrel-leg-jean-37178.html#cgid=Petite_Clothing_WW&is=false&sz=60&start=0&isSecondPage=false&pid=authentic-barrel-leg-jean-37178&pos=4,"https://media.whistles.com/image/upload/f_auto,q_auto,dpr_auto/w_600/wh-catalog/images/02403717800/whistles-authentic-barrel-leg-jean-black-01?_i=AG",Black Petite Authentic Barrel Leg Jean,£76,£95,
6,Whistles,Dresses,Red,https://www.whistles.com/product/arabella-ruched-mesh-dress-39278.html#cgid=Petite_Clothing_WW&is=false&sz=60&start=0&isSecondPage=false&pid=arabella-ruched-mesh-dress-39278&pos=5,"https://media.whistles.com/image/upload/f_auto,q_auto,dpr_auto/w_600/wh-catalog/images/02403927872/whistles-arabella-ruched-mesh-dress-red-01?_i=AG",Red Petite Arabella Ruched Mesh Dress,£119.20,£149,
7,Whistles,Dresses,Black,https://www.whistles.com/product/metallic-stripe-midi-dress-39334.html#cgid=Petite_Clothing_WW&is=false&sz=60&start=0&isSecondPage=false&pid=metallic-stripe-midi-dress-39334&pos=6,"https://media.whistles.com/image/upload/f_auto,q_auto,dpr_auto/w_600/wh-catalog/images/02403933402/whistles-metallic-stripe-midi-dress-black-multi-01?_i=AG",Black Petite Metallic Stripe Midi Dress,£151.20,£189,
8,Whistles,Trousers,Blue,https://www.whistles.com/product/super-stretch-trouser-36903.html#cgid=Petite_Clothing_WW&is=false&sz=60&start=0&isSecondPage=false&pid=super-stretch-trouser-36903&pos=7,"https://media.whistles.com/image/upload/f_auto,q_auto,dpr_auto/w_600/wh-catalog/images/02403690390/whistles-super-stretch-trrouser-navy-01?_i=AG",Navy Petite Super Stretch Trouser,£79.20,£99,
9,Whistles,Jumpsuits & Playsuits,Black,https://www.whistles.com/product/wrap-velvet-jumpsuit-37863.html#cgid=Petite_Clothing_WW&is=false&sz=60&start=0&isSecondPage=false&pid=wrap-velvet-jumpsuit-37863&pos=8,"https://media.whistles.com/image/upload/f_auto,q_auto,dpr_auto/w_600/wh-catalog/images/02403786301/whistles-wrap-jersey-velvet-jumpsuit-black-01?_i=AG",Black Petite Wrap Velvet Jumpsuit,£127.20,£159,
10,Whistles,Coats & Jackets,Gray,https://www.whistles.com/product/eliza-double-breasted-coat-39280.html#cgid=Petite_Clothing_WW&is=false&sz=60&start=0&isSecondPage=false&pid=eliza-double-breasted-coat-39280&pos=9,"https://media.whistles.com/image/upload/f_auto,q_auto,dpr_auto/w_600/wh-catalog/images/00103915732/whistles-eliza-wool-coat-grey-01?_i=AG",Grey Petite Eliza Double Breasted Coat,£263.20,£329,
11,Whistles,Jumpsuits & Playsuits,Red,https://www.whistles.com/product/bonnie-gathered-jumpsuit-39107.html#cgid=Petite_Clothing_WW&is=false&sz=60&start=0&isSecondPage=false&pid=bonnie-gathered-jumpsuit-39107&pos=10,"https://media.whistles.com/image/upload/f_auto,q_auto,dpr_auto/w_600/wh-catalog/images/01803905401/whistles-bonnie-gathered-jumpsuit-black-01?_i=AG",Black Petite Bonnie Gathered Jumpsuit,£151.20,£189,
12,Whistles,Trousers,Black,https://www.whistles.com/product/super-stretch-trouser-36902.html#cgid=Petite_Clothing_WW&is=false&sz=60&start=0&isSecondPage=false&pid=super-stretch-trouser-36902&pos=11,"https://media.whistles.com/image/upload/f_auto,q_auto,dpr_auto/w_600/wh-catalog/images/02403690201/whistles-super-stretch-trouser-black-01?_i=AG",Black Petite Super Stretch Trouser,£79.20,£99,
13,Whistles,Coats & Jackets,Gray,https://www.whistles.com/product/cosette-funnel-neck-coat-39764.html#cgid=Petite_Clothing_WW&is=false&sz=60&start=0&isSecondPage=false&pid=cosette-funnel-neck-coat-39764&pos=12,"https://media.whistles.com/image/upload/f_auto,q_auto,dpr_auto/w_600/wh-catalog/images/00103929839/whistles-cosette-houndstooth-coat-multicolour-01?_i=AG",Multicolour Petite Cosette Funnel Neck Coat,£263.20,£329,
14,Whistles,Dresses,Black,https://www.whistles.com/product/hot-fix-floral-velvet-dress-39248.html#cgid=Petite_Clothing_WW&is=false&sz=60&start=0&isSecondPage=false&pid=hot-fix-floral-velvet-dress-39248&pos=13,"https://media.whistles.com/image/upload/f_auto,q_auto,dpr_auto/w_600/wh-catalog/images/02403924801/whistles-hotfix-floral-velvet-mini-black-01?_i=AG",Black Petite Hot Fix Floral Velvet Dress,£143.20,£179,
15,Whistles,Knitwear,Camel,https://www.whistles.com/product/cashmere-roll-neck-37293.html#cgid=Petite_Clothing_WW&is=false&sz=60&start=0&isSecondPage=false&pid=cashmere-roll-neck-37293&pos=14,"https://media.whistles.com/image/upload/f_auto,q_auto,dpr_auto/w_600/wh-catalog/images/02403729300/whistles-cashmere-roll-neck-camel-01?_i=AG",Camel Petite Cashmere Roll Neck,£159.20,£199,
16,Whistles,Coats & Jackets,Black,https://www.whistles.com/product/faux-fur-aviator-39111.html#cgid=Petite_Clothing_WW&is=false&sz=60&start=0&isSecondPage=false&pid=faux-fur-aviator-39111&pos=15,"https://media.whistles.com/image/upload/f_auto,q_auto,dpr_auto/w_600/wh-catalog/images/02403911101/whistles-faux-fur-aviator-black-01?_i=AG",Black Petite Faux Fur Aviator,£175.20,£219,
17,Whistles,Knitwear,Blue,https://www.whistles.com/product/cashmere-v-neck-knit-39094.html#cgid=Petite_Clothing_WW&is=false&sz=60&start=0&isSecondPage=false&pid=cashmere-v-neck-knit-39094&pos=16,"https://media.whistles.com/image/upload/f_auto,q_auto,dpr_auto/w_600/wh-catalog/images/02403909490/whistles-cashmere-v-neck-knit-navy-01?_i=AG",Navy Petite Cashmere V Neck Knit,£159.20,£199,
18,Whistles,Blazer,Black,https://www.whistles.com/product/crepe-boyfriend-blazer-36819.html#cgid=Petite_Clothing_WW&is=false&sz=60&start=0&isSecondPage=false&pid=crepe-boyfriend-blazer-36819&pos=17,"https://media.whistles.com/image/upload/f_auto,q_auto,dpr_auto/w_600/wh-catalog/images/02403681901/whistles-crepe-boyfriend-blazer-black-01?_i=AG",Black Petite Crepe Boyfriend Blazer,£127.20,£159,
19,Whistles,Trousers,Khaki,https://www.whistles.com/product/tessa-casual-trouser-39249.html#cgid=Petite_Clothing_WW&is=false&sz=60&start=0&isSecondPage=false&pid=tessa-casual-trouser-39249&pos=18,"https://media.whistles.com/image/upload/f_auto,q_auto,dpr_auto/w_600/wh-catalog/images/00803794928/whistles-tessa-casual-trouser-khaki-01?_i=AG",Khaki Petite Tessa Casual Trouser,£79.20,£99,
20,Whistles,Trousers,Gray,https://www.whistles.com/product/camilla-wide-leg-trouser-39064.html#cgid=Petite_Clothing_WW&is=false&sz=60&start=0&isSecondPage=false&pid=camilla-wide-leg-trouser-39064&pos=19,"https://media.whistles.com/image/upload/f_auto,q_auto,dpr_auto/w_600/wh-catalog/images/02403906433/whistles-camilla-wide-leg-trouser-grey-marl-01?_i=AG",Grey Marl Petite Camilla Wide Leg Trouser,£76,£95,
21,Whistles,Jeans,Black,https://www.whistles.com/product/high-waist-cord-barrel-jean-39311.html#cgid=Petite_Clothing_WW&is=false&sz=60&start=0&isSecondPage=false&pid=high-waist-cord-barrel-jean-39311&pos=20,"https://media.whistles.com/image/upload/f_auto,q_auto,dpr_auto/w_600/wh-catalog/images/00703024901/whistles-high-waist-cord-barrel-jean-black-01?_i=AG",Black Petite High Waist Cord Barrel Jean,£87.20,£109,
22,Whistles,Trousers,Black,https://www.whistles.com/product/ruth-relaxed-leg-trouser-38725.html#cgid=Petite_Clothing_WW&is=false&sz=60&start=0&isSecondPage=false&pid=ruth-relaxed-leg-trouser-38725&pos=21,"https://media.whistles.com/image/upload/f_auto,q_auto,dpr_auto/w_600/wh-catalog/images/024038725115/whistles-ruth-wide-leg-trouser-washed-black-01?_i=AG",Washed Black Petite Ruth Relaxed Leg Trouser,£79.20,£99,
23,Whistles,Coats & Jackets,Black,https://www.whistles.com/product/clean-bonded-leather-jacket-38291.html#cgid=Petite_Clothing_WW&is=false&sz=60&start=0&isSecondPage=false&pid=clean-bonded-leather-jacket-38291&pos=22,"https://media.whistles.com/image/upload/f_auto,q_auto,dpr_auto/w_600/wh-catalog/images/02403829101/whistles-clean-bonded-leather-jacket-black-01?_i=AG",Black Petite Clean Bonded Leather Jacket,£359.20,£449,
24,Whistles,Knitwear,Cream,https://www.whistles.com/product/stripe-wool-roll-neck-39151.html#cgid=Petite_Clothing_WW&is=false&sz=60&start=0&isSecondPage=false&pid=stripe-wool-roll-neck-39151&pos=23,"https://media.whistles.com/image/upload/f_auto,q_auto,dpr_auto/w_600/wh-catalog/images/02403915124/whistles-stripe-wool-roll-neck-ivory-multi-01?_i=AG",Ivory Petite Stripe Wool Roll Neck,£95.20,£119,
25,Whistles,Trousers,Black,https://www.whistles.com/product/wool-blend-tab-detail-trouser-39336.html#cgid=Petite_Clothing_WW&is=false&sz=60&start=0&isSecondPage=false&pid=wool-blend-tab-detail-trouser-39336&pos=24,"https://media.whistles.com/image/upload/f_auto,q_auto,dpr_auto/w_600/wh-catalog/images/00803933701/whistles-louisa-tab-detail-trouser-black-01?_i=AG",Black Petite Wool Blend Tab Detail Trouser,£111.20,£139,
26,Whistles,Dresses,Black,https://www.whistles.com/product/marlow-dashed-snake-dress-39068.html#cgid=Petite_Clothing_WW&is=false&sz=60&start=0&isSecondPage=false&pid=marlow-dashed-snake-dress-39068&pos=25,"https://media.whistles.com/image/upload/f_auto,q_auto,dpr_auto/w_600/wh-catalog/images/02403906802/whistles-marlow-dashed-spot-print-dress-black-multi-01?_i=AG",Black Petite Marlow Dashed Snake Dress,£135.20,£169,
27,Whistles,Dresses,Black,https://www.whistles.com/product/chain-print-flippy-dress-39348.html#cgid=Petite_Clothing_WW&is=false&sz=60&start=0&isSecondPage=false&pid=chain-print-flippy-dress-39348&pos=26,"https://media.whistles.com/image/upload/f_auto,q_auto,dpr_auto/w_600/wh-catalog/images/02403934802/whistles-chain-print-flippy-dress-black-multi-01?_i=AG",Black Petite Chain Print Flippy Dress,£111.20,£139,
28,Whistles,Coats & Jackets,Khaki,https://www.whistles.com/product/esther-quilted-coat-39124.html#cgid=Petite_Clothing_WW&is=false&sz=60&start=0&isSecondPage=false&pid=esther-quilted-coat-39124&pos=27,"https://media.whistles.com/image/upload/f_auto,q_auto,dpr_auto/w_600/wh-catalog/images/02403912428/whistles-esther-zig-zag-liner-coat-khaki-01?_i=AG",Khaki Petite Esther Quilted Coat,£135.20,£169,
29,Whistles,Knitwear,Gray,https://www.whistles.com/product/ultimate-cashmere-crew-neck-39093.html#cgid=Petite_Clothing_WW&is=false&sz=60&start=0&isSecondPage=false&pid=ultimate-cashmere-crew-neck-39093&pos=28,"https://media.whistles.com/image/upload/f_auto,q_auto,dpr_auto/w_600/wh-catalog/images/02403909333/whistles-ultimate-cashmere-crew-neck-grey-marl-01?_i=AG",Grey Marl Petite Ultimate Cashmere Crew Neck,£156,£195,
30,Whistles,Dresses,Blue,https://www.whistles.com/product/molly-satin-ruched-dress-39176.html#cgid=Petite_Clothing_WW&is=false&sz=60&start=0&isSecondPage=false&pid=molly-satin-ruched-dress-39176&pos=29,"https://media.whistles.com/image/upload/f_auto,q_auto,dpr_auto/w_600/wh-catalog/images/02403917606/whistles-molly-satin-ruched-dress-blue-01?_i=AG",Blue Petite Molly Satin Ruched Dress,£151.20,£189,
31,Whistles,Blazer,Blue,https://www.whistles.com/product/crepe-boyfriend-blazer-37695.html#cgid=Petite_Clothing_WW&is=false&sz=60&start=0&isSecondPage=false&pid=crepe-boyfriend-blazer-37695&pos=30,"https://media.whistles.com/image/upload/f_auto,q_auto,dpr_auto/w_600/wh-catalog/images/02403769590/whistles-crepe-boyfriend-blazer-navy-01?_i=AG",Navy Petite Crepe Boyfriend Blazer,£127.20,£159,
32,Whistles,Dresses,Red,https://www.whistles.com/product/feathered-wing-marnie-dress-39487.html#cgid=Petite_Clothing_WW&is=false&sz=60&start=0&isSecondPage=false&pid=feathered-wing-marnie-dress-39487&pos=31,"https://media.whistles.com/image/upload/f_auto,q_auto,dpr_auto/w_600/wh-catalog/images/00503943308/whistles-feathered-wing-marnie-dress-blue-multi-01?_i=AG",Blue Petite Feathered Wing Marnie Dress,£103.20,£129,
33,Whistles,Trousers,White,https://www.whistles.com/product/bethany-barrel-leg-trouser-38321.html#cgid=Petite_Clothing_WW&is=false&sz=60&start=0&isSecondPage=false&pid=bethany-barrel-leg-trouser-38321&pos=32,"https://media.whistles.com/image/upload/f_auto,q_auto,dpr_auto/w_600/wh-catalog/images/02403832176/whistles-bethany-cotton-barrel-trouser-white-01?_i=AG",White Petite Bethany Barrel Leg Trouser,£79.20,£99,
34,Whistles,Shorts,Black,https://www.whistles.com/product/linen-elasticated-short-38722.html#cgid=Petite_Clothing_WW&is=false&sz=60&start=0&isSecondPage=false&pid=linen-elasticated-short-38722&pos=33,"https://media.whistles.com/image/upload/f_auto,q_auto,dpr_auto/w_600/wh-catalog/images/02403872201/whistles-linen-elasticated-short-black-01?_i=AG",Black Petite Linen Elasticated Short,£55.20,£69,
35,Whistles,Shorts,Blue,https://www.whistles.com/product/authentic-denim-short-38865.html#cgid=Petite_Clothing_WW&is=false&sz=60&start=0&isSecondPage=false&pid=authentic-denim-short-38865&pos=34,"https://media.whistles.com/image/upload/f_auto,q_auto,dpr_auto/w_600/wh-catalog/images/02403886512/whistles-authentic-denim-short-denim-01?_i=AG",Petite Authentic Denim Short,£55.20,£69,
36,Whistles,Skirts,Black,https://www.whistles.com/product/floral-sequin-midi-skirt-39258.html#cgid=Petite_Clothing_WW&is=false&sz=60&start=0&isSecondPage=false&pid=floral-sequin-midi-skirt-39258&pos=35,"https://media.whistles.com/image/upload/f_auto,q_auto,dpr_auto/w_600/wh-catalog/images/02403925802/whistles-floral-sequin-midi-skirt-black-multi-01?_i=AG",Black Petite Floral Sequin Midi Skirt,£111.20,£139,
37,Whistles,Coats & Jackets,Black,https://www.whistles.com/product/faux-fur-gilet-37669.html#cgid=Petite_Clothing_WW&is=false&sz=60&start=0&isSecondPage=false&pid=faux-fur-gilet-37669&pos=36,"https://media.whistles.com/image/upload/f_auto,q_auto,dpr_auto/w_600/wh-catalog/images/02403766901/whistles-faux-fur-gilet-black-01?_i=AG",Black Petite Faux Fur Gilet,£119.20,£149,
38,Whistles,Skirts,Black,https://www.whistles.com/product/rachel-patent-leather-skirt-37432.html#cgid=Petite_Clothing_WW&is=false&sz=60&start=0&isSecondPage=false&pid=rachel-patent-leather-skirt-37432&pos=37,"https://media.whistles.com/image/upload/f_auto,q_auto,dpr_auto/w_600/wh-catalog/images/02403743201/whistles-rachel-patent-leather-skirt-black-01?_i=AG",Black Petite Rachel Patent Leather Skirt,£239.20,£299,
39,Whistles,Jeans,Blue,https://www.whistles.com/product/authentic-barrel-leg-jean-37694.html#cgid=Petite_Clothing_WW&is=false&sz=60&start=0&isSecondPage=false&pid=authentic-barrel-leg-jean-37694&pos=38,"https://media.whistles.com/image/upload/f_auto,q_auto,dpr_auto/w_600/wh-catalog/images/02403769412/whistles-authentic-barrel-leg-jean-denim-01?_i=AG",Denim Petite Authentic Barrel Leg Jean,£76,£95,
40,Whistles,Dresses,Blue,https://www.whistles.com/product/amelia-wool-knitted-dress-37270.html#cgid=Petite_Clothing_WW&is=false&sz=60&start=0&isSecondPage=false&pid=amelia-wool-knitted-dress-37270&pos=39,"https://media.whistles.com/image/upload/f_auto,q_auto,dpr_auto/w_600/wh-catalog/images/02403727000/whistles-amelia-wool-knitted-dress-navy-01?_i=AG",Navy Petite Amelia Wool Knitted Dress,£111.20,£139,
41,Whistles,Knitwear,Black,https://www.whistles.com/product/cashmere-roll-neck-37272.html#cgid=Petite_Clothing_WW&is=false&sz=60&start=0&isSecondPage=false&pid=cashmere-roll-neck-37272&pos=40,"https://media.whistles.com/image/upload/f_auto,q_auto,dpr_auto/w_600/wh-catalog/images/01203709200/whistles-cashmere-roll-neck-black-01?_i=AG",Black Petite Cashmere Roll Neck,£159.20,£199,
42,Whistles,Dresses,Gray,https://www.whistles.com/product/ava-round-neck-knitted-dress-39090.html#cgid=Petite_Clothing_WW&is=false&sz=60&start=0&isSecondPage=false&pid=ava-round-neck-knitted-dress-39090&pos=41,"https://media.whistles.com/image/upload/f_auto,q_auto,dpr_auto/w_600/wh-catalog/images/02403909032/whistles-ava-round-neck-knitted-dress-grey-01?_i=AG",Grey Petite Ava Round Neck Knitted Dress,£119.20,£149,
43,Whistles,Trousers,Black,https://www.whistles.com/product/lila-ponte-trouser-37392.html#cgid=Petite_Clothing_WW&is=false&sz=60&start=0&isSecondPage=false&pid=lila-ponte-trouser-37392&pos=42,"https://media.whistles.com/image/upload/f_auto,q_auto,dpr_auto/w_600/wh-catalog/images/02403739201/whistles-lila-ponte-trouser-black-01?_i=AG",Black Petite Lila Ponte Trouser,£79.20,£99,
44,Whistles,Coats & Jackets,Black,https://www.whistles.com/product/lorna-wrap-wool-coat-37314.html#cgid=Petite_Clothing_WW&is=false&sz=60&start=0&isSecondPage=false&pid=lorna-wrap-wool-coat-37314&pos=43,"https://media.whistles.com/image/upload/f_auto,q_auto,dpr_auto/w_600/wh-catalog/images/02403731400/whistles-lorna-wrap-coat-black-01?_i=AG",Black Petite Lorna Wrap Wool Coat,£263.20,£329,
45,Whistles,Trousers,Khaki,https://www.whistles.com/product/super-stretch-trouser-38063.html#cgid=Petite_Clothing_WW&is=false&sz=60&start=0&isSecondPage=false&pid=super-stretch-trouser-38063&pos=44,"https://media.whistles.com/image/upload/f_auto,q_auto,dpr_auto/w_600/wh-catalog/images/02403806328/whistles-super-stretch-trouser-khaki-01?_i=AG",Khaki Petite Super Stretch Trouser,£79.20,£99,
46,Whistles,Tops,Black,https://www.whistles.com/product/lindsey-linen-blend-waistcoat-38614.html#cgid=Petite_Clothing_WW&is=false&sz=60&start=0&isSecondPage=false&pid=lindsey-linen-blend-waistcoat-38614&pos=45,"https://media.whistles.com/image/upload/f_auto,q_auto,dpr_auto/w_600/wh-catalog/images/02403861401/whistles-lindsey-linen-waistcoat-black-01?_i=AG",Black Petite Lindsey Linen Blend Waistcoat,£79.20,£99,
47,Whistles,Coats & Jackets,Blue,https://www.whistles.com/product/amalia-longline-coat-37783.html#cgid=Petite_Clothing_WW&is=false&sz=60&start=0&isSecondPage=false&pid=amalia-longline-coat-37783&pos=46,"https://media.whistles.com/image/upload/f_auto,q_auto,dpr_auto/w_600/wh-catalog/images/02403778390/whistles-amalia-longline-coat-navy-01?_i=AG",Navy Petite Amalia Longline Coat,£231.20,£289,
48,Whistles,Dresses,Black,https://www.whistles.com/product/avery-smocked-dress-38610.html#cgid=Petite_Clothing_WW&is=false&sz=60&start=0&isSecondPage=false&pid=avery-smocked-dress-38610&pos=47,"https://media.whistles.com/image/upload/f_auto,q_auto,dpr_auto/w_600/wh-catalog/images/02403861001/whistles-avery-smocked-dress-black-01?_i=AG",Black Petite Avery Smocked Dress,£119.20,£149,
49,Whistles,Trousers,Khaki,https://www.whistles.com/product/bethany-barrel-leg-trouser-38608.html#cgid=Petite_Clothing_WW&is=false&sz=60&start=0&isSecondPage=false&pid=bethany-barrel-leg-trouser-38608&pos=48,"https://media.whistles.com/image/upload/f_auto,q_auto,dpr_auto/w_600/wh-catalog/images/02403860828/whistles-bethany-barrel-leg-trouser-khaki-01?_i=AG",Khaki Petite Bethany Barrel Leg Trouser,£79.20,£99,
50,Whistles,Skirts,Red,https://www.whistles.com/product/abigail-tailored-midi-skirt-38215.html#cgid=Petite_Clothing_WW&is=false&sz=60&start=0&isSecondPage=false&pid=abigail-tailored-midi-skirt-38215&pos=49,"https://media.whistles.com/image/upload/f_auto,q_auto,dpr_auto/w_600/wh-catalog/images/02403821501/whistles-abigail-tailored-midi-skirt-black-01?_i=AG",Black Petite Abigail Tailored Midi Skirt,£79.20,£99,
51,Whistles,Jumpsuits & Playsuits,Blue,https://www.whistles.com/product/alana-denim-jumpsuit-38340.html#cgid=Petite_Clothing_WW&is=false&sz=60&start=0&isSecondPage=false&pid=alana-denim-jumpsuit-38340&pos=50,"https://media.whistles.com/image/upload/f_auto,q_auto,dpr_auto/w_600/wh-catalog/images/02403834080/whistles-alana-denim-jumpsuit-ivory-01?_i=AG",Ivory Petite Alana Denim Jumpsuit,£119.20,£149,
52,Whistles,Skirts,Blue,https://www.whistles.com/product/straight-denim-midi-skirt-38125.html#cgid=Petite_Clothing_WW&is=false&sz=60&start=0&isSecondPage=false&pid=straight-denim-midi-skirt-38125&pos=51,"https://media.whistles.com/image/upload/f_auto,q_auto,dpr_auto/w_600/wh-catalog/images/024038125115/whistles-straight-denim-midi-skirt-washed-black-01?_i=AG",Washed Black Petite Straight Denim Midi Skirt,£71.20,£89,
53,Whistles,Blazer,Cream,https://www.whistles.com/product/crepe-boyfriend-blazer-36817.html#cgid=Petite_Clothing_WW&is=false&sz=60&start=0&isSecondPage=false&pid=crepe-boyfriend-blazer-36817&pos=52,"https://media.whistles.com/image/upload/f_auto,q_auto,dpr_auto/w_600/wh-catalog/images/02403681752/whistles-crepe-boyfriend-blazer-neutral-01?_i=AG",Neutral Petite Crepe Boyfriend Blazer,£127.20,£159,
54,Whistles,Tops,Black,https://www.whistles.com/product/stripe-relaxed-fit-shirt-38551.html#cgid=Petite_Clothing_WW&is=false&sz=60&start=0&isSecondPage=false&pid=stripe-relaxed-fit-shirt-38551&pos=53,"https://media.whistles.com/image/upload/f_auto,q_auto,dpr_auto/w_600/wh-catalog/images/02403855197/whistles-relaxed-fit-stripe-shirt-black-white-01?_i=AG",Black Petite Stripe Relaxed Fit Shirt,£63.20,£79,
55,Whistles,Jeans,Blue,https://www.whistles.com/product/stretch-barrel-leg-jean-39587.html#cgid=Petite_Clothing_WW&is=false&sz=60&start=0&isSecondPage=false&pid=stretch-barrel-leg-jean-39587&pos=54,"https://media.whistles.com/image/upload/f_auto,q_auto,dpr_auto/w_600/wh-catalog/images/00703321912/whistles-stretch-barrel-leg-jean-denim-01?_i=AG",Denim Petite Stretch Barrel Leg Jean,£76,£95,
56,Whistles,Coats & Jackets,Cream,https://www.whistles.com/product/riley-trench-coat-36861.html#cgid=Petite_Clothing_WW&is=false&sz=60&start=0&isSecondPage=false&pid=riley-trench-coat-36861&pos=55,"https://media.whistles.com/image/upload/f_auto,q_auto,dpr_auto/w_600/wh-catalog/images/02403686152/whistles-riley-trench-coat-neutral-01?_i=AG",Neutral Petite Riley Trench Coat,£159.20,£199,
57,Whistles,Tops,Blue,https://www.whistles.com/product/lottie-pinstripe-waistcoat-38730.html#cgid=Petite_Clothing_WW&is=false&sz=60&start=0&isSecondPage=false&pid=lottie-pinstripe-waistcoat-38730&pos=56,"https://media.whistles.com/image/upload/f_auto,q_auto,dpr_auto/w_600/wh-catalog/images/02403873003/whistles-lottie-pinstripe-waistcoat-navy-multi-01?_i=AG",Navy Petite Lottie Pinstripe Waistcoat,£79.20,£99,
58,Whistles,Trousers,Black,https://www.whistles.com/product/linen-pocket-trouser-38285.html#cgid=Petite_Clothing_WW&is=false&sz=60&start=0&isSecondPage=false&pid=linen-pocket-trouser-38285&pos=57,"https://media.whistles.com/image/upload/f_auto,q_auto,dpr_auto/w_600/wh-catalog/images/02403828501/whistles-linen-pocket-trouser-black-01?_i=AG",Black Petite Linen Pocket Trouser,£79.20,£99,
59,Whistles,Trousers,Cream,https://www.whistles.com/product/linen-barrel-leg-trouser-38288.html#cgid=Petite_Clothing_WW&is=false&sz=60&start=0&isSecondPage=false&pid=linen-barrel-leg-trouser-38288&pos=58,"https://media.whistles.com/image/upload/f_auto,q_auto,dpr_auto/w_600/wh-catalog/images/02403828877/whistles-linen-barrel-leg-trouser-oatmeal-01?_i=AG",Oatmeal Petite Linen Barrel Leg Trouser,£79.20,£99,
60,Whistles,Jumpsuits & Playsuits,Black,https://www.whistles.com/product/remmie-jumpsuit-38560.html#navAjax=true&imageType=model&is=false&sz=60&start=59&cgid=Petite_Clothing_WW&isSecondPage=false&pid=remmie-jumpsuit-38560&pos=59,"https://media.whistles.com/image/upload/f_auto,q_auto,dpr_auto/w_600/wh-catalog/images/02403856001/whistles-remmie-jumpsuit-black-01?_i=AG",Black Petite Remmie Jumpsuit,£100,£125,
61,Whistles,Jeans,White,https://www.whistles.com/product/authentic-barrel-leg-jean-38343.html#navAjax=true&imageType=model&is=false&sz=60&start=59&cgid=Petite_Clothing_WW&isSecondPage=false&pid=authentic-barrel-leg-jean-38343&pos=60,"https://media.whistles.com/image/upload/f_auto,q_auto,dpr_auto/w_600/wh-catalog/images/02403834376/whistles-authentic-barrel-leg-jean-white-01?_i=AG",White Petite Authentic Barrel Leg Jean,£76,£95,
62,Whistles,Tops,Green,https://www.whistles.com/product/nicola-button-through-shirt-36836.html#navAjax=true&imageType=model&is=false&sz=60&start=59&cgid=Petite_Clothing_WW&isSecondPage=false&pid=nicola-button-through-shirt-36836&pos=61,"https://media.whistles.com/image/upload/f_auto,q_auto,dpr_auto/w_600/wh-catalog/images/02403683623/whistles-nicola-button-through-shirt-green-01?_i=AG",Green Petite Nicola Button Through Shirt,£55.20,£69,
63,Whistles,Trousers,Black,https://www.whistles.com/product/ultimate-full-length-trouser-37928.html#navAjax=true&imageType=model&is=false&sz=60&start=59&cgid=Petite_Clothing_WW&isSecondPage=false&pid=ultimate-full-length-trouser-37928&pos=62,"https://media.whistles.com/image/upload/f_auto,q_auto,dpr_auto/w_600/wh-catalog/images/02403792801/whistles-ultimate-full-length-trouser-black-01?_i=AG",Black Petite Ultimate Full Length Trouser,£95.20,£119,
64,Whistles,Coats & Jackets,Khaki,https://www.whistles.com/product/riley-trench-coat-38281.html#navAjax=true&imageType=model&is=false&sz=60&start=59&cgid=Petite_Clothing_WW&isSecondPage=false&pid=riley-trench-coat-38281&pos=63,"https://media.whistles.com/image/upload/f_auto,q_auto,dpr_auto/w_600/wh-catalog/images/02403828128/whistles-riley-trench-coat-khaki-01?_i=AG",Khaki Petite Riley Trench Coat,£159.20,£199,
65,Whistles,Trousers,Blue,https://www.whistles.com/product/lottie-pinstripe-trouser-38732.html#navAjax=true&imageType=model&is=false&sz=60&start=59&cgid=Petite_Clothing_WW&isSecondPage=false&pid=lottie-pinstripe-trouser-38732&pos=64,"https://media.whistles.com/image/upload/f_auto,q_auto,dpr_auto/w_600/wh-catalog/images/02403873203/whistles-lottie-pinstripe-trouser-navy-multi-01?_i=AG",Navy Petite Lottie Pinstripe Trouser,£87.20,£109,
66,Whistles,Jeans,Blue,https://www.whistles.com/product/authentic-barrel-leg-jean-37181.html#navAjax=true&imageType=model&is=false&sz=60&start=59&cgid=Petite_Clothing_WW&isSecondPage=false&pid=authentic-barrel-leg-jean-37181&pos=65,"https://media.whistles.com/image/upload/f_auto,q_auto,dpr_auto/w_600/wh-catalog/images/02403718100/whistles-authentic-barrel-leg-jean-light-wash-01?_i=AG",Light Wash Petite Authentic Barrel Leg Jean,£76,£95,
67,Whistles,Trousers,Black,https://www.whistles.com/product/tessa-casual-trouser-38001.html#navAjax=true&imageType=model&is=false&sz=60&start=59&cgid=Petite_Clothing_WW&isSecondPage=false&pid=tessa-casual-trouser-38001&pos=66,"https://media.whistles.com/image/upload/f_auto,q_auto,dpr_auto/w_600/wh-catalog/images/02403800101/whistles-tessa-casual-trouser-black-01?_i=AG",Black Petite Tessa Casual Trouser,£71.20,£89,
68,Whistles,Jeans,Blue,https://www.whistles.com/product/authentic-raya-straight-jean-37753.html#navAjax=true&imageType=model&is=false&sz=60&start=59&cgid=Petite_Clothing_WW&isSecondPage=false&pid=authentic-raya-straight-jean-37753&pos=67,"https://media.whistles.com/image/upload/f_auto,q_auto,dpr_auto/w_600/wh-catalog/images/02403775312/whistles-authentic-raya-straight-jean-denim-01?_i=AG",Denim Petite Authentic Raya Straight Jean,£87.20,£109,
69,Whistles,Jeans,Blue,https://www.whistles.com/product/authentic-hollie-button-jean-37172.html#navAjax=true&imageType=model&is=false&sz=60&start=59&cgid=Petite_Clothing_WW&isSecondPage=false&pid=authentic-hollie-button-jean-37172&pos=68,"https://media.whistles.com/image/upload/f_auto,q_auto,dpr_auto/w_600/wh-catalog/images/02403717200/whistles-authentic-hollie-button-jean-denim-01?_i=AG",Denim Petite Authentic Hollie Button Jean,£79.20,£99,
70,Whistles,Jeans,Black,https://www.whistles.com/product/authentic-hollie-button-jean-37177.html#navAjax=true&imageType=model&is=false&sz=60&start=59&cgid=Petite_Clothing_WW&isSecondPage=false&pid=authentic-hollie-button-jean-37177&pos=69,"https://media.whistles.com/image/upload/f_auto,q_auto,dpr_auto/w_600/wh-catalog/images/02403717700/whistles-authentic-hollie-button-jean-black-01?_i=AG",Black Petite Authentic Hollie Button Jean,£79.20,£99,
71,Whistles,Coats & Jackets,Burgundy,https://www.whistles.com/product/lorna-wrap-wool-coat-37696.html#navAjax=true&imageType=model&is=false&sz=60&start=59&cgid=Petite_Clothing_WW&isSecondPage=false&pid=lorna-wrap-wool-coat-37696&pos=70,"https://media.whistles.com/image/upload/f_auto,q_auto,dpr_auto/w_600/wh-catalog/images/02403769675/whistles-lorna-wrap-wool-coat-burgundy-01?_i=AG",Burgundy Petite Lorna Wrap Wool Coat,£263.20,£329,
72,Whistles,Shorts,Blue,https://www.whistles.com/product/short-sleeve-denim-jumpsuit-38293.html#navAjax=true&imageType=model&is=false&sz=60&start=59&cgid=Petite_Clothing_WW&isSecondPage=false&pid=short-sleeve-denim-jumpsuit-38293&pos=71,"https://media.whistles.com/image/upload/f_auto,q_auto,dpr_auto/w_600/wh-catalog/images/02403829312/whistles-short-sleeve-denim-jumpsuit-denim-01?_i=AG",Denim Petite Short Sleeve Denim Jumpsuit,£119.20,£149,
73,Whistles,Jumpsuits & Playsuits,Blue,https://www.whistles.com/product/alana-denim-jumpsuit-36806.html#navAjax=true&imageType=model&is=false&sz=60&start=59&cgid=Petite_Clothing_WW&isSecondPage=false&pid=alana-denim-jumpsuit-36806&pos=72,"https://media.whistles.com/image/upload/f_auto,q_auto,dpr_auto/w_600/wh-catalog/images/02403680612/whistles-alana-denim-jumpsuit-denim-01?_i=AG",Petite Alana Denim Jumpsuit,£111.20,£139,
74,Whistles,Dresses,Green,https://www.whistles.com/product/linked-smudge-heidi-dress-38471.html#navAjax=true&imageType=model&is=false&sz=60&start=59&cgid=Petite_Clothing_WW&isSecondPage=false&pid=linked-smudge-heidi-dress-38471&pos=73,"https://media.whistles.com/image/upload/f_auto,q_auto,dpr_auto/w_600/wh-catalog/images/02403847125/whistles-linked-smudge-heidi-dress-green-multi-01?_i=AG",Green Petite Linked Smudge Heidi Dress,£79.20,£149,30% off
75,Whistles,Blazer,Black,https://www.whistles.com/product/lindsey-linen-blend-blazer-38578.html#navAjax=true&imageType=model&is=false&sz=60&start=59&cgid=Petite_Clothing_WW&isSecondPage=false&pid=lindsey-linen-blend-blazer-38578&pos=74,"https://media.whistles.com/image/upload/f_auto,q_auto,dpr_auto/w_600/wh-catalog/images/02403857801/whistles-lindsey-linen-blend-blazer-black-01?_i=AG",Black Petite Lindsey Linen Blend Blazer,£47.20,£149,60% off
76,Whistles,Trousers,Green,https://www.whistles.com/product/alex-stripe-trouser-38314.html#navAjax=true&imageType=model&is=false&sz=60&start=59&cgid=Petite_Clothing_WW&isSecondPage=false&pid=alex-stripe-trouser-38314&pos=75,"https://media.whistles.com/image/upload/f_auto,q_auto,dpr_auto/w_600/wh-catalog/images/02403831425/whistles-alex-stripe-trouser-green-multi-01?_i=AG",Green Petite Alex Stripe Trouser,£31.20,£99,60% off
77,Whistles,Dresses,Green,https://www.whistles.com/product/checkerboard-tiger-print-dress-38569.html#navAjax=true&imageType=model&is=false&sz=60&start=59&cgid=Petite_Clothing_WW&isSecondPage=false&pid=checkerboard-tiger-print-dress-38569&pos=76,"https://media.whistles.com/image/upload/f_auto,q_auto,dpr_auto/w_600/wh-catalog/images/02403856925/whistles-checkerboard-tiger-dress-green-multi-01?_i=AG",Green Petite Checkerboard Tiger Print Dress,£52,£119,45% off
78,Whistles,Dresses,Red,https://www.whistles.com/product/ribbed-knitted-midi-dress-38016.html#navAjax=true&imageType=model&is=false&sz=60&start=59&cgid=Petite_Clothing_WW&isSecondPage=false&pid=ribbed-knitted-midi-dress-38016&pos=77,"https://media.whistles.com/image/upload/f_auto,q_auto,dpr_auto/w_600/wh-catalog/images/02403801672/whistles-ribbed-midi-knit-dress-red-01?_i=AG",Red Petite Ribbed Knitted Midi Dress,£63.20,£159,50% off
79,Whistles,Dresses,Red,https://www.whistles.com/product/arie-hammered-satin-midi-dress-38366.html#navAjax=true&imageType=model&is=false&sz=60&start=59&cgid=Petite_Clothing_WW&isSecondPage=false&pid=arie-hammered-satin-midi-dress-38366&pos=78,"https://media.whistles.com/image/upload/f_auto,q_auto,dpr_auto/w_600/wh-catalog/images/024038366125/whistles-hammered-satin-dress-cobalt-blue-01?_i=AG",Cobalt Blue Petite Arie Hammered Satin Midi Dress,£60,£189,60% off
80,Whistles,Dresses,Red,https://www.whistles.com/product/riley-floral-shirred-dress-38507.html#navAjax=true&imageType=model&is=false&sz=60&start=59&cgid=Petite_Clothing_WW&isSecondPage=false&pid=riley-floral-shirred-dress-38507&pos=79,"https://media.whistles.com/image/upload/f_auto,q_auto,dpr_auto/w_600/wh-catalog/images/02403850702/whistles-riley-floral-flippy-dress-black-multi-01?_i=AG",Black Petite Riley Floral Shirred Dress,£47.20,£149,60% off
81,Whistles,Tops,Gray,https://www.whistles.com/product/sequin-minimal-tunic-top-37806.html#navAjax=true&imageType=model&is=false&sz=60&start=59&cgid=Petite_Clothing_WW&isSecondPage=false&pid=sequin-minimal-tunic-top-37806&pos=80,"https://media.whistles.com/image/upload/f_auto,q_auto,dpr_auto/w_600/wh-catalog/images/02403780635/whistles-sequin-minimal-tunic-top-silver-01?_i=AG",Silver Petite Sequin Minimal Tunic Top,£60,£129,40% off
82,Whistles,Jumpsuits & Playsuits,Green,https://www.whistles.com/product/linked-smudge-lorna-jumpsuit-38607.html#navAjax=true&imageType=model&is=false&sz=60&start=59&cgid=Petite_Clothing_WW&isSecondPage=false&pid=linked-smudge-lorna-jumpsuit-38607&pos=81,"https://media.whistles.com/image/upload/f_auto,q_auto,dpr_auto/w_600/wh-catalog/images/02403860725/whistles-linked-smudge-lorna-jumpsuit-green-multi-01?_i=AG",Green Petite Linked Smudge Lorna Jumpsuit,£71.20,£135,30% off
83,Whistles,Dresses,Red,https://www.whistles.com/product/scattered-hearts-flippy-dress-37939.html#navAjax=true&imageType=model&is=false&sz=60&start=59&cgid=Petite_Clothing_WW&isSecondPage=false&pid=scattered-hearts-flippy-dress-37939&pos=82,"https://media.whistles.com/image/upload/f_auto,q_auto,dpr_auto/w_600/wh-catalog/images/02403793902/whistles-heart-print-midi-dress-black-multi-01?_i=AG",Black Petite Scattered Hearts Flippy Dress,£60,£149,45% off
84,Whistles,Jumpsuits & Playsuits,Black,https://www.whistles.com/product/andrea-jumpsuit-38062.html#navAjax=true&imageType=model&is=false&sz=60&start=59&cgid=Petite_Clothing_WW&isSecondPage=false&pid=andrea-jumpsuit-38062&pos=83,"https://media.whistles.com/image/upload/f_auto,q_auto,dpr_auto/w_600/wh-catalog/images/01803799401/whistles-andrea-jumpsuit-black-01?_i=AG",Black Petite Andrea Jumpsuit,£79.20,£169,40% off
85,Whistles,Dresses,Blue,https://www.whistles.com/product/painted-leopard-amelia-dress-36803.html#navAjax=true&imageType=model&is=false&sz=60&start=59&cgid=Petite_Clothing_WW&isSecondPage=false&pid=painted-leopard-amelia-dress-36803&pos=84,"https://media.whistles.com/image/upload/f_auto,q_auto,dpr_auto/w_600/wh-catalog/images/02403680308/whistles-painted-leopard-amelia-dress-blue-multi-01?_i=AG",Blue Petite Painted Leopard Amelia Dress,£79.20,£159,35% off
86,Whistles,Tops,Green,https://www.whistles.com/product/alex-stripe-shirt-38315.html#navAjax=true&imageType=model&is=false&sz=60&start=59&cgid=Petite_Clothing_WW&isSecondPage=false&pid=alex-stripe-shirt-38315&pos=85,"https://media.whistles.com/image/upload/f_auto,q_auto,dpr_auto/w_600/wh-catalog/images/02403831525/whistles-alex-stripe-shirt-green-multi-01?_i=AG",Green Petite Alex Stripe Shirt,£28,£89,60% off
87,Whistles,Dresses,Pink,https://www.whistles.com/product/mottled-leopard-midi-dress-38057.html#navAjax=true&imageType=model&is=false&sz=60&start=59&cgid=Petite_Clothing_WW&isSecondPage=false&pid=mottled-leopard-midi-dress-38057&pos=86,"https://media.whistles.com/image/upload/f_auto,q_auto,dpr_auto/w_600/wh-catalog/images/02403805760/whistles-mottled-leopard-midi-dress-pink-multi-01?_i=AG",Pink Petite Mottled Leopard Midi Dress,£60,£169,55% off
88,Whistles,Skirts,Black,https://www.whistles.com/product/velvet-curved-hem-mini-skirt-37688.html#navAjax=true&imageType=model&is=false&sz=60&start=59&cgid=Petite_Clothing_WW&isSecondPage=false&pid=velvet-curved-hem-mini-skirt-37688&pos=87,"https://media.whistles.com/image/upload/f_auto,q_auto,dpr_auto/w_600/wh-catalog/images/02403768801/whistles-velvet-curved-hem-mini-skirt-black-01?_i=AG",Black Petite Velvet Curved Hem Mini Skirt,£47.20,£99,40% off
89,Whistles,Skirts,Blue,https://www.whistles.com/product/satin-bias-cut-skirt-37388.html#navAjax=true&imageType=model&is=false&sz=60&start=59&cgid=Petite_Clothing_WW&isSecondPage=false&pid=satin-bias-cut-skirt-37388&pos=88,"https://media.whistles.com/image/upload/f_auto,q_auto,dpr_auto/w_600/wh-catalog/images/02403738890/whistles-satin-bias-cut-skirt-navy-01?_i=AG",Navy Petite Satin Bias Cut Skirt,£47.20,£99,40% off
90,Whistles,Blazer,Camel,https://www.whistles.com/product/nina-double-breasted-blazer-37936.html#navAjax=true&imageType=model&is=false&sz=60&start=59&cgid=Petite_Clothing_WW&isSecondPage=false&pid=nina-double-breasted-blazer-37936&pos=89,"https://media.whistles.com/image/upload/f_auto,q_auto,dpr_auto/w_600/wh-catalog/images/02403793619/whistles-nina-double-breasted-blazer-taupe-01?_i=AG",Taupe Petite Nina Double Breasted Blazer,£87.20,£169,35% off
91,Whistles,Dresses,Black,https://www.whistles.com/product/coffee-bean-tie-jersey-dress-38076.html#navAjax=true&imageType=model&is=false&sz=60&start=59&cgid=Petite_Clothing_WW&isSecondPage=false&pid=coffee-bean-tie-jersey-dress-38076&pos=90,"https://media.whistles.com/image/upload/f_auto,q_auto,dpr_auto/w_600/wh-catalog/images/02403807602/whistles-coffee-bean-tie-midi-dress-black-multi-01?_i=AG",Black Petite Coffee Bean Tie Jersey Dress,£44,£119,50% off
92,Whistles,Tops,Blue,https://www.whistles.com/product/mia-metallic-dobby-top-37495.html#navAjax=true&imageType=model&is=false&sz=60&start=59&cgid=Petite_Clothing_WW&isSecondPage=false&pid=mia-metallic-dobby-top-37495&pos=91,"https://media.whistles.com/image/upload/f_auto,q_auto,dpr_auto/w_600/wh-catalog/images/02403749503/whistles-mia-metallic-dobby-top-navy-multi-01?_i=AG",Navy Petite Mia Metallic Dobby Top,£52,£109,40% off
